employee_id,predicted_probability,predicted_enrollment,risk_category,recommended_action
12324,0.0,0,High Risk,Personalized phone call with HR and benefits explanation
17825,0.97,1,Low Risk,Standard enrollment notification
15200,0.98,1,Low Risk,Standard enrollment notification
16690,0.92,1,Low Risk,Standard enrollment notification
17465,0.31,0,Medium Risk,Reminder email with enrollment benefits
17727,0.0,0,High Risk,Personalized phone call with HR and benefits explanation
13582,0.99,1,Low Risk,Standard enrollment notification
17068,0.99,1,Low Risk,Standard enrollment notification
16183,0.97,1,Low Risk,Standard enrollment notification
16268,0.99,1,Low Risk,Standard enrollment notification
13259,0.05,0,High Risk,Personalized phone call with HR and benefits explanation
16594,0.0,0,High Risk,Personalized phone call with HR and benefits explanation
10053,0.02,0,High Risk,Personalized phone call with HR and benefits explanation
16645,0.01,0,High Risk,Personalized phone call with HR and benefits explanation
17214,0.01,0,High Risk,Personalized phone call with HR and benefits explanation
11443,0.88,1,Low Risk,Standard enrollment notification
14119,0.09,0,High Risk,Personalized phone call with HR and benefits explanation
15060,1.0,1,Low Risk,Standard enrollment notification
19320,0.98,1,Low Risk,Standard enrollment notification
17481,0.07,0,High Risk,Personalized phone call with HR and benefits explanation
18558,0.0,0,High Risk,Personalized phone call with HR and benefits explanation
10681,0.99,1,Low Risk,Standard enrollment notification
15895,0.96,1,Low Risk,Standard enrollment notification
18695,1.0,1,Low Risk,Standard enrollment notification
11798,1.0,1,Low Risk,Standard enrollment notification
10762,0.0,0,High Risk,Personalized phone call with HR and benefits explanation
16591,0.0,0,High Risk,Personalized phone call with HR and benefits explanation
11313,0.08,0,High Risk,Personalized phone call with HR and benefits explanation
19134,1.0,1,Low Risk,Standard enrollment notification
12737,0.11,0,High Risk,Personalized phone call with HR and benefits explanation
12763,0.96,1,Low Risk,Standard enrollment notification
14248,1.0,1,Low Risk,Standard enrollment notification
10066,0.03,0,High Risk,Personalized phone call with HR and benefits explanation
13874,0.98,1,Low Risk,Standard enrollment notification
13878,0.98,1,Low Risk,Standard enrollment notification
14144,1.0,1,Low Risk,Standard enrollment notification
12171,0.86,1,Low Risk,Standard enrollment notification
16079,0.98,1,Low Risk,Standard enrollment notification
13661,0.99,1,Low Risk,Standard enrollment notification
13004,1.0,1,Low Risk,Standard enrollment notification
17495,0.0,0,High Risk,Personalized phone call with HR and benefits explanation
16934,1.0,1,Low Risk,Standard enrollment notification
10602,0.93,1,Low Risk,Standard enrollment notification
14706,0.05,0,High Risk,Personalized phone call with HR and benefits explanation
11498,1.0,1,Low Risk,Standard enrollment notification
11588,0.98,1,Low Risk,Standard enrollment notification
18723,0.07,0,High Risk,Personalized phone call with HR and benefits explanation
10949,1.0,1,Low Risk,Standard enrollment notification
11986,0.16,0,High Risk,Personalized phone call with HR and benefits explanation
18135,0.01,0,High Risk,Personalized phone call with HR and benefits explanation
10724,1.0,1,Low Risk,Standard enrollment notification
12676,0.99,1,Low Risk,Standard enrollment notification
12653,0.95,1,Low Risk,Standard enrollment notification
18945,0.85,1,Low Risk,Standard enrollment notification
17867,0.24,0,High Risk,Personalized phone call with HR and benefits explanation
17103,0.01,0,High Risk,Personalized phone call with HR and benefits explanation
12247,1.0,1,Low Risk,Standard enrollment notification
16531,1.0,1,Low Risk,Standard enrollment notification
15297,1.0,1,Low Risk,Standard enrollment notification
18661,0.02,0,High Risk,Personalized phone call with HR and benefits explanation
16205,0.95,1,Low Risk,Standard enrollment notification
17646,0.04,0,High Risk,Personalized phone call with HR and benefits explanation
18556,1.0,1,Low Risk,Standard enrollment notification
12675,0.91,1,Low Risk,Standard enrollment notification
17301,0.03,0,High Risk,Personalized phone call with HR and benefits explanation
12285,0.98,1,Low Risk,Standard enrollment notification
13295,0.0,0,High Risk,Personalized phone call with HR and benefits explanation
14415,0.01,0,High Risk,Personalized phone call with HR and benefits explanation
13946,0.0,0,High Risk,Personalized phone call with HR and benefits explanation
12035,0.99,1,Low Risk,Standard enrollment notification
17150,0.01,0,High Risk,Personalized phone call with HR and benefits explanation
19116,0.99,1,Low Risk,Standard enrollment notification
18649,0.99,1,Low Risk,Standard enrollment notification
11437,0.1,0,High Risk,Personalized phone call with HR and benefits explanation
15931,0.99,1,Low Risk,Standard enrollment notification
13855,0.05,0,High Risk,Personalized phone call with HR and benefits explanation
13621,1.0,1,Low Risk,Standard enrollment notification
19727,0.02,0,High Risk,Personalized phone call with HR and benefits explanation
13831,0.05,0,High Risk,Personalized phone call with HR and benefits explanation
14445,1.0,1,Low Risk,Standard enrollment notification
13086,0.99,1,Low Risk,Standard enrollment notification
16243,0.98,1,Low Risk,Standard enrollment notification
19939,1.0,1,Low Risk,Standard enrollment notification
16387,0.01,0,High Risk,Personalized phone call with HR and benefits explanation
11593,1.0,1,Low Risk,Standard enrollment notification
18838,1.0,1,Low Risk,Standard enrollment notification
15513,0.98,1,Low Risk,Standard enrollment notification
17447,0.0,0,High Risk,Personalized phone call with HR and benefits explanation
11173,0.97,1,Low Risk,Standard enrollment notification
12322,0.03,0,High Risk,Personalized phone call with HR and benefits explanation
19209,0.94,1,Low Risk,Standard enrollment notification
17011,0.07,0,High Risk,Personalized phone call with HR and benefits explanation
14320,0.98,1,Low Risk,Standard enrollment notification
10271,0.09,0,High Risk,Personalized phone call with HR and benefits explanation
17735,0.99,1,Low Risk,Standard enrollment notification
12999,1.0,1,Low Risk,Standard enrollment notification
16772,0.05,0,High Risk,Personalized phone call with HR and benefits explanation
10012,0.99,1,Low Risk,Standard enrollment notification
12259,0.99,1,Low Risk,Standard enrollment notification
13384,1.0,1,Low Risk,Standard enrollment notification
18669,1.0,1,Low Risk,Standard enrollment notification
11430,0.01,0,High Risk,Personalized phone call with HR and benefits explanation
12462,0.96,1,Low Risk,Standard enrollment notification
13319,0.96,1,Low Risk,Standard enrollment notification
15298,1.0,1,Low Risk,Standard enrollment notification
17755,1.0,1,Low Risk,Standard enrollment notification
11236,1.0,1,Low Risk,Standard enrollment notification
10676,0.95,1,Low Risk,Standard enrollment notification
12238,0.0,0,High Risk,Personalized phone call with HR and benefits explanation
18377,0.0,0,High Risk,Personalized phone call with HR and benefits explanation
15046,1.0,1,Low Risk,Standard enrollment notification
13062,0.03,0,High Risk,Personalized phone call with HR and benefits explanation
10037,0.01,0,High Risk,Personalized phone call with HR and benefits explanation
15293,1.0,1,Low Risk,Standard enrollment notification
17744,0.07,0,High Risk,Personalized phone call with HR and benefits explanation
15171,0.04,0,High Risk,Personalized phone call with HR and benefits explanation
12036,1.0,1,Low Risk,Standard enrollment notification
15121,0.98,1,Low Risk,Standard enrollment notification
11666,0.06,0,High Risk,Personalized phone call with HR and benefits explanation
17427,0.09,0,High Risk,Personalized phone call with HR and benefits explanation
14440,1.0,1,Low Risk,Standard enrollment notification
19241,0.0,0,High Risk,Personalized phone call with HR and benefits explanation
17291,0.01,0,High Risk,Personalized phone call with HR and benefits explanation
10632,0.0,0,High Risk,Personalized phone call with HR and benefits explanation
12308,0.98,1,Low Risk,Standard enrollment notification
17601,0.97,1,Low Risk,Standard enrollment notification
18249,0.98,1,Low Risk,Standard enrollment notification
11484,0.0,0,High Risk,Personalized phone call with HR and benefits explanation
19748,0.01,0,High Risk,Personalized phone call with HR and benefits explanation
11244,1.0,1,Low Risk,Standard enrollment notification
13436,1.0,1,Low Risk,Standard enrollment notification
14618,0.99,1,Low Risk,Standard enrollment notification
17980,0.93,1,Low Risk,Standard enrollment notification
19993,0.99,1,Low Risk,Standard enrollment notification
17750,0.02,0,High Risk,Personalized phone call with HR and benefits explanation
16702,0.99,1,Low Risk,Standard enrollment notification
13618,1.0,1,Low Risk,Standard enrollment notification
18094,1.0,1,Low Risk,Standard enrollment notification
13237,0.96,1,Low Risk,Standard enrollment notification
11420,0.97,1,Low Risk,Standard enrollment notification
19117,0.96,1,Low Risk,Standard enrollment notification
12254,0.97,1,Low Risk,Standard enrollment notification
13987,1.0,1,Low Risk,Standard enrollment notification
19348,0.02,0,High Risk,Personalized phone call with HR and benefits explanation
13917,0.99,1,Low Risk,Standard enrollment notification
19261,0.01,0,High Risk,Personalized phone call with HR and benefits explanation
14990,1.0,1,Low Risk,Standard enrollment notification
14929,0.01,0,High Risk,Personalized phone call with HR and benefits explanation
12800,1.0,1,Low Risk,Standard enrollment notification
19925,0.97,1,Low Risk,Standard enrollment notification
13330,0.06,0,High Risk,Personalized phone call with HR and benefits explanation
17972,0.01,0,High Risk,Personalized phone call with HR and benefits explanation
15633,0.99,1,Low Risk,Standard enrollment notification
14464,0.03,0,High Risk,Personalized phone call with HR and benefits explanation
19958,1.0,1,Low Risk,Standard enrollment notification
12689,1.0,1,Low Risk,Standard enrollment notification
10657,1.0,1,Low Risk,Standard enrollment notification
12475,0.0,0,High Risk,Personalized phone call with HR and benefits explanation
18562,0.98,1,Low Risk,Standard enrollment notification
13882,0.07,0,High Risk,Personalized phone call with HR and benefits explanation
18125,1.0,1,Low Risk,Standard enrollment notification
15648,1.0,1,Low Risk,Standard enrollment notification
13907,0.97,1,Low Risk,Standard enrollment notification
12468,0.96,1,Low Risk,Standard enrollment notification
16814,1.0,1,Low Risk,Standard enrollment notification
12140,0.03,0,High Risk,Personalized phone call with HR and benefits explanation
18355,0.97,1,Low Risk,Standard enrollment notification
16058,1.0,1,Low Risk,Standard enrollment notification
11024,0.03,0,High Risk,Personalized phone call with HR and benefits explanation
17784,1.0,1,Low Risk,Standard enrollment notification
13637,0.99,1,Low Risk,Standard enrollment notification
19419,0.92,1,Low Risk,Standard enrollment notification
11902,0.08,0,High Risk,Personalized phone call with HR and benefits explanation
19273,0.08,0,High Risk,Personalized phone call with HR and benefits explanation
19973,0.02,0,High Risk,Personalized phone call with HR and benefits explanation
15899,1.0,1,Low Risk,Standard enrollment notification
13081,1.0,1,Low Risk,Standard enrollment notification
15241,0.09,0,High Risk,Personalized phone call with HR and benefits explanation
12406,0.03,0,High Risk,Personalized phone call with HR and benefits explanation
14039,0.93,1,Low Risk,Standard enrollment notification
17819,0.98,1,Low Risk,Standard enrollment notification
14348,1.0,1,Low Risk,Standard enrollment notification
17779,0.81,1,Low Risk,Standard enrollment notification
18691,1.0,1,Low Risk,Standard enrollment notification
18855,0.01,0,High Risk,Personalized phone call with HR and benefits explanation
19912,0.01,0,High Risk,Personalized phone call with HR and benefits explanation
16464,0.05,0,High Risk,Personalized phone call with HR and benefits explanation
16794,0.88,1,Low Risk,Standard enrollment notification
17267,1.0,1,Low Risk,Standard enrollment notification
14971,0.97,1,Low Risk,Standard enrollment notification
15099,0.02,0,High Risk,Personalized phone call with HR and benefits explanation
15618,1.0,1,Low Risk,Standard enrollment notification
11699,0.99,1,Low Risk,Standard enrollment notification
18756,0.84,1,Low Risk,Standard enrollment notification
13693,0.07,0,High Risk,Personalized phone call with HR and benefits explanation
16232,1.0,1,Low Risk,Standard enrollment notification
10057,0.01,0,High Risk,Personalized phone call with HR and benefits explanation
17805,0.01,0,High Risk,Personalized phone call with HR and benefits explanation
18921,0.03,0,High Risk,Personalized phone call with HR and benefits explanation
11290,0.0,0,High Risk,Personalized phone call with HR and benefits explanation
15621,0.02,0,High Risk,Personalized phone call with HR and benefits explanation
12369,0.93,1,Low Risk,Standard enrollment notification
18846,1.0,1,Low Risk,Standard enrollment notification
18401,1.0,1,Low Risk,Standard enrollment notification
16360,0.0,0,High Risk,Personalized phone call with HR and benefits explanation
10346,1.0,1,Low Risk,Standard enrollment notification
16248,0.0,0,High Risk,Personalized phone call with HR and benefits explanation
14699,1.0,1,Low Risk,Standard enrollment notification
17846,0.96,1,Low Risk,Standard enrollment notification
11861,0.98,1,Low Risk,Standard enrollment notification
16313,0.11,0,High Risk,Personalized phone call with HR and benefits explanation
18679,0.0,0,High Risk,Personalized phone call with HR and benefits explanation
15127,0.99,1,Low Risk,Standard enrollment notification
18775,0.11,0,High Risk,Personalized phone call with HR and benefits explanation
12182,0.01,0,High Risk,Personalized phone call with HR and benefits explanation
15059,1.0,1,Low Risk,Standard enrollment notification
18805,1.0,1,Low Risk,Standard enrollment notification
12039,0.98,1,Low Risk,Standard enrollment notification
16328,0.01,0,High Risk,Personalized phone call with HR and benefits explanation
15687,0.9,1,Low Risk,Standard enrollment notification
10836,0.97,1,Low Risk,Standard enrollment notification
14030,1.0,1,Low Risk,Standard enrollment notification
19862,0.94,1,Low Risk,Standard enrollment notification
10572,0.99,1,Low Risk,Standard enrollment notification
16941,0.04,0,High Risk,Personalized phone call with HR and benefits explanation
11158,0.0,0,High Risk,Personalized phone call with HR and benefits explanation
12261,0.19,0,High Risk,Personalized phone call with HR and benefits explanation
10883,0.0,0,High Risk,Personalized phone call with HR and benefits explanation
19855,0.93,1,Low Risk,Standard enrollment notification
15710,0.88,1,Low Risk,Standard enrollment notification
17789,0.01,0,High Risk,Personalized phone call with HR and benefits explanation
13115,0.96,1,Low Risk,Standard enrollment notification
14871,1.0,1,Low Risk,Standard enrollment notification
18011,0.96,1,Low Risk,Standard enrollment notification
11153,0.04,0,High Risk,Personalized phone call with HR and benefits explanation
12739,1.0,1,Low Risk,Standard enrollment notification
11770,0.08,0,High Risk,Personalized phone call with HR and benefits explanation
12353,1.0,1,Low Risk,Standard enrollment notification
12552,1.0,1,Low Risk,Standard enrollment notification
11407,0.99,1,Low Risk,Standard enrollment notification
14518,0.95,1,Low Risk,Standard enrollment notification
10921,0.06,0,High Risk,Personalized phone call with HR and benefits explanation
10404,0.98,1,Low Risk,Standard enrollment notification
19818,0.98,1,Low Risk,Standard enrollment notification
17564,0.99,1,Low Risk,Standard enrollment notification
11649,1.0,1,Low Risk,Standard enrollment notification
16097,0.19,0,High Risk,Personalized phone call with HR and benefits explanation
14495,0.89,1,Low Risk,Standard enrollment notification
16031,0.0,0,High Risk,Personalized phone call with HR and benefits explanation
15891,0.98,1,Low Risk,Standard enrollment notification
17843,1.0,1,Low Risk,Standard enrollment notification
19567,0.0,0,High Risk,Personalized phone call with HR and benefits explanation
12558,0.97,1,Low Risk,Standard enrollment notification
10439,1.0,1,Low Risk,Standard enrollment notification
14937,1.0,1,Low Risk,Standard enrollment notification
17157,0.03,0,High Risk,Personalized phone call with HR and benefits explanation
18771,0.98,1,Low Risk,Standard enrollment notification
10946,0.97,1,Low Risk,Standard enrollment notification
18440,0.03,0,High Risk,Personalized phone call with HR and benefits explanation
14574,0.0,0,High Risk,Personalized phone call with HR and benefits explanation
14533,0.0,0,High Risk,Personalized phone call with HR and benefits explanation
11461,0.05,0,High Risk,Personalized phone call with HR and benefits explanation
15076,1.0,1,Low Risk,Standard enrollment notification
13836,0.14,0,High Risk,Personalized phone call with HR and benefits explanation
14487,0.01,0,High Risk,Personalized phone call with HR and benefits explanation
12980,0.92,1,Low Risk,Standard enrollment notification
14477,1.0,1,Low Risk,Standard enrollment notification
11091,0.12,0,High Risk,Personalized phone call with HR and benefits explanation
15336,0.99,1,Low Risk,Standard enrollment notification
13641,0.02,0,High Risk,Personalized phone call with HR and benefits explanation
19738,1.0,1,Low Risk,Standard enrollment notification
18744,0.99,1,Low Risk,Standard enrollment notification
17273,0.02,0,High Risk,Personalized phone call with HR and benefits explanation
13468,0.9,1,Low Risk,Standard enrollment notification
17001,0.0,0,High Risk,Personalized phone call with HR and benefits explanation
15110,0.0,0,High Risk,Personalized phone call with HR and benefits explanation
12451,0.89,1,Low Risk,Standard enrollment notification
11196,0.01,0,High Risk,Personalized phone call with HR and benefits explanation
12346,0.03,0,High Risk,Personalized phone call with HR and benefits explanation
10738,0.0,0,High Risk,Personalized phone call with HR and benefits explanation
11436,0.1,0,High Risk,Personalized phone call with HR and benefits explanation
14573,0.94,1,Low Risk,Standard enrollment notification
12520,0.99,1,Low Risk,Standard enrollment notification
18940,0.98,1,Low Risk,Standard enrollment notification
11412,0.96,1,Low Risk,Standard enrollment notification
18279,0.97,1,Low Risk,Standard enrollment notification
11647,0.13,0,High Risk,Personalized phone call with HR and benefits explanation
10733,0.0,0,High Risk,Personalized phone call with HR and benefits explanation
11650,1.0,1,Low Risk,Standard enrollment notification
16386,1.0,1,Low Risk,Standard enrollment notification
13731,0.98,1,Low Risk,Standard enrollment notification
17021,0.97,1,Low Risk,Standard enrollment notification
13677,0.19,0,High Risk,Personalized phone call with HR and benefits explanation
18311,0.01,0,High Risk,Personalized phone call with HR and benefits explanation
12597,1.0,1,Low Risk,Standard enrollment notification
14351,0.01,0,High Risk,Personalized phone call with HR and benefits explanation
17801,0.92,1,Low Risk,Standard enrollment notification
15892,0.01,0,High Risk,Personalized phone call with HR and benefits explanation
13912,0.99,1,Low Risk,Standard enrollment notification
16781,0.0,0,High Risk,Personalized phone call with HR and benefits explanation
15130,0.0,0,High Risk,Personalized phone call with HR and benefits explanation
12532,0.99,1,Low Risk,Standard enrollment notification
10080,0.93,1,Low Risk,Standard enrollment notification
15699,1.0,1,Low Risk,Standard enrollment notification
15822,1.0,1,Low Risk,Standard enrollment notification
10100,1.0,1,Low Risk,Standard enrollment notification
11877,0.91,1,Low Risk,Standard enrollment notification
18615,0.97,1,Low Risk,Standard enrollment notification
11773,0.04,0,High Risk,Personalized phone call with HR and benefits explanation
14643,0.83,1,Low Risk,Standard enrollment notification
10640,0.97,1,Low Risk,Standard enrollment notification
10068,0.98,1,Low Risk,Standard enrollment notification
18065,1.0,1,Low Risk,Standard enrollment notification
19752,1.0,1,Low Risk,Standard enrollment notification
13743,0.85,1,Low Risk,Standard enrollment notification
12721,0.99,1,Low Risk,Standard enrollment notification
18678,0.97,1,Low Risk,Standard enrollment notification
11137,1.0,1,Low Risk,Standard enrollment notification
12706,0.0,0,High Risk,Personalized phone call with HR and benefits explanation
14382,0.99,1,Low Risk,Standard enrollment notification
16152,0.11,0,High Risk,Personalized phone call with HR and benefits explanation
19390,0.0,0,High Risk,Personalized phone call with HR and benefits explanation
19426,0.0,0,High Risk,Personalized phone call with HR and benefits explanation
11763,0.21,0,High Risk,Personalized phone call with HR and benefits explanation
17260,1.0,1,Low Risk,Standard enrollment notification
19885,0.95,1,Low Risk,Standard enrollment notification
13476,0.13,0,High Risk,Personalized phone call with HR and benefits explanation
15844,1.0,1,Low Risk,Standard enrollment notification
12905,0.92,1,Low Risk,Standard enrollment notification
11900,1.0,1,Low Risk,Standard enrollment notification
17111,0.01,0,High Risk,Personalized phone call with HR and benefits explanation
10375,0.98,1,Low Risk,Standard enrollment notification
18647,0.93,1,Low Risk,Standard enrollment notification
19224,0.18,0,High Risk,Personalized phone call with HR and benefits explanation
10642,0.0,0,High Risk,Personalized phone call with HR and benefits explanation
19552,0.06,0,High Risk,Personalized phone call with HR and benefits explanation
10176,0.81,1,Low Risk,Standard enrollment notification
10233,0.01,0,High Risk,Personalized phone call with HR and benefits explanation
10379,0.07,0,High Risk,Personalized phone call with HR and benefits explanation
16377,0.99,1,Low Risk,Standard enrollment notification
16827,0.86,1,Low Risk,Standard enrollment notification
13301,0.91,1,Low Risk,Standard enrollment notification
13595,0.01,0,High Risk,Personalized phone call with HR and benefits explanation
12786,1.0,1,Low Risk,Standard enrollment notification
16842,1.0,1,Low Risk,Standard enrollment notification
15730,1.0,1,Low Risk,Standard enrollment notification
14989,1.0,1,Low Risk,Standard enrollment notification
10749,0.01,0,High Risk,Personalized phone call with HR and benefits explanation
18485,0.95,1,Low Risk,Standard enrollment notification
16012,0.98,1,Low Risk,Standard enrollment notification
11226,0.98,1,Low Risk,Standard enrollment notification
19911,0.97,1,Low Risk,Standard enrollment notification
15561,0.0,0,High Risk,Personalized phone call with HR and benefits explanation
16682,0.96,1,Low Risk,Standard enrollment notification
18292,0.99,1,Low Risk,Standard enrollment notification
11415,0.96,1,Low Risk,Standard enrollment notification
19759,0.03,0,High Risk,Personalized phone call with HR and benefits explanation
19322,1.0,1,Low Risk,Standard enrollment notification
10174,0.0,0,High Risk,Personalized phone call with HR and benefits explanation
11875,0.02,0,High Risk,Personalized phone call with HR and benefits explanation
19684,0.87,1,Low Risk,Standard enrollment notification
13672,0.07,0,High Risk,Personalized phone call with HR and benefits explanation
17105,0.01,0,High Risk,Personalized phone call with HR and benefits explanation
18804,0.0,0,High Risk,Personalized phone call with HR and benefits explanation
11269,0.1,0,High Risk,Personalized phone call with HR and benefits explanation
13707,1.0,1,Low Risk,Standard enrollment notification
19032,1.0,1,Low Risk,Standard enrollment notification
17069,0.98,1,Low Risk,Standard enrollment notification
17067,0.0,0,High Risk,Personalized phone call with HR and benefits explanation
13607,1.0,1,Low Risk,Standard enrollment notification
10421,0.9,1,Low Risk,Standard enrollment notification
10864,0.35,0,Medium Risk,Reminder email with enrollment benefits
19850,0.96,1,Low Risk,Standard enrollment notification
17410,0.1,0,High Risk,Personalized phone call with HR and benefits explanation
19711,0.96,1,Low Risk,Standard enrollment notification
11344,0.01,0,High Risk,Personalized phone call with HR and benefits explanation
19450,1.0,1,Low Risk,Standard enrollment notification
15072,1.0,1,Low Risk,Standard enrollment notification
18599,0.15,0,High Risk,Personalized phone call with HR and benefits explanation
13525,0.94,1,Low Risk,Standard enrollment notification
16060,0.1,0,High Risk,Personalized phone call with HR and benefits explanation
19717,1.0,1,Low Risk,Standard enrollment notification
18149,0.88,1,Low Risk,Standard enrollment notification
15676,0.93,1,Low Risk,Standard enrollment notification
15147,0.03,0,High Risk,Personalized phone call with HR and benefits explanation
14949,0.0,0,High Risk,Personalized phone call with HR and benefits explanation
17726,1.0,1,Low Risk,Standard enrollment notification
16655,0.96,1,Low Risk,Standard enrollment notification
14853,1.0,1,Low Risk,Standard enrollment notification
18696,0.14,0,High Risk,Personalized phone call with HR and benefits explanation
19112,0.24,0,High Risk,Personalized phone call with HR and benefits explanation
15993,1.0,1,Low Risk,Standard enrollment notification
15280,0.0,0,High Risk,Personalized phone call with HR and benefits explanation
13546,1.0,1,Low Risk,Standard enrollment notification
12574,0.97,1,Low Risk,Standard enrollment notification
10508,1.0,1,Low Risk,Standard enrollment notification
19507,0.94,1,Low Risk,Standard enrollment notification
19926,0.01,0,High Risk,Personalized phone call with HR and benefits explanation
11814,0.98,1,Low Risk,Standard enrollment notification
12760,0.96,1,Low Risk,Standard enrollment notification
10501,1.0,1,Low Risk,Standard enrollment notification
13434,0.04,0,High Risk,Personalized phone call with HR and benefits explanation
16376,0.91,1,Low Risk,Standard enrollment notification
11286,0.95,1,Low Risk,Standard enrollment notification
16107,0.01,0,High Risk,Personalized phone call with HR and benefits explanation
17452,0.06,0,High Risk,Personalized phone call with HR and benefits explanation
15195,0.24,0,High Risk,Personalized phone call with HR and benefits explanation
16877,0.02,0,High Risk,Personalized phone call with HR and benefits explanation
16093,0.98,1,Low Risk,Standard enrollment notification
13518,0.01,0,High Risk,Personalized phone call with HR and benefits explanation
15177,0.03,0,High Risk,Personalized phone call with HR and benefits explanation
18429,0.07,0,High Risk,Personalized phone call with HR and benefits explanation
11643,0.1,0,High Risk,Personalized phone call with HR and benefits explanation
17494,0.0,0,High Risk,Personalized phone call with HR and benefits explanation
13362,1.0,1,Low Risk,Standard enrollment notification
17204,0.02,0,High Risk,Personalized phone call with HR and benefits explanation
18071,0.0,0,High Risk,Personalized phone call with HR and benefits explanation
14883,0.01,0,High Risk,Personalized phone call with HR and benefits explanation
18949,0.02,0,High Risk,Personalized phone call with HR and benefits explanation
14057,0.97,1,Low Risk,Standard enrollment notification
18573,0.01,0,High Risk,Personalized phone call with HR and benefits explanation
12839,0.06,0,High Risk,Personalized phone call with HR and benefits explanation
18621,0.0,0,High Risk,Personalized phone call with HR and benefits explanation
16211,0.73,1,Low Risk,Standard enrollment notification
11901,0.92,1,Low Risk,Standard enrollment notification
13960,0.01,0,High Risk,Personalized phone call with HR and benefits explanation
19572,0.99,1,Low Risk,Standard enrollment notification
11819,0.05,0,High Risk,Personalized phone call with HR and benefits explanation
17329,0.11,0,High Risk,Personalized phone call with HR and benefits explanation
15148,0.98,1,Low Risk,Standard enrollment notification
12499,0.01,0,High Risk,Personalized phone call with HR and benefits explanation
15805,0.07,0,High Risk,Personalized phone call with HR and benefits explanation
13735,0.93,1,Low Risk,Standard enrollment notification
18618,1.0,1,Low Risk,Standard enrollment notification
14516,1.0,1,Low Risk,Standard enrollment notification
13550,0.97,1,Low Risk,Standard enrollment notification
17453,1.0,1,Low Risk,Standard enrollment notification
19811,1.0,1,Low Risk,Standard enrollment notification
12209,1.0,1,Low Risk,Standard enrollment notification
19283,1.0,1,Low Risk,Standard enrollment notification
13184,1.0,1,Low Risk,Standard enrollment notification
12092,0.02,0,High Risk,Personalized phone call with HR and benefits explanation
17691,1.0,1,Low Risk,Standard enrollment notification
16125,0.03,0,High Risk,Personalized phone call with HR and benefits explanation
12953,0.03,0,High Risk,Personalized phone call with HR and benefits explanation
16711,0.06,0,High Risk,Personalized phone call with HR and benefits explanation
19118,1.0,1,Low Risk,Standard enrollment notification
17474,1.0,1,Low Risk,Standard enrollment notification
19483,0.04,0,High Risk,Personalized phone call with HR and benefits explanation
15558,0.99,1,Low Risk,Standard enrollment notification
14701,0.02,0,High Risk,Personalized phone call with HR and benefits explanation
14353,0.02,0,High Risk,Personalized phone call with HR and benefits explanation
18737,0.87,1,Low Risk,Standard enrollment notification
10061,1.0,1,Low Risk,Standard enrollment notification
13475,0.14,0,High Risk,Personalized phone call with HR and benefits explanation
19039,0.92,1,Low Risk,Standard enrollment notification
14278,0.0,0,High Risk,Personalized phone call with HR and benefits explanation
10624,0.08,0,High Risk,Personalized phone call with HR and benefits explanation
13544,0.99,1,Low Risk,Standard enrollment notification
18858,0.9,1,Low Risk,Standard enrollment notification
18502,0.25,0,High Risk,Personalized phone call with HR and benefits explanation
16557,1.0,1,Low Risk,Standard enrollment notification
13605,1.0,1,Low Risk,Standard enrollment notification
10164,0.02,0,High Risk,Personalized phone call with HR and benefits explanation
18795,1.0,1,Low Risk,Standard enrollment notification
18705,0.04,0,High Risk,Personalized phone call with HR and benefits explanation
12255,0.03,0,High Risk,Personalized phone call with HR and benefits explanation
19333,0.01,0,High Risk,Personalized phone call with HR and benefits explanation
14666,0.02,0,High Risk,Personalized phone call with HR and benefits explanation
17122,1.0,1,Low Risk,Standard enrollment notification
18604,1.0,1,Low Risk,Standard enrollment notification
10797,0.99,1,Low Risk,Standard enrollment notification
15292,0.0,0,High Risk,Personalized phone call with HR and benefits explanation
17569,1.0,1,Low Risk,Standard enrollment notification
19109,0.0,0,High Risk,Personalized phone call with HR and benefits explanation
15795,0.8,1,Low Risk,Standard enrollment notification
10113,0.0,0,High Risk,Personalized phone call with HR and benefits explanation
15592,0.95,1,Low Risk,Standard enrollment notification
11687,0.0,0,High Risk,Personalized phone call with HR and benefits explanation
15554,1.0,1,Low Risk,Standard enrollment notification
16026,0.99,1,Low Risk,Standard enrollment notification
15537,0.97,1,Low Risk,Standard enrollment notification
16546,0.05,0,High Risk,Personalized phone call with HR and benefits explanation
10923,0.04,0,High Risk,Personalized phone call with HR and benefits explanation
15216,0.95,1,Low Risk,Standard enrollment notification
18919,1.0,1,Low Risk,Standard enrollment notification
12044,1.0,1,Low Risk,Standard enrollment notification
17073,0.0,0,High Risk,Personalized phone call with HR and benefits explanation
13063,0.07,0,High Risk,Personalized phone call with HR and benefits explanation
18983,0.96,1,Low Risk,Standard enrollment notification
12085,1.0,1,Low Risk,Standard enrollment notification
14838,1.0,1,Low Risk,Standard enrollment notification
11422,0.94,1,Low Risk,Standard enrollment notification
11546,1.0,1,Low Risk,Standard enrollment notification
17804,0.99,1,Low Risk,Standard enrollment notification
16641,0.07,0,High Risk,Personalized phone call with HR and benefits explanation
12568,0.04,0,High Risk,Personalized phone call with HR and benefits explanation
14826,0.14,0,High Risk,Personalized phone call with HR and benefits explanation
19198,0.97,1,Low Risk,Standard enrollment notification
19970,1.0,1,Low Risk,Standard enrollment notification
12715,0.93,1,Low Risk,Standard enrollment notification
13200,0.99,1,Low Risk,Standard enrollment notification
10413,1.0,1,Low Risk,Standard enrollment notification
10653,1.0,1,Low Risk,Standard enrollment notification
17120,0.89,1,Low Risk,Standard enrollment notification
17331,1.0,1,Low Risk,Standard enrollment notification
10228,0.01,0,High Risk,Personalized phone call with HR and benefits explanation
17171,0.99,1,Low Risk,Standard enrollment notification
15970,0.0,0,High Risk,Personalized phone call with HR and benefits explanation
16829,0.96,1,Low Risk,Standard enrollment notification
18287,0.98,1,Low Risk,Standard enrollment notification
11138,0.04,0,High Risk,Personalized phone call with HR and benefits explanation
17128,1.0,1,Low Risk,Standard enrollment notification
14377,1.0,1,Low Risk,Standard enrollment notification
10534,0.02,0,High Risk,Personalized phone call with HR and benefits explanation
14579,0.85,1,Low Risk,Standard enrollment notification
14504,0.08,0,High Risk,Personalized phone call with HR and benefits explanation
16750,0.98,1,Low Risk,Standard enrollment notification
12278,1.0,1,Low Risk,Standard enrollment notification
19000,0.96,1,Low Risk,Standard enrollment notification
15549,0.02,0,High Risk,Personalized phone call with HR and benefits explanation
19024,0.99,1,Low Risk,Standard enrollment notification
10795,0.8,1,Low Risk,Standard enrollment notification
14779,1.0,1,Low Risk,Standard enrollment notification
12335,1.0,1,Low Risk,Standard enrollment notification
10832,0.02,0,High Risk,Personalized phone call with HR and benefits explanation
14214,0.98,1,Low Risk,Standard enrollment notification
15394,1.0,1,Low Risk,Standard enrollment notification
16361,0.06,0,High Risk,Personalized phone call with HR and benefits explanation
12645,0.07,0,High Risk,Personalized phone call with HR and benefits explanation
15315,0.12,0,High Risk,Personalized phone call with HR and benefits explanation
13602,0.98,1,Low Risk,Standard enrollment notification
17875,0.03,0,High Risk,Personalized phone call with HR and benefits explanation
16158,0.91,1,Low Risk,Standard enrollment notification
17571,1.0,1,Low Risk,Standard enrollment notification
12248,1.0,1,Low Risk,Standard enrollment notification
18207,1.0,1,Low Risk,Standard enrollment notification
13998,0.02,0,High Risk,Personalized phone call with HR and benefits explanation
11111,0.99,1,Low Risk,Standard enrollment notification
11635,0.97,1,Low Risk,Standard enrollment notification
17351,0.99,1,Low Risk,Standard enrollment notification
11451,0.94,1,Low Risk,Standard enrollment notification
14250,1.0,1,Low Risk,Standard enrollment notification
18456,0.13,0,High Risk,Personalized phone call with HR and benefits explanation
19702,0.98,1,Low Risk,Standard enrollment notification
10359,0.94,1,Low Risk,Standard enrollment notification
19827,0.9,1,Low Risk,Standard enrollment notification
13397,1.0,1,Low Risk,Standard enrollment notification
10695,0.1,0,High Risk,Personalized phone call with HR and benefits explanation
12540,0.9,1,Low Risk,Standard enrollment notification
10607,0.96,1,Low Risk,Standard enrollment notification
12769,1.0,1,Low Risk,Standard enrollment notification
10414,0.93,1,Low Risk,Standard enrollment notification
12702,0.04,0,High Risk,Personalized phone call with HR and benefits explanation
13859,0.0,0,High Risk,Personalized phone call with HR and benefits explanation
19206,0.99,1,Low Risk,Standard enrollment notification
16362,0.97,1,Low Risk,Standard enrollment notification
12937,1.0,1,Low Risk,Standard enrollment notification
17669,1.0,1,Low Risk,Standard enrollment notification
19743,0.01,0,High Risk,Personalized phone call with HR and benefits explanation
15139,0.98,1,Low Risk,Standard enrollment notification
11897,0.0,0,High Risk,Personalized phone call with HR and benefits explanation
17383,0.02,0,High Risk,Personalized phone call with HR and benefits explanation
16764,0.08,0,High Risk,Personalized phone call with HR and benefits explanation
18859,1.0,1,Low Risk,Standard enrollment notification
18520,1.0,1,Low Risk,Standard enrollment notification
15604,0.0,0,High Risk,Personalized phone call with HR and benefits explanation
16527,0.0,0,High Risk,Personalized phone call with HR and benefits explanation
10459,0.99,1,Low Risk,Standard enrollment notification
19659,0.88,1,Low Risk,Standard enrollment notification
14000,1.0,1,Low Risk,Standard enrollment notification
13187,1.0,1,Low Risk,Standard enrollment notification
13048,1.0,1,Low Risk,Standard enrollment notification
13287,1.0,1,Low Risk,Standard enrollment notification
13699,1.0,1,Low Risk,Standard enrollment notification
18894,0.06,0,High Risk,Personalized phone call with HR and benefits explanation
16891,0.12,0,High Risk,Personalized phone call with HR and benefits explanation
13962,0.98,1,Low Risk,Standard enrollment notification
19884,1.0,1,Low Risk,Standard enrollment notification
12428,0.98,1,Low Risk,Standard enrollment notification
12334,0.92,1,Low Risk,Standard enrollment notification
10609,0.03,0,High Risk,Personalized phone call with HR and benefits explanation
16861,1.0,1,Low Risk,Standard enrollment notification
16999,0.02,0,High Risk,Personalized phone call with HR and benefits explanation
16900,0.02,0,High Risk,Personalized phone call with HR and benefits explanation
16810,0.02,0,High Risk,Personalized phone call with HR and benefits explanation
19345,0.23,0,High Risk,Personalized phone call with HR and benefits explanation
19386,0.0,0,High Risk,Personalized phone call with HR and benefits explanation
12262,0.97,1,Low Risk,Standard enrollment notification
18628,0.0,0,High Risk,Personalized phone call with HR and benefits explanation
16917,0.01,0,High Risk,Personalized phone call with HR and benefits explanation
17163,0.98,1,Low Risk,Standard enrollment notification
17047,0.0,0,High Risk,Personalized phone call with HR and benefits explanation
11874,1.0,1,Low Risk,Standard enrollment notification
12730,0.99,1,Low Risk,Standard enrollment notification
14231,0.98,1,Low Risk,Standard enrollment notification
16985,0.01,0,High Risk,Personalized phone call with HR and benefits explanation
14322,0.97,1,Low Risk,Standard enrollment notification
12795,1.0,1,Low Risk,Standard enrollment notification
12658,0.88,1,Low Risk,Standard enrollment notification
12154,1.0,1,Low Risk,Standard enrollment notification
16596,0.98,1,Low Risk,Standard enrollment notification
17590,0.97,1,Low Risk,Standard enrollment notification
17449,0.98,1,Low Risk,Standard enrollment notification
13866,0.99,1,Low Risk,Standard enrollment notification
10489,0.05,0,High Risk,Personalized phone call with HR and benefits explanation
14186,0.95,1,Low Risk,Standard enrollment notification
16319,1.0,1,Low Risk,Standard enrollment notification
17146,0.93,1,Low Risk,Standard enrollment notification
16086,0.97,1,Low Risk,Standard enrollment notification
13394,0.08,0,High Risk,Personalized phone call with HR and benefits explanation
16445,0.95,1,Low Risk,Standard enrollment notification
10806,0.01,0,High Risk,Personalized phone call with HR and benefits explanation
16447,0.0,0,High Risk,Personalized phone call with HR and benefits explanation
15055,0.04,0,High Risk,Personalized phone call with HR and benefits explanation
10001,0.02,0,High Risk,Personalized phone call with HR and benefits explanation
18359,0.95,1,Low Risk,Standard enrollment notification
15669,0.97,1,Low Risk,Standard enrollment notification
16995,0.98,1,Low Risk,Standard enrollment notification
12847,0.96,1,Low Risk,Standard enrollment notification
19482,0.0,0,High Risk,Personalized phone call with HR and benefits explanation
12893,0.08,0,High Risk,Personalized phone call with HR and benefits explanation
15414,1.0,1,Low Risk,Standard enrollment notification
12129,0.02,0,High Risk,Personalized phone call with HR and benefits explanation
17672,1.0,1,Low Risk,Standard enrollment notification
14938,0.05,0,High Risk,Personalized phone call with HR and benefits explanation
18548,0.01,0,High Risk,Personalized phone call with HR and benefits explanation
13018,0.97,1,Low Risk,Standard enrollment notification
16494,1.0,1,Low Risk,Standard enrollment notification
17868,1.0,1,Low Risk,Standard enrollment notification
16274,0.15,0,High Risk,Personalized phone call with HR and benefits explanation
16852,1.0,1,Low Risk,Standard enrollment notification
18210,0.99,1,Low Risk,Standard enrollment notification
19197,0.97,1,Low Risk,Standard enrollment notification
15063,0.98,1,Low Risk,Standard enrollment notification
14940,0.03,0,High Risk,Personalized phone call with HR and benefits explanation
18126,0.11,0,High Risk,Personalized phone call with HR and benefits explanation
18870,0.94,1,Low Risk,Standard enrollment notification
17535,0.02,0,High Risk,Personalized phone call with HR and benefits explanation
17133,0.93,1,Low Risk,Standard enrollment notification
18227,0.77,1,Low Risk,Standard enrollment notification
11754,1.0,1,Low Risk,Standard enrollment notification
16553,0.06,0,High Risk,Personalized phone call with HR and benefits explanation
18724,1.0,1,Low Risk,Standard enrollment notification
13244,1.0,1,Low Risk,Standard enrollment notification
13340,0.81,1,Low Risk,Standard enrollment notification
13416,0.98,1,Low Risk,Standard enrollment notification
15012,0.98,1,Low Risk,Standard enrollment notification
14505,1.0,1,Low Risk,Standard enrollment notification
10717,0.99,1,Low Risk,Standard enrollment notification
14032,0.0,0,High Risk,Personalized phone call with HR and benefits explanation
19299,0.97,1,Low Risk,Standard enrollment notification
11499,0.98,1,Low Risk,Standard enrollment notification
19404,0.99,1,Low Risk,Standard enrollment notification
11459,0.96,1,Low Risk,Standard enrollment notification
11678,0.99,1,Low Risk,Standard enrollment notification
12690,0.03,0,High Risk,Personalized phone call with HR and benefits explanation
17684,0.0,0,High Risk,Personalized phone call with HR and benefits explanation
18272,0.05,0,High Risk,Personalized phone call with HR and benefits explanation
19719,0.07,0,High Risk,Personalized phone call with HR and benefits explanation
15468,1.0,1,Low Risk,Standard enrollment notification
18341,0.04,0,High Risk,Personalized phone call with HR and benefits explanation
17014,0.02,0,High Risk,Personalized phone call with HR and benefits explanation
11040,0.02,0,High Risk,Personalized phone call with HR and benefits explanation
14656,0.05,0,High Risk,Personalized phone call with HR and benefits explanation
15670,0.99,1,Low Risk,Standard enrollment notification
12126,0.95,1,Low Risk,Standard enrollment notification
10871,0.02,0,High Risk,Personalized phone call with HR and benefits explanation
13996,0.07,0,High Risk,Personalized phone call with HR and benefits explanation
19678,0.99,1,Low Risk,Standard enrollment notification
19381,0.28,0,High Risk,Personalized phone call with HR and benefits explanation
13854,0.99,1,Low Risk,Standard enrollment notification
14166,0.15,0,High Risk,Personalized phone call with HR and benefits explanation
10522,0.99,1,Low Risk,Standard enrollment notification
11016,0.99,1,Low Risk,Standard enrollment notification
11945,0.05,0,High Risk,Personalized phone call with HR and benefits explanation
11527,0.0,0,High Risk,Personalized phone call with HR and benefits explanation
16887,0.01,0,High Risk,Personalized phone call with HR and benefits explanation
12954,0.97,1,Low Risk,Standard enrollment notification
14773,0.95,1,Low Risk,Standard enrollment notification
12924,1.0,1,Low Risk,Standard enrollment notification
13278,0.98,1,Low Risk,Standard enrollment notification
16638,0.12,0,High Risk,Personalized phone call with HR and benefits explanation
19030,0.98,1,Low Risk,Standard enrollment notification
13967,1.0,1,Low Risk,Standard enrollment notification
11294,0.97,1,Low Risk,Standard enrollment notification
18872,0.0,0,High Risk,Personalized phone call with HR and benefits explanation
13723,1.0,1,Low Risk,Standard enrollment notification
14542,0.96,1,Low Risk,Standard enrollment notification
12175,0.97,1,Low Risk,Standard enrollment notification
10277,0.87,1,Low Risk,Standard enrollment notification
18351,0.0,0,High Risk,Personalized phone call with HR and benefits explanation
13839,0.99,1,Low Risk,Standard enrollment notification
16811,0.98,1,Low Risk,Standard enrollment notification
12374,0.93,1,Low Risk,Standard enrollment notification
12398,1.0,1,Low Risk,Standard enrollment notification
10966,1.0,1,Low Risk,Standard enrollment notification
16018,0.05,0,High Risk,Personalized phone call with HR and benefits explanation
15364,0.08,0,High Risk,Personalized phone call with HR and benefits explanation
17341,1.0,1,Low Risk,Standard enrollment notification
11855,0.98,1,Low Risk,Standard enrollment notification
18506,0.12,0,High Risk,Personalized phone call with HR and benefits explanation
18496,0.0,0,High Risk,Personalized phone call with HR and benefits explanation
14569,0.1,0,High Risk,Personalized phone call with HR and benefits explanation
19861,0.0,0,High Risk,Personalized phone call with HR and benefits explanation
19123,0.98,1,Low Risk,Standard enrollment notification
16343,0.01,0,High Risk,Personalized phone call with HR and benefits explanation
12533,0.01,0,High Risk,Personalized phone call with HR and benefits explanation
17371,0.0,0,High Risk,Personalized phone call with HR and benefits explanation
15065,0.02,0,High Risk,Personalized phone call with HR and benefits explanation
18930,0.07,0,High Risk,Personalized phone call with HR and benefits explanation
13078,1.0,1,Low Risk,Standard enrollment notification
15461,1.0,1,Low Risk,Standard enrollment notification
15678,0.0,0,High Risk,Personalized phone call with HR and benefits explanation
12778,1.0,1,Low Risk,Standard enrollment notification
13612,0.02,0,High Risk,Personalized phone call with HR and benefits explanation
16992,0.98,1,Low Risk,Standard enrollment notification
11584,0.98,1,Low Risk,Standard enrollment notification
17577,1.0,1,Low Risk,Standard enrollment notification
12424,0.9,1,Low Risk,Standard enrollment notification
13410,0.05,0,High Risk,Personalized phone call with HR and benefits explanation
19511,0.15,0,High Risk,Personalized phone call with HR and benefits explanation
11970,0.96,1,Low Risk,Standard enrollment notification
17678,0.01,0,High Risk,Personalized phone call with HR and benefits explanation
19302,1.0,1,Low Risk,Standard enrollment notification
14649,0.04,0,High Risk,Personalized phone call with HR and benefits explanation
13660,0.0,0,High Risk,Personalized phone call with HR and benefits explanation
16884,0.99,1,Low Risk,Standard enrollment notification
11590,1.0,1,Low Risk,Standard enrollment notification
16961,0.99,1,Low Risk,Standard enrollment notification
19465,1.0,1,Low Risk,Standard enrollment notification
19683,1.0,1,Low Risk,Standard enrollment notification
10141,0.98,1,Low Risk,Standard enrollment notification
11264,0.04,0,High Risk,Personalized phone call with HR and benefits explanation
14296,0.98,1,Low Risk,Standard enrollment notification
11298,1.0,1,Low Risk,Standard enrollment notification
13789,0.96,1,Low Risk,Standard enrollment notification
19506,0.99,1,Low Risk,Standard enrollment notification
17333,0.05,0,High Risk,Personalized phone call with HR and benefits explanation
11230,0.97,1,Low Risk,Standard enrollment notification
17054,1.0,1,Low Risk,Standard enrollment notification
16610,0.93,1,Low Risk,Standard enrollment notification
16602,0.95,1,Low Risk,Standard enrollment notification
10214,0.97,1,Low Risk,Standard enrollment notification
18389,1.0,1,Low Risk,Standard enrollment notification
15668,0.0,0,High Risk,Personalized phone call with HR and benefits explanation
14966,0.0,0,High Risk,Personalized phone call with HR and benefits explanation
12915,0.94,1,Low Risk,Standard enrollment notification
19468,1.0,1,Low Risk,Standard enrollment notification
17455,0.98,1,Low Risk,Standard enrollment notification
19819,0.93,1,Low Risk,Standard enrollment notification
16620,0.03,0,High Risk,Personalized phone call with HR and benefits explanation
13867,1.0,1,Low Risk,Standard enrollment notification
11873,0.09,0,High Risk,Personalized phone call with HR and benefits explanation
18951,0.99,1,Low Risk,Standard enrollment notification
16634,0.99,1,Low Risk,Standard enrollment notification
13167,0.02,0,High Risk,Personalized phone call with HR and benefits explanation
19272,0.95,1,Low Risk,Standard enrollment notification
16751,1.0,1,Low Risk,Standard enrollment notification
18090,1.0,1,Low Risk,Standard enrollment notification
17778,0.81,1,Low Risk,Standard enrollment notification
16305,0.12,0,High Risk,Personalized phone call with HR and benefits explanation
12170,0.0,0,High Risk,Personalized phone call with HR and benefits explanation
14726,0.98,1,Low Risk,Standard enrollment notification
11502,0.0,0,High Risk,Personalized phone call with HR and benefits explanation
19289,1.0,1,Low Risk,Standard enrollment notification
10492,0.99,1,Low Risk,Standard enrollment notification
16063,0.03,0,High Risk,Personalized phone call with HR and benefits explanation
14202,0.99,1,Low Risk,Standard enrollment notification
13629,0.01,0,High Risk,Personalized phone call with HR and benefits explanation
18309,0.0,0,High Risk,Personalized phone call with HR and benefits explanation
16593,0.99,1,Low Risk,Standard enrollment notification
15728,0.02,0,High Risk,Personalized phone call with HR and benefits explanation
15855,0.04,0,High Risk,Personalized phone call with HR and benefits explanation
12452,0.97,1,Low Risk,Standard enrollment notification
10306,0.01,0,High Risk,Personalized phone call with HR and benefits explanation
11042,1.0,1,Low Risk,Standard enrollment notification
12722,0.93,1,Low Risk,Standard enrollment notification
18637,0.0,0,High Risk,Personalized phone call with HR and benefits explanation
16327,0.94,1,Low Risk,Standard enrollment notification
10844,0.02,0,High Risk,Personalized phone call with HR and benefits explanation
19664,0.16,0,High Risk,Personalized phone call with HR and benefits explanation
11214,0.01,0,High Risk,Personalized phone call with HR and benefits explanation
18124,1.0,1,Low Risk,Standard enrollment notification
15627,0.96,1,Low Risk,Standard enrollment notification
19523,0.04,0,High Risk,Personalized phone call with HR and benefits explanation
14759,1.0,1,Low Risk,Standard enrollment notification
15913,0.96,1,Low Risk,Standard enrollment notification
17166,0.06,0,High Risk,Personalized phone call with HR and benefits explanation
19280,1.0,1,Low Risk,Standard enrollment notification
17104,1.0,1,Low Risk,Standard enrollment notification
10009,1.0,1,Low Risk,Standard enrollment notification
14687,0.0,0,High Risk,Personalized phone call with HR and benefits explanation
15319,0.03,0,High Risk,Personalized phone call with HR and benefits explanation
17295,0.94,1,Low Risk,Standard enrollment notification
13489,0.98,1,Low Risk,Standard enrollment notification
18106,1.0,1,Low Risk,Standard enrollment notification
17732,0.21,0,High Risk,Personalized phone call with HR and benefits explanation
19601,1.0,1,Low Risk,Standard enrollment notification
11731,0.99,1,Low Risk,Standard enrollment notification
13767,1.0,1,Low Risk,Standard enrollment notification
17470,0.97,1,Low Risk,Standard enrollment notification
10081,0.99,1,Low Risk,Standard enrollment notification
19131,0.98,1,Low Risk,Standard enrollment notification
13499,1.0,1,Low Risk,Standard enrollment notification
17134,0.97,1,Low Risk,Standard enrollment notification
19132,0.0,0,High Risk,Personalized phone call with HR and benefits explanation
14923,0.0,0,High Risk,Personalized phone call with HR and benefits explanation
15539,0.89,1,Low Risk,Standard enrollment notification
11386,0.98,1,Low Risk,Standard enrollment notification
16409,0.92,1,Low Risk,Standard enrollment notification
18785,0.99,1,Low Risk,Standard enrollment notification
11303,1.0,1,Low Risk,Standard enrollment notification
10095,0.97,1,Low Risk,Standard enrollment notification
14541,1.0,1,Low Risk,Standard enrollment notification
17596,1.0,1,Low Risk,Standard enrollment notification
19869,0.99,1,Low Risk,Standard enrollment notification
10935,1.0,1,Low Risk,Standard enrollment notification
14379,0.97,1,Low Risk,Standard enrollment notification
15404,0.98,1,Low Risk,Standard enrollment notification
15559,0.0,0,High Risk,Personalized phone call with HR and benefits explanation
19907,0.0,0,High Risk,Personalized phone call with HR and benefits explanation
17418,0.99,1,Low Risk,Standard enrollment notification
18651,0.02,0,High Risk,Personalized phone call with HR and benefits explanation
10480,1.0,1,Low Risk,Standard enrollment notification
17858,0.93,1,Low Risk,Standard enrollment notification
17857,0.99,1,Low Risk,Standard enrollment notification
17479,0.96,1,Low Risk,Standard enrollment notification
18476,0.97,1,Low Risk,Standard enrollment notification
14385,0.01,0,High Risk,Personalized phone call with HR and benefits explanation
14016,0.08,0,High Risk,Personalized phone call with HR and benefits explanation
16428,1.0,1,Low Risk,Standard enrollment notification
14758,0.0,0,High Risk,Personalized phone call with HR and benefits explanation
13420,1.0,1,Low Risk,Standard enrollment notification
17178,0.92,1,Low Risk,Standard enrollment notification
10195,0.07,0,High Risk,Personalized phone call with HR and benefits explanation
13088,0.0,0,High Risk,Personalized phone call with HR and benefits explanation
16240,1.0,1,Low Risk,Standard enrollment notification
17062,0.04,0,High Risk,Personalized phone call with HR and benefits explanation
12117,0.99,1,Low Risk,Standard enrollment notification
11011,0.0,0,High Risk,Personalized phone call with HR and benefits explanation
12934,0.99,1,Low Risk,Standard enrollment notification
11210,0.96,1,Low Risk,Standard enrollment notification
18895,1.0,1,Low Risk,Standard enrollment notification
13578,0.03,0,High Risk,Personalized phone call with HR and benefits explanation
18132,0.93,1,Low Risk,Standard enrollment notification
16111,0.05,0,High Risk,Personalized phone call with HR and benefits explanation
18121,0.99,1,Low Risk,Standard enrollment notification
19234,1.0,1,Low Risk,Standard enrollment notification
12996,0.0,0,High Risk,Personalized phone call with HR and benefits explanation
10673,0.99,1,Low Risk,Standard enrollment notification
12727,1.0,1,Low Risk,Standard enrollment notification
15281,1.0,1,Low Risk,Standard enrollment notification
19718,0.09,0,High Risk,Personalized phone call with HR and benefits explanation
16066,0.74,1,Low Risk,Standard enrollment notification
18019,0.99,1,Low Risk,Standard enrollment notification
10245,0.05,0,High Risk,Personalized phone call with HR and benefits explanation
15922,0.21,0,High Risk,Personalized phone call with HR and benefits explanation
11788,1.0,1,Low Risk,Standard enrollment notification
17885,0.96,1,Low Risk,Standard enrollment notification
10901,0.01,0,High Risk,Personalized phone call with HR and benefits explanation
19074,1.0,1,Low Risk,Standard enrollment notification
12464,0.04,0,High Risk,Personalized phone call with HR and benefits explanation
14237,0.01,0,High Risk,Personalized phone call with HR and benefits explanation
15525,0.0,0,High Risk,Personalized phone call with HR and benefits explanation
18590,0.02,0,High Risk,Personalized phone call with HR and benefits explanation
10857,1.0,1,Low Risk,Standard enrollment notification
15530,0.02,0,High Risk,Personalized phone call with HR and benefits explanation
13449,0.06,0,High Risk,Personalized phone call with HR and benefits explanation
15916,0.99,1,Low Risk,Standard enrollment notification
17768,0.03,0,High Risk,Personalized phone call with HR and benefits explanation
12173,0.13,0,High Risk,Personalized phone call with HR and benefits explanation
11364,1.0,1,Low Risk,Standard enrollment notification
15296,1.0,1,Low Risk,Standard enrollment notification
10907,0.11,0,High Risk,Personalized phone call with HR and benefits explanation
16117,1.0,1,Low Risk,Standard enrollment notification
18178,0.08,0,High Risk,Personalized phone call with HR and benefits explanation
16656,1.0,1,Low Risk,Standard enrollment notification
19108,0.95,1,Low Risk,Standard enrollment notification
13294,0.99,1,Low Risk,Standard enrollment notification
15440,0.02,0,High Risk,Personalized phone call with HR and benefits explanation
15357,0.96,1,Low Risk,Standard enrollment notification
19310,0.98,1,Low Risk,Standard enrollment notification
18871,0.04,0,High Risk,Personalized phone call with HR and benefits explanation
19514,0.96,1,Low Risk,Standard enrollment notification
16796,0.01,0,High Risk,Personalized phone call with HR and benefits explanation
13118,1.0,1,Low Risk,Standard enrollment notification
14185,0.97,1,Low Risk,Standard enrollment notification
18020,1.0,1,Low Risk,Standard enrollment notification
19144,1.0,1,Low Risk,Standard enrollment notification
14582,0.0,0,High Risk,Personalized phone call with HR and benefits explanation
14076,0.98,1,Low Risk,Standard enrollment notification
14896,0.09,0,High Risk,Personalized phone call with HR and benefits explanation
13178,0.98,1,Low Risk,Standard enrollment notification
17076,0.03,0,High Risk,Personalized phone call with HR and benefits explanation
18421,1.0,1,Low Risk,Standard enrollment notification
14584,1.0,1,Low Risk,Standard enrollment notification
12032,0.01,0,High Risk,Personalized phone call with HR and benefits explanation
12591,1.0,1,Low Risk,Standard enrollment notification
10336,0.12,0,High Risk,Personalized phone call with HR and benefits explanation
18897,1.0,1,Low Risk,Standard enrollment notification
16874,1.0,1,Low Risk,Standard enrollment notification
14722,0.98,1,Low Risk,Standard enrollment notification
17251,1.0,1,Low Risk,Standard enrollment notification
16014,0.99,1,Low Risk,Standard enrollment notification
18916,0.99,1,Low Risk,Standard enrollment notification
16081,0.96,1,Low Risk,Standard enrollment notification
14299,0.01,0,High Risk,Personalized phone call with HR and benefits explanation
10543,0.97,1,Low Risk,Standard enrollment notification
12021,1.0,1,Low Risk,Standard enrollment notification
12956,0.96,1,Low Risk,Standard enrollment notification
13627,0.99,1,Low Risk,Standard enrollment notification
13919,0.96,1,Low Risk,Standard enrollment notification
14407,1.0,1,Low Risk,Standard enrollment notification
19292,0.03,0,High Risk,Personalized phone call with HR and benefits explanation
14204,0.0,0,High Risk,Personalized phone call with HR and benefits explanation
17299,0.05,0,High Risk,Personalized phone call with HR and benefits explanation
14499,0.1,0,High Risk,Personalized phone call with HR and benefits explanation
19038,0.98,1,Low Risk,Standard enrollment notification
18911,0.77,1,Low Risk,Standard enrollment notification
18990,0.96,1,Low Risk,Standard enrollment notification
19701,0.11,0,High Risk,Personalized phone call with HR and benefits explanation
13124,0.13,0,High Risk,Personalized phone call with HR and benefits explanation
16707,0.09,0,High Risk,Personalized phone call with HR and benefits explanation
11638,0.99,1,Low Risk,Standard enrollment notification
16838,0.93,1,Low Risk,Standard enrollment notification
14155,1.0,1,Low Risk,Standard enrollment notification
12982,0.89,1,Low Risk,Standard enrollment notification
14101,0.01,0,High Risk,Personalized phone call with HR and benefits explanation
10182,0.11,0,High Risk,Personalized phone call with HR and benefits explanation
11838,0.01,0,High Risk,Personalized phone call with HR and benefits explanation
10101,0.0,0,High Risk,Personalized phone call with HR and benefits explanation
19490,0.06,0,High Risk,Personalized phone call with HR and benefits explanation
15373,1.0,1,Low Risk,Standard enrollment notification
10718,0.99,1,Low Risk,Standard enrollment notification
17651,0.01,0,High Risk,Personalized phone call with HR and benefits explanation
11971,1.0,1,Low Risk,Standard enrollment notification
12802,0.97,1,Low Risk,Standard enrollment notification
18148,0.91,1,Low Risk,Standard enrollment notification
18867,0.05,0,High Risk,Personalized phone call with HR and benefits explanation
11898,0.0,0,High Risk,Personalized phone call with HR and benefits explanation
18105,0.95,1,Low Risk,Standard enrollment notification
16856,0.02,0,High Risk,Personalized phone call with HR and benefits explanation
15107,0.01,0,High Risk,Personalized phone call with HR and benefits explanation
12831,1.0,1,Low Risk,Standard enrollment notification
14116,0.1,0,High Risk,Personalized phone call with HR and benefits explanation
16358,0.99,1,Low Risk,Standard enrollment notification
11720,0.05,0,High Risk,Personalized phone call with HR and benefits explanation
16019,1.0,1,Low Risk,Standard enrollment notification
16133,1.0,1,Low Risk,Standard enrollment notification
13554,0.05,0,High Risk,Personalized phone call with HR and benefits explanation
15224,0.97,1,Low Risk,Standard enrollment notification
15031,0.99,1,Low Risk,Standard enrollment notification
11330,1.0,1,Low Risk,Standard enrollment notification
18100,1.0,1,Low Risk,Standard enrollment notification
12548,0.01,0,High Risk,Personalized phone call with HR and benefits explanation
13264,0.97,1,Low Risk,Standard enrollment notification
11832,0.01,0,High Risk,Personalized phone call with HR and benefits explanation
15010,0.98,1,Low Risk,Standard enrollment notification
17216,0.99,1,Low Risk,Standard enrollment notification
13208,1.0,1,Low Risk,Standard enrollment notification
18078,0.03,0,High Risk,Personalized phone call with HR and benefits explanation
11056,0.82,1,Low Risk,Standard enrollment notification
14557,0.01,0,High Risk,Personalized phone call with HR and benefits explanation
17066,0.96,1,Low Risk,Standard enrollment notification
17232,0.02,0,High Risk,Personalized phone call with HR and benefits explanation
16551,1.0,1,Low Risk,Standard enrollment notification
11110,0.97,1,Low Risk,Standard enrollment notification
12889,1.0,1,Low Risk,Standard enrollment notification
11112,0.07,0,High Risk,Personalized phone call with HR and benefits explanation
16972,0.98,1,Low Risk,Standard enrollment notification
13250,0.09,0,High Risk,Personalized phone call with HR and benefits explanation
18672,0.97,1,Low Risk,Standard enrollment notification
17860,1.0,1,Low Risk,Standard enrollment notification
12012,0.01,0,High Risk,Personalized phone call with HR and benefits explanation
15642,0.96,1,Low Risk,Standard enrollment notification
19152,0.98,1,Low Risk,Standard enrollment notification
16221,0.0,0,High Risk,Personalized phone call with HR and benefits explanation
14240,1.0,1,Low Risk,Standard enrollment notification
13440,0.95,1,Low Risk,Standard enrollment notification
14545,0.99,1,Low Risk,Standard enrollment notification
17542,0.69,1,Low Risk,Standard enrollment notification
12709,0.07,0,High Risk,Personalized phone call with HR and benefits explanation
12106,0.0,0,High Risk,Personalized phone call with HR and benefits explanation
16893,0.03,0,High Risk,Personalized phone call with HR and benefits explanation
13835,1.0,1,Low Risk,Standard enrollment notification
18616,0.02,0,High Risk,Personalized phone call with HR and benefits explanation
18567,1.0,1,Low Risk,Standard enrollment notification
16880,0.06,0,High Risk,Personalized phone call with HR and benefits explanation
16860,0.0,0,High Risk,Personalized phone call with HR and benefits explanation
10122,0.06,0,High Risk,Personalized phone call with HR and benefits explanation
15616,0.98,1,Low Risk,Standard enrollment notification
15201,0.98,1,Low Risk,Standard enrollment notification
18712,1.0,1,Low Risk,Standard enrollment notification
10288,0.03,0,High Risk,Personalized phone call with HR and benefits explanation
19563,1.0,1,Low Risk,Standard enrollment notification
10943,0.0,0,High Risk,Personalized phone call with HR and benefits explanation
13480,1.0,1,Low Risk,Standard enrollment notification
18638,0.95,1,Low Risk,Standard enrollment notification
15032,0.02,0,High Risk,Personalized phone call with HR and benefits explanation
19319,0.99,1,Low Risk,Standard enrollment notification
16662,1.0,1,Low Risk,Standard enrollment notification
12404,1.0,1,Low Risk,Standard enrollment notification
17661,0.25,0,High Risk,Personalized phone call with HR and benefits explanation
12396,0.99,1,Low Risk,Standard enrollment notification
16229,0.92,1,Low Risk,Standard enrollment notification
19706,0.02,0,High Risk,Personalized phone call with HR and benefits explanation
17487,0.98,1,Low Risk,Standard enrollment notification
11193,0.01,0,High Risk,Personalized phone call with HR and benefits explanation
18334,0.0,0,High Risk,Personalized phone call with HR and benefits explanation
10016,0.95,1,Low Risk,Standard enrollment notification
11281,1.0,1,Low Risk,Standard enrollment notification
13573,0.23,0,High Risk,Personalized phone call with HR and benefits explanation
14096,0.0,0,High Risk,Personalized phone call with HR and benefits explanation
19641,1.0,1,Low Risk,Standard enrollment notification
17948,1.0,1,Low Risk,Standard enrollment notification
18320,0.97,1,Low Risk,Standard enrollment notification
15439,0.99,1,Low Risk,Standard enrollment notification
12817,0.96,1,Low Risk,Standard enrollment notification
10563,1.0,1,Low Risk,Standard enrollment notification
13567,0.01,0,High Risk,Personalized phone call with HR and benefits explanation
10557,0.01,0,High Risk,Personalized phone call with HR and benefits explanation
12987,0.02,0,High Risk,Personalized phone call with HR and benefits explanation
12302,0.14,0,High Risk,Personalized phone call with HR and benefits explanation
12442,0.91,1,Low Risk,Standard enrollment notification
11764,0.97,1,Low Risk,Standard enrollment notification
18372,1.0,1,Low Risk,Standard enrollment notification
15859,0.03,0,High Risk,Personalized phone call with HR and benefits explanation
17227,1.0,1,Low Risk,Standard enrollment notification
15944,0.04,0,High Risk,Personalized phone call with HR and benefits explanation
17993,1.0,1,Low Risk,Standard enrollment notification
17396,0.0,0,High Risk,Personalized phone call with HR and benefits explanation
11658,0.95,1,Low Risk,Standard enrollment notification
17320,0.04,0,High Risk,Personalized phone call with HR and benefits explanation
13847,1.0,1,Low Risk,Standard enrollment notification
11299,0.0,0,High Risk,Personalized phone call with HR and benefits explanation
18654,0.91,1,Low Risk,Standard enrollment notification
12756,0.0,0,High Risk,Personalized phone call with HR and benefits explanation
12210,0.03,0,High Risk,Personalized phone call with HR and benefits explanation
10148,1.0,1,Low Risk,Standard enrollment notification
13664,0.86,1,Low Risk,Standard enrollment notification
15954,0.02,0,High Risk,Personalized phone call with HR and benefits explanation
17790,1.0,1,Low Risk,Standard enrollment notification
10209,0.97,1,Low Risk,Standard enrollment notification
19041,0.0,0,High Risk,Personalized phone call with HR and benefits explanation
10055,0.05,0,High Risk,Personalized phone call with HR and benefits explanation
10356,1.0,1,Low Risk,Standard enrollment notification
14819,1.0,1,Low Risk,Standard enrollment notification
15620,0.99,1,Low Risk,Standard enrollment notification
18267,0.88,1,Low Risk,Standard enrollment notification
12589,0.0,0,High Risk,Personalized phone call with HR and benefits explanation
19434,0.08,0,High Risk,Personalized phone call with HR and benefits explanation
18253,0.95,1,Low Risk,Standard enrollment notification
15991,0.78,1,Low Risk,Standard enrollment notification
17032,0.07,0,High Risk,Personalized phone call with HR and benefits explanation
16120,1.0,1,Low Risk,Standard enrollment notification
17159,1.0,1,Low Risk,Standard enrollment notification
19755,0.98,1,Low Risk,Standard enrollment notification
14183,0.13,0,High Risk,Personalized phone call with HR and benefits explanation
11181,0.0,0,High Risk,Personalized phone call with HR and benefits explanation
11755,0.97,1,Low Risk,Standard enrollment notification
13377,0.0,0,High Risk,Personalized phone call with HR and benefits explanation
14703,1.0,1,Low Risk,Standard enrollment notification
12142,0.02,0,High Risk,Personalized phone call with HR and benefits explanation
19267,1.0,1,Low Risk,Standard enrollment notification
15433,0.94,1,Low Risk,Standard enrollment notification
19393,0.05,0,High Risk,Personalized phone call with HR and benefits explanation
13872,0.92,1,Low Risk,Standard enrollment notification
13975,0.12,0,High Risk,Personalized phone call with HR and benefits explanation
18674,0.93,1,Low Risk,Standard enrollment notification
17151,1.0,1,Low Risk,Standard enrollment notification
13937,0.98,1,Low Risk,Standard enrollment notification
15179,0.02,0,High Risk,Personalized phone call with HR and benefits explanation
18367,0.05,0,High Risk,Personalized phone call with HR and benefits explanation
11562,1.0,1,Low Risk,Standard enrollment notification
16987,1.0,1,Low Risk,Standard enrollment notification
16693,0.99,1,Low Risk,Standard enrollment notification
10118,0.94,1,Low Risk,Standard enrollment notification
17373,0.97,1,Low Risk,Standard enrollment notification
14252,0.01,0,High Risk,Personalized phone call with HR and benefits explanation
10385,0.99,1,Low Risk,Standard enrollment notification
12456,0.01,0,High Risk,Personalized phone call with HR and benefits explanation
19343,0.06,0,High Risk,Personalized phone call with HR and benefits explanation
19626,1.0,1,Low Risk,Standard enrollment notification
12269,1.0,1,Low Risk,Standard enrollment notification
19867,0.02,0,High Risk,Personalized phone call with HR and benefits explanation
13884,1.0,1,Low Risk,Standard enrollment notification
19669,0.0,0,High Risk,Personalized phone call with HR and benefits explanation
12022,1.0,1,Low Risk,Standard enrollment notification
10976,0.96,1,Low Risk,Standard enrollment notification
16938,0.95,1,Low Risk,Standard enrollment notification
15358,0.03,0,High Risk,Personalized phone call with HR and benefits explanation
15674,0.77,1,Low Risk,Standard enrollment notification
15732,0.98,1,Low Risk,Standard enrollment notification
17130,1.0,1,Low Risk,Standard enrollment notification
12659,0.97,1,Low Risk,Standard enrollment notification
16216,0.0,0,High Risk,Personalized phone call with HR and benefits explanation
11783,0.98,1,Low Risk,Standard enrollment notification
15238,0.98,1,Low Risk,Standard enrollment notification
19908,0.92,1,Low Risk,Standard enrollment notification
13186,0.94,1,Low Risk,Standard enrollment notification
13537,0.93,1,Low Risk,Standard enrollment notification
10516,0.02,0,High Risk,Personalized phone call with HR and benefits explanation
11749,0.97,1,Low Risk,Standard enrollment notification
17876,1.0,1,Low Risk,Standard enrollment notification
18729,1.0,1,Low Risk,Standard enrollment notification
15305,1.0,1,Low Risk,Standard enrollment notification
16776,0.99,1,Low Risk,Standard enrollment notification
11408,0.03,0,High Risk,Personalized phone call with HR and benefits explanation
14491,0.98,1,Low Risk,Standard enrollment notification
12776,0.0,0,High Risk,Personalized phone call with HR and benefits explanation
16839,0.97,1,Low Risk,Standard enrollment notification
10411,0.03,0,High Risk,Personalized phone call with HR and benefits explanation
18134,0.99,1,Low Risk,Standard enrollment notification
16235,0.03,0,High Risk,Personalized phone call with HR and benefits explanation
13258,0.0,0,High Risk,Personalized phone call with HR and benefits explanation
13040,0.01,0,High Risk,Personalized phone call with HR and benefits explanation
12726,0.02,0,High Risk,Personalized phone call with HR and benefits explanation
19629,0.01,0,High Risk,Personalized phone call with HR and benefits explanation
15776,0.07,0,High Risk,Personalized phone call with HR and benefits explanation
19588,1.0,1,Low Risk,Standard enrollment notification
14338,0.99,1,Low Risk,Standard enrollment notification
16981,0.9,1,Low Risk,Standard enrollment notification
15502,0.89,1,Low Risk,Standard enrollment notification
15450,0.01,0,High Risk,Personalized phone call with HR and benefits explanation
11097,1.0,1,Low Risk,Standard enrollment notification
16798,1.0,1,Low Risk,Standard enrollment notification
16687,0.03,0,High Risk,Personalized phone call with HR and benefits explanation
13542,1.0,1,Low Risk,Standard enrollment notification
19896,0.03,0,High Risk,Personalized phone call with HR and benefits explanation
14604,0.07,0,High Risk,Personalized phone call with HR and benefits explanation
15491,0.93,1,Low Risk,Standard enrollment notification
13175,1.0,1,Low Risk,Standard enrollment notification
11155,0.14,0,High Risk,Personalized phone call with HR and benefits explanation
13853,1.0,1,Low Risk,Standard enrollment notification
18633,0.01,0,High Risk,Personalized phone call with HR and benefits explanation
10523,1.0,1,Low Risk,Standard enrollment notification
10243,1.0,1,Low Risk,Standard enrollment notification
16452,0.03,0,High Risk,Personalized phone call with HR and benefits explanation
19586,0.01,0,High Risk,Personalized phone call with HR and benefits explanation
15015,0.98,1,Low Risk,Standard enrollment notification
13803,1.0,1,Low Risk,Standard enrollment notification
19466,0.98,1,Low Risk,Standard enrollment notification
12116,0.9,1,Low Risk,Standard enrollment notification
15380,0.0,0,High Risk,Personalized phone call with HR and benefits explanation
15385,0.96,1,Low Risk,Standard enrollment notification
13303,0.09,0,High Risk,Personalized phone call with HR and benefits explanation
15905,1.0,1,Low Risk,Standard enrollment notification
12587,0.99,1,Low Risk,Standard enrollment notification
10326,1.0,1,Low Risk,Standard enrollment notification
17094,0.97,1,Low Risk,Standard enrollment notification
12563,0.04,0,High Risk,Personalized phone call with HR and benefits explanation
14956,0.99,1,Low Risk,Standard enrollment notification
11597,0.86,1,Low Risk,Standard enrollment notification
11168,1.0,1,Low Risk,Standard enrollment notification
14340,0.98,1,Low Risk,Standard enrollment notification
19994,0.99,1,Low Risk,Standard enrollment notification
11872,1.0,1,Low Risk,Standard enrollment notification
18143,1.0,1,Low Risk,Standard enrollment notification
13675,0.96,1,Low Risk,Standard enrollment notification
13382,0.99,1,Low Risk,Standard enrollment notification
15722,0.99,1,Low Risk,Standard enrollment notification
11385,0.95,1,Low Risk,Standard enrollment notification
16027,0.88,1,Low Risk,Standard enrollment notification
15644,1.0,1,Low Risk,Standard enrollment notification
13827,1.0,1,Low Risk,Standard enrollment notification
11142,1.0,1,Low Risk,Standard enrollment notification
18972,0.92,1,Low Risk,Standard enrollment notification
14798,1.0,1,Low Risk,Standard enrollment notification
16989,0.07,0,High Risk,Personalized phone call with HR and benefits explanation
14268,0.0,0,High Risk,Personalized phone call with HR and benefits explanation
14215,0.0,0,High Risk,Personalized phone call with HR and benefits explanation
15609,0.0,0,High Risk,Personalized phone call with HR and benefits explanation
18222,0.01,0,High Risk,Personalized phone call with HR and benefits explanation
12906,0.13,0,High Risk,Personalized phone call with HR and benefits explanation
11486,0.98,1,Low Risk,Standard enrollment notification
14279,1.0,1,Low Risk,Standard enrollment notification
13862,0.96,1,Low Risk,Standard enrollment notification
13994,0.97,1,Low Risk,Standard enrollment notification
15704,0.06,0,High Risk,Personalized phone call with HR and benefits explanation
14469,1.0,1,Low Risk,Standard enrollment notification
10668,1.0,1,Low Risk,Standard enrollment notification
15324,0.93,1,Low Risk,Standard enrollment notification
18523,0.03,0,High Risk,Personalized phone call with HR and benefits explanation
10664,0.99,1,Low Risk,Standard enrollment notification
11545,0.98,1,Low Risk,Standard enrollment notification
15276,0.01,0,High Risk,Personalized phone call with HR and benefits explanation
13415,1.0,1,Low Risk,Standard enrollment notification
14212,0.04,0,High Risk,Personalized phone call with HR and benefits explanation
15849,0.98,1,Low Risk,Standard enrollment notification
11842,1.0,1,Low Risk,Standard enrollment notification
15869,1.0,1,Low Risk,Standard enrollment notification
13868,0.06,0,High Risk,Personalized phone call with HR and benefits explanation
10596,0.08,0,High Risk,Personalized phone call with HR and benefits explanation
12610,1.0,1,Low Risk,Standard enrollment notification
11792,1.0,1,Low Risk,Standard enrollment notification
19942,0.03,0,High Risk,Personalized phone call with HR and benefits explanation
11058,0.97,1,Low Risk,Standard enrollment notification
18601,0.95,1,Low Risk,Standard enrollment notification
11911,0.98,1,Low Risk,Standard enrollment notification
13547,1.0,1,Low Risk,Standard enrollment notification
14355,1.0,1,Low Risk,Standard enrollment notification
16696,0.07,0,High Risk,Personalized phone call with HR and benefits explanation
17359,0.87,1,Low Risk,Standard enrollment notification
16619,0.99,1,Low Risk,Standard enrollment notification
17583,0.0,0,High Risk,Personalized phone call with HR and benefits explanation
18301,1.0,1,Low Risk,Standard enrollment notification
18547,0.02,0,High Risk,Personalized phone call with HR and benefits explanation
12141,0.99,1,Low Risk,Standard enrollment notification
12884,0.92,1,Low Risk,Standard enrollment notification
13235,0.06,0,High Risk,Personalized phone call with HR and benefits explanation
10514,0.05,0,High Risk,Personalized phone call with HR and benefits explanation
19330,0.97,1,Low Risk,Standard enrollment notification
11143,0.0,0,High Risk,Personalized phone call with HR and benefits explanation
12409,0.03,0,High Risk,Personalized phone call with HR and benefits explanation
11180,0.08,0,High Risk,Personalized phone call with HR and benefits explanation
16644,0.86,1,Low Risk,Standard enrollment notification
15611,0.1,0,High Risk,Personalized phone call with HR and benefits explanation
13977,0.98,1,Low Risk,Standard enrollment notification
15853,0.99,1,Low Risk,Standard enrollment notification
13177,0.05,0,High Risk,Personalized phone call with HR and benefits explanation
13211,0.09,0,High Risk,Personalized phone call with HR and benefits explanation
13165,0.98,1,Low Risk,Standard enrollment notification
10064,0.05,0,High Risk,Personalized phone call with HR and benefits explanation
15413,0.98,1,Low Risk,Standard enrollment notification
11662,0.99,1,Low Risk,Standard enrollment notification
10222,0.03,0,High Risk,Personalized phone call with HR and benefits explanation
16580,0.93,1,Low Risk,Standard enrollment notification
10577,1.0,1,Low Risk,Standard enrollment notification
10583,0.99,1,Low Risk,Standard enrollment notification
18373,0.06,0,High Risk,Personalized phone call with HR and benefits explanation
10211,0.0,0,High Risk,Personalized phone call with HR and benefits explanation
12524,0.09,0,High Risk,Personalized phone call with HR and benefits explanation
15771,0.99,1,Low Risk,Standard enrollment notification
17158,0.99,1,Low Risk,Standard enrollment notification
18826,0.98,1,Low Risk,Standard enrollment notification
16909,0.05,0,High Risk,Personalized phone call with HR and benefits explanation
11392,0.98,1,Low Risk,Standard enrollment notification
10891,0.99,1,Low Risk,Standard enrollment notification
14857,0.02,0,High Risk,Personalized phone call with HR and benefits explanation
17426,1.0,1,Low Risk,Standard enrollment notification
13911,1.0,1,Low Risk,Standard enrollment notification
17172,0.88,1,Low Risk,Standard enrollment notification
15768,0.98,1,Low Risk,Standard enrollment notification
12400,0.98,1,Low Risk,Standard enrollment notification
18185,1.0,1,Low Risk,Standard enrollment notification
19278,1.0,1,Low Risk,Standard enrollment notification
10805,0.99,1,Low Risk,Standard enrollment notification
11321,0.03,0,High Risk,Personalized phone call with HR and benefits explanation
17328,0.0,0,High Risk,Personalized phone call with HR and benefits explanation
12700,0.98,1,Low Risk,Standard enrollment notification
15472,0.98,1,Low Risk,Standard enrollment notification
17628,0.96,1,Low Risk,Standard enrollment notification
17694,0.04,0,High Risk,Personalized phone call with HR and benefits explanation
12418,0.03,0,High Risk,Personalized phone call with HR and benefits explanation
12774,0.09,0,High Risk,Personalized phone call with HR and benefits explanation
15813,0.93,1,Low Risk,Standard enrollment notification
16191,1.0,1,Low Risk,Standard enrollment notification
19279,0.02,0,High Risk,Personalized phone call with HR and benefits explanation
17991,0.05,0,High Risk,Personalized phone call with HR and benefits explanation
13893,0.08,0,High Risk,Personalized phone call with HR and benefits explanation
17003,0.03,0,High Risk,Personalized phone call with HR and benefits explanation
17098,0.01,0,High Risk,Personalized phone call with HR and benefits explanation
19930,0.09,0,High Risk,Personalized phone call with HR and benefits explanation
19410,0.03,0,High Risk,Personalized phone call with HR and benefits explanation
16898,0.14,0,High Risk,Personalized phone call with HR and benefits explanation
19689,1.0,1,Low Risk,Standard enrollment notification
10325,0.0,0,High Risk,Personalized phone call with HR and benefits explanation
12902,0.03,0,High Risk,Personalized phone call with HR and benefits explanation
10276,0.07,0,High Risk,Personalized phone call with HR and benefits explanation
11522,1.0,1,Low Risk,Standard enrollment notification
13655,0.11,0,High Risk,Personalized phone call with HR and benefits explanation
17964,1.0,1,Low Risk,Standard enrollment notification
17145,1.0,1,Low Risk,Standard enrollment notification
10150,1.0,1,Low Risk,Standard enrollment notification
19976,0.99,1,Low Risk,Standard enrollment notification
12857,1.0,1,Low Risk,Standard enrollment notification
10296,1.0,1,Low Risk,Standard enrollment notification
12832,0.96,1,Low Risk,Standard enrollment notification
19901,1.0,1,Low Risk,Standard enrollment notification
15908,0.11,0,High Risk,Personalized phone call with HR and benefits explanation
13146,0.01,0,High Risk,Personalized phone call with HR and benefits explanation
11833,0.99,1,Low Risk,Standard enrollment notification
15622,0.96,1,Low Risk,Standard enrollment notification
19725,1.0,1,Low Risk,Standard enrollment notification
13908,1.0,1,Low Risk,Standard enrollment notification
16808,1.0,1,Low Risk,Standard enrollment notification
15569,1.0,1,Low Risk,Standard enrollment notification
11978,0.97,1,Low Risk,Standard enrollment notification
17364,1.0,1,Low Risk,Standard enrollment notification
16698,0.08,0,High Risk,Personalized phone call with HR and benefits explanation
15418,1.0,1,Low Risk,Standard enrollment notification
18577,1.0,1,Low Risk,Standard enrollment notification
12929,1.0,1,Low Risk,Standard enrollment notification
15519,1.0,1,Low Risk,Standard enrollment notification
17960,0.0,0,High Risk,Personalized phone call with HR and benefits explanation
13029,0.94,1,Low Risk,Standard enrollment notification
10048,0.11,0,High Risk,Personalized phone call with HR and benefits explanation
16476,0.96,1,Low Risk,Standard enrollment notification
11967,0.01,0,High Risk,Personalized phone call with HR and benefits explanation
10180,1.0,1,Low Risk,Standard enrollment notification
16095,0.99,1,Low Risk,Standard enrollment notification
15740,0.99,1,Low Risk,Standard enrollment notification
12951,0.88,1,Low Risk,Standard enrollment notification
19427,0.69,1,Low Risk,Standard enrollment notification
18422,0.98,1,Low Risk,Standard enrollment notification
17934,0.99,1,Low Risk,Standard enrollment notification
19260,1.0,1,Low Risk,Standard enrollment notification
19969,0.04,0,High Risk,Personalized phone call with HR and benefits explanation
12521,0.12,0,High Risk,Personalized phone call with HR and benefits explanation
15933,0.94,1,Low Risk,Standard enrollment notification
14800,1.0,1,Low Risk,Standard enrollment notification
14474,0.09,0,High Risk,Personalized phone call with HR and benefits explanation
16683,0.04,0,High Risk,Personalized phone call with HR and benefits explanation
12632,0.04,0,High Risk,Personalized phone call with HR and benefits explanation
13978,0.03,0,High Risk,Personalized phone call with HR and benefits explanation
18058,0.97,1,Low Risk,Standard enrollment notification
19812,0.06,0,High Risk,Personalized phone call with HR and benefits explanation
16501,0.88,1,Low Risk,Standard enrollment notification
12927,0.15,0,High Risk,Personalized phone call with HR and benefits explanation
10223,1.0,1,Low Risk,Standard enrollment notification
11544,1.0,1,Low Risk,Standard enrollment notification
17395,0.99,1,Low Risk,Standard enrollment notification
14953,0.0,0,High Risk,Personalized phone call with HR and benefits explanation
18603,0.04,0,High Risk,Personalized phone call with HR and benefits explanation
10163,0.0,0,High Risk,Personalized phone call with HR and benefits explanation
14899,0.99,1,Low Risk,Standard enrollment notification
16834,0.0,0,High Risk,Personalized phone call with HR and benefits explanation
12681,0.01,0,High Risk,Personalized phone call with HR and benefits explanation
16104,1.0,1,Low Risk,Standard enrollment notification
15301,0.03,0,High Risk,Personalized phone call with HR and benefits explanation
14712,0.0,0,High Risk,Personalized phone call with HR and benefits explanation
16922,0.99,1,Low Risk,Standard enrollment notification
16110,1.0,1,Low Risk,Standard enrollment notification
12555,1.0,1,Low Risk,Standard enrollment notification
13215,0.0,0,High Risk,Personalized phone call with HR and benefits explanation
12351,0.99,1,Low Risk,Standard enrollment notification
15376,0.09,0,High Risk,Personalized phone call with HR and benefits explanation
14716,1.0,1,Low Risk,Standard enrollment notification
19011,0.96,1,Low Risk,Standard enrollment notification
15117,0.08,0,High Risk,Personalized phone call with HR and benefits explanation
18056,0.94,1,Low Risk,Standard enrollment notification
12600,0.98,1,Low Risk,Standard enrollment notification
16036,1.0,1,Low Risk,Standard enrollment notification
10995,1.0,1,Low Risk,Standard enrollment notification
13325,1.0,1,Low Risk,Standard enrollment notification
19745,1.0,1,Low Risk,Standard enrollment notification
14284,0.99,1,Low Risk,Standard enrollment notification
12560,1.0,1,Low Risk,Standard enrollment notification
16369,1.0,1,Low Risk,Standard enrollment notification
13034,0.0,0,High Risk,Personalized phone call with HR and benefits explanation
18799,0.89,1,Low Risk,Standard enrollment notification
13058,0.99,1,Low Risk,Standard enrollment notification
15767,0.01,0,High Risk,Personalized phone call with HR and benefits explanation
15580,0.98,1,Low Risk,Standard enrollment notification
17812,0.0,0,High Risk,Personalized phone call with HR and benefits explanation
11674,0.84,1,Low Risk,Standard enrollment notification
13683,0.01,0,High Risk,Personalized phone call with HR and benefits explanation
17385,0.01,0,High Risk,Personalized phone call with HR and benefits explanation
10047,1.0,1,Low Risk,Standard enrollment notification
15645,0.04,0,High Risk,Personalized phone call with HR and benefits explanation
19936,0.98,1,Low Risk,Standard enrollment notification
15605,0.98,1,Low Risk,Standard enrollment notification
16382,0.99,1,Low Risk,Standard enrollment notification
13020,0.99,1,Low Risk,Standard enrollment notification
12093,0.05,0,High Risk,Personalized phone call with HR and benefits explanation
11742,1.0,1,Low Risk,Standard enrollment notification
10393,1.0,1,Low Risk,Standard enrollment notification
11724,0.98,1,Low Risk,Standard enrollment notification
18639,0.01,0,High Risk,Personalized phone call with HR and benefits explanation
12388,1.0,1,Low Risk,Standard enrollment notification
15812,0.0,0,High Risk,Personalized phone call with HR and benefits explanation
18905,1.0,1,Low Risk,Standard enrollment notification
19978,1.0,1,Low Risk,Standard enrollment notification
17797,1.0,1,Low Risk,Standard enrollment notification
15234,1.0,1,Low Risk,Standard enrollment notification
13923,0.98,1,Low Risk,Standard enrollment notification
19603,0.07,0,High Risk,Personalized phone call with HR and benefits explanation
17454,0.02,0,High Risk,Personalized phone call with HR and benefits explanation
18929,1.0,1,Low Risk,Standard enrollment notification
10117,0.01,0,High Risk,Personalized phone call with HR and benefits explanation
18370,0.06,0,High Risk,Personalized phone call with HR and benefits explanation
12067,0.97,1,Low Risk,Standard enrollment notification
10616,0.92,1,Low Risk,Standard enrollment notification
18181,1.0,1,Low Risk,Standard enrollment notification
11726,0.08,0,High Risk,Personalized phone call with HR and benefits explanation
12394,0.08,0,High Risk,Personalized phone call with HR and benefits explanation
10876,1.0,1,Low Risk,Standard enrollment notification
16177,0.97,1,Low Risk,Standard enrollment notification
14735,1.0,1,Low Risk,Standard enrollment notification
14804,0.06,0,High Risk,Personalized phone call with HR and benefits explanation
14570,0.99,1,Low Risk,Standard enrollment notification
14817,1.0,1,Low Risk,Standard enrollment notification
17881,1.0,1,Low Risk,Standard enrollment notification
19857,1.0,1,Low Risk,Standard enrollment notification
14365,1.0,1,Low Risk,Standard enrollment notification
13127,0.99,1,Low Risk,Standard enrollment notification
13172,0.98,1,Low Risk,Standard enrollment notification
10719,0.98,1,Low Risk,Standard enrollment notification
16435,1.0,1,Low Risk,Standard enrollment notification
11166,0.04,0,High Risk,Personalized phone call with HR and benefits explanation
12144,0.0,0,High Risk,Personalized phone call with HR and benefits explanation
11686,1.0,1,Low Risk,Standard enrollment notification
19597,1.0,1,Low Risk,Standard enrollment notification
15536,1.0,1,Low Risk,Standard enrollment notification
10739,0.17,0,High Risk,Personalized phone call with HR and benefits explanation
10159,0.91,1,Low Risk,Standard enrollment notification
12384,0.16,0,High Risk,Personalized phone call with HR and benefits explanation
13183,1.0,1,Low Risk,Standard enrollment notification
13327,0.13,0,High Risk,Personalized phone call with HR and benefits explanation
12550,0.98,1,Low Risk,Standard enrollment notification
16375,1.0,1,Low Risk,Standard enrollment notification
13329,0.0,0,High Risk,Personalized phone call with HR and benefits explanation
12361,0.95,1,Low Risk,Standard enrollment notification
14081,1.0,1,Low Risk,Standard enrollment notification
13179,0.98,1,Low Risk,Standard enrollment notification
14689,0.03,0,High Risk,Personalized phone call with HR and benefits explanation
13909,0.01,0,High Risk,Personalized phone call with HR and benefits explanation
12477,0.02,0,High Risk,Personalized phone call with HR and benefits explanation
18139,0.09,0,High Risk,Personalized phone call with HR and benefits explanation
17402,1.0,1,Low Risk,Standard enrollment notification
13751,0.96,1,Low Risk,Standard enrollment notification
12000,1.0,1,Low Risk,Standard enrollment notification
17164,0.01,0,High Risk,Personalized phone call with HR and benefits explanation
18828,0.98,1,Low Risk,Standard enrollment notification
19959,1.0,1,Low Risk,Standard enrollment notification
12071,0.98,1,Low Risk,Standard enrollment notification
17268,1.0,1,Low Risk,Standard enrollment notification
16919,0.99,1,Low Risk,Standard enrollment notification
18398,0.06,0,High Risk,Personalized phone call with HR and benefits explanation
16208,1.0,1,Low Risk,Standard enrollment notification
19398,0.01,0,High Risk,Personalized phone call with HR and benefits explanation
13568,0.96,1,Low Risk,Standard enrollment notification
14648,0.1,0,High Risk,Personalized phone call with HR and benefits explanation
10941,0.94,1,Low Risk,Standard enrollment notification
14198,0.97,1,Low Risk,Standard enrollment notification
17536,0.01,0,High Risk,Personalized phone call with HR and benefits explanation
19069,1.0,1,Low Risk,Standard enrollment notification
19391,1.0,1,Low Risk,Standard enrollment notification
16605,0.04,0,High Risk,Personalized phone call with HR and benefits explanation
17903,0.03,0,High Risk,Personalized phone call with HR and benefits explanation
12779,0.96,1,Low Risk,Standard enrollment notification
15182,0.01,0,High Risk,Personalized phone call with HR and benefits explanation
11114,1.0,1,Low Risk,Standard enrollment notification
15607,0.05,0,High Risk,Personalized phone call with HR and benefits explanation
12342,0.08,0,High Risk,Personalized phone call with HR and benefits explanation
10686,1.0,1,Low Risk,Standard enrollment notification
11990,1.0,1,Low Risk,Standard enrollment notification
11884,0.99,1,Low Risk,Standard enrollment notification
18707,0.23,0,High Risk,Personalized phone call with HR and benefits explanation
12994,0.01,0,High Risk,Personalized phone call with HR and benefits explanation
18034,0.0,0,High Risk,Personalized phone call with HR and benefits explanation
13180,0.01,0,High Risk,Personalized phone call with HR and benefits explanation
14017,0.01,0,High Risk,Personalized phone call with HR and benefits explanation
13282,0.05,0,High Risk,Personalized phone call with HR and benefits explanation
17368,0.95,1,Low Risk,Standard enrollment notification
16286,0.98,1,Low Risk,Standard enrollment notification
16178,0.99,1,Low Risk,Standard enrollment notification
10485,0.06,0,High Risk,Personalized phone call with HR and benefits explanation
15658,0.15,0,High Risk,Personalized phone call with HR and benefits explanation
17782,0.99,1,Low Risk,Standard enrollment notification
11096,0.01,0,High Risk,Personalized phone call with HR and benefits explanation
13748,0.98,1,Low Risk,Standard enrollment notification
18131,0.98,1,Low Risk,Standard enrollment notification
11084,0.01,0,High Risk,Personalized phone call with HR and benefits explanation
13171,1.0,1,Low Risk,Standard enrollment notification
13792,0.99,1,Low Risk,Standard enrollment notification
10734,0.02,0,High Risk,Personalized phone call with HR and benefits explanation
11418,0.98,1,Low Risk,Standard enrollment notification
18281,0.01,0,High Risk,Personalized phone call with HR and benefits explanation
12978,0.83,1,Low Risk,Standard enrollment notification
11067,0.01,0,High Risk,Personalized phone call with HR and benefits explanation
11916,0.02,0,High Risk,Personalized phone call with HR and benefits explanation
17033,0.91,1,Low Risk,Standard enrollment notification
10972,0.02,0,High Risk,Personalized phone call with HR and benefits explanation
19421,0.01,0,High Risk,Personalized phone call with HR and benefits explanation
15011,0.08,0,High Risk,Personalized phone call with HR and benefits explanation
10188,1.0,1,Low Risk,Standard enrollment notification
14077,1.0,1,Low Risk,Standard enrollment notification
14620,1.0,1,Low Risk,Standard enrollment notification
12339,0.94,1,Low Risk,Standard enrollment notification
14755,0.98,1,Low Risk,Standard enrollment notification
12732,0.93,1,Low Risk,Standard enrollment notification
15284,1.0,1,Low Risk,Standard enrollment notification
13509,0.11,0,High Risk,Personalized phone call with HR and benefits explanation
10831,1.0,1,Low Risk,Standard enrollment notification
15306,1.0,1,Low Risk,Standard enrollment notification
11681,0.97,1,Low Risk,Standard enrollment notification
14005,0.95,1,Low Risk,Standard enrollment notification
13658,0.23,0,High Risk,Personalized phone call with HR and benefits explanation
15772,0.96,1,Low Risk,Standard enrollment notification
14046,0.87,1,Low Risk,Standard enrollment notification
17245,0.99,1,Low Risk,Standard enrollment notification
14784,0.98,1,Low Risk,Standard enrollment notification
18278,1.0,1,Low Risk,Standard enrollment notification
16539,1.0,1,Low Risk,Standard enrollment notification
19059,0.96,1,Low Risk,Standard enrollment notification
16076,1.0,1,Low Risk,Standard enrollment notification
15972,0.21,0,High Risk,Personalized phone call with HR and benefits explanation
10054,0.95,1,Low Risk,Standard enrollment notification
19961,0.98,1,Low Risk,Standard enrollment notification
16506,0.97,1,Low Risk,Standard enrollment notification
18794,0.0,0,High Risk,Personalized phone call with HR and benefits explanation
16035,0.95,1,Low Risk,Standard enrollment notification
13624,0.08,0,High Risk,Personalized phone call with HR and benefits explanation
14153,0.97,1,Low Risk,Standard enrollment notification
13031,0.99,1,Low Risk,Standard enrollment notification
13312,0.02,0,High Risk,Personalized phone call with HR and benefits explanation
14707,0.14,0,High Risk,Personalized phone call with HR and benefits explanation
10564,0.24,0,High Risk,Personalized phone call with HR and benefits explanation
10912,0.12,0,High Risk,Personalized phone call with HR and benefits explanation
14933,1.0,1,Low Risk,Standard enrollment notification
12375,0.03,0,High Risk,Personalized phone call with HR and benefits explanation
17435,1.0,1,Low Risk,Standard enrollment notification
16188,0.99,1,Low Risk,Standard enrollment notification
18535,0.0,0,High Risk,Personalized phone call with HR and benefits explanation
16978,0.95,1,Low Risk,Standard enrollment notification
11057,0.85,1,Low Risk,Standard enrollment notification
10541,0.03,0,High Risk,Personalized phone call with HR and benefits explanation
13407,0.1,0,High Risk,Personalized phone call with HR and benefits explanation
16196,0.99,1,Low Risk,Standard enrollment notification
19235,0.0,0,High Risk,Personalized phone call with HR and benefits explanation
15066,0.01,0,High Risk,Personalized phone call with HR and benefits explanation
19264,0.94,1,Low Risk,Standard enrollment notification
11926,0.06,0,High Risk,Personalized phone call with HR and benefits explanation
13918,0.0,0,High Risk,Personalized phone call with HR and benefits explanation
19358,0.99,1,Low Risk,Standard enrollment notification
16406,0.99,1,Low Risk,Standard enrollment notification
11178,0.99,1,Low Risk,Standard enrollment notification
10246,0.99,1,Low Risk,Standard enrollment notification
14345,0.04,0,High Risk,Personalized phone call with HR and benefits explanation
18003,0.93,1,Low Risk,Standard enrollment notification
12903,0.01,0,High Risk,Personalized phone call with HR and benefits explanation
17344,0.0,0,High Risk,Personalized phone call with HR and benefits explanation
13535,1.0,1,Low Risk,Standard enrollment notification
18037,1.0,1,Low Risk,Standard enrollment notification
16136,0.97,1,Low Risk,Standard enrollment notification
14836,1.0,1,Low Risk,Standard enrollment notification
16957,1.0,1,Low Risk,Standard enrollment notification
15360,0.99,1,Low Risk,Standard enrollment notification
11355,0.72,1,Low Risk,Standard enrollment notification
10043,0.01,0,High Risk,Personalized phone call with HR and benefits explanation
12029,0.24,0,High Risk,Personalized phone call with HR and benefits explanation
15020,0.01,0,High Risk,Personalized phone call with HR and benefits explanation
17716,0.95,1,Low Risk,Standard enrollment notification
19594,1.0,1,Low Risk,Standard enrollment notification
11921,0.93,1,Low Risk,Standard enrollment notification
18995,0.0,0,High Risk,Personalized phone call with HR and benefits explanation
18876,0.99,1,Low Risk,Standard enrollment notification
11403,0.07,0,High Risk,Personalized phone call with HR and benefits explanation
12807,0.0,0,High Risk,Personalized phone call with HR and benefits explanation
13453,0.99,1,Low Risk,Standard enrollment notification
18038,0.0,0,High Risk,Personalized phone call with HR and benefits explanation
13203,0.11,0,High Risk,Personalized phone call with HR and benefits explanation
14107,0.97,1,Low Risk,Standard enrollment notification
13132,0.98,1,Low Risk,Standard enrollment notification
18293,0.93,1,Low Risk,Standard enrollment notification
15372,0.99,1,Low Risk,Standard enrollment notification
19760,1.0,1,Low Risk,Standard enrollment notification
10422,0.04,0,High Risk,Personalized phone call with HR and benefits explanation
17209,0.98,1,Low Risk,Standard enrollment notification
17995,0.09,0,High Risk,Personalized phone call with HR and benefits explanation
17704,0.0,0,High Risk,Personalized phone call with HR and benefits explanation
16526,0.0,0,High Risk,Personalized phone call with HR and benefits explanation
16030,0.95,1,Low Risk,Standard enrollment notification
19566,0.01,0,High Risk,Personalized phone call with HR and benefits explanation
15341,0.84,1,Low Risk,Standard enrollment notification
10131,0.96,1,Low Risk,Standard enrollment notification
12968,0.07,0,High Risk,Personalized phone call with HR and benefits explanation
13625,0.94,1,Low Risk,Standard enrollment notification
17072,0.03,0,High Risk,Personalized phone call with HR and benefits explanation
18452,0.9,1,Low Risk,Standard enrollment notification
18913,0.03,0,High Risk,Personalized phone call with HR and benefits explanation
12990,1.0,1,Low Risk,Standard enrollment notification
17970,0.0,0,High Risk,Personalized phone call with HR and benefits explanation
19723,0.01,0,High Risk,Personalized phone call with HR and benefits explanation
14611,1.0,1,Low Risk,Standard enrollment notification
12444,0.0,0,High Risk,Personalized phone call with HR and benefits explanation
12125,0.06,0,High Risk,Personalized phone call with HR and benefits explanation
17852,1.0,1,Low Risk,Standard enrollment notification
16747,0.05,0,High Risk,Personalized phone call with HR and benefits explanation
15101,1.0,1,Low Risk,Standard enrollment notification
16541,0.0,0,High Risk,Personalized phone call with HR and benefits explanation
17550,0.01,0,High Risk,Personalized phone call with HR and benefits explanation
10248,1.0,1,Low Risk,Standard enrollment notification
13074,0.0,0,High Risk,Personalized phone call with HR and benefits explanation
15498,0.0,0,High Risk,Personalized phone call with HR and benefits explanation
18593,0.0,0,High Risk,Personalized phone call with HR and benefits explanation
18048,0.99,1,Low Risk,Standard enrollment notification
16420,0.97,1,Low Risk,Standard enrollment notification
18285,0.99,1,Low Risk,Standard enrollment notification
19929,0.16,0,High Risk,Personalized phone call with HR and benefits explanation
18472,0.02,0,High Risk,Personalized phone call with HR and benefits explanation
11761,0.95,1,Low Risk,Standard enrollment notification
17196,0.0,0,High Risk,Personalized phone call with HR and benefits explanation
19242,0.22,0,High Risk,Personalized phone call with HR and benefits explanation
13435,0.9,1,Low Risk,Standard enrollment notification
10893,0.0,0,High Risk,Personalized phone call with HR and benefits explanation
11336,0.09,0,High Risk,Personalized phone call with HR and benefits explanation
13351,1.0,1,Low Risk,Standard enrollment notification
14241,1.0,1,Low Risk,Standard enrollment notification
12245,0.91,1,Low Risk,Standard enrollment notification
10397,1.0,1,Low Risk,Standard enrollment notification
19785,1.0,1,Low Risk,Standard enrollment notification
12018,0.0,0,High Risk,Personalized phone call with HR and benefits explanation
12135,0.12,0,High Risk,Personalized phone call with HR and benefits explanation
17213,0.0,0,High Risk,Personalized phone call with HR and benefits explanation
18223,0.96,1,Low Risk,Standard enrollment notification
14095,0.99,1,Low Risk,Standard enrollment notification
17971,0.03,0,High Risk,Personalized phone call with HR and benefits explanation
13503,0.89,1,Low Risk,Standard enrollment notification
13045,1.0,1,Low Risk,Standard enrollment notification
13926,0.0,0,High Risk,Personalized phone call with HR and benefits explanation
15929,0.98,1,Low Risk,Standard enrollment notification
14713,0.98,1,Low Risk,Standard enrollment notification
16923,0.96,1,Low Risk,Standard enrollment notification
10906,0.0,0,High Risk,Personalized phone call with HR and benefits explanation
17490,1.0,1,Low Risk,Standard enrollment notification
11803,0.05,0,High Risk,Personalized phone call with HR and benefits explanation
15260,0.04,0,High Risk,Personalized phone call with HR and benefits explanation
19665,1.0,1,Low Risk,Standard enrollment notification
19243,1.0,1,Low Risk,Standard enrollment notification
18810,0.03,0,High Risk,Personalized phone call with HR and benefits explanation
12218,1.0,1,Low Risk,Standard enrollment notification
18174,0.07,0,High Risk,Personalized phone call with HR and benefits explanation
17954,1.0,1,Low Risk,Standard enrollment notification
17462,0.04,0,High Risk,Personalized phone call with HR and benefits explanation
19822,0.99,1,Low Risk,Standard enrollment notification
17080,0.94,1,Low Risk,Standard enrollment notification
16443,0.98,1,Low Risk,Standard enrollment notification
14292,0.99,1,Low Risk,Standard enrollment notification
14393,1.0,1,Low Risk,Standard enrollment notification
15680,0.99,1,Low Risk,Standard enrollment notification
17697,0.05,0,High Risk,Personalized phone call with HR and benefits explanation
13284,0.85,1,Low Risk,Standard enrollment notification
16446,0.0,0,High Risk,Personalized phone call with HR and benefits explanation
17886,0.0,0,High Risk,Personalized phone call with HR and benefits explanation
11232,0.9,1,Low Risk,Standard enrollment notification
19704,0.04,0,High Risk,Personalized phone call with HR and benefits explanation
13318,0.0,0,High Risk,Personalized phone call with HR and benefits explanation
17401,0.98,1,Low Risk,Standard enrollment notification
14918,0.97,1,Low Risk,Standard enrollment notification
19879,0.03,0,High Risk,Personalized phone call with HR and benefits explanation
14556,0.97,1,Low Risk,Standard enrollment notification
11302,0.26,0,High Risk,Personalized phone call with HR and benefits explanation
12669,1.0,1,Low Risk,Standard enrollment notification
12536,1.0,1,Low Risk,Standard enrollment notification
16242,0.04,0,High Risk,Personalized phone call with HR and benefits explanation
19195,0.99,1,Low Risk,Standard enrollment notification
19670,0.99,1,Low Risk,Standard enrollment notification
12425,0.98,1,Low Risk,Standard enrollment notification
13984,0.93,1,Low Risk,Standard enrollment notification
18720,1.0,1,Low Risk,Standard enrollment notification
10155,0.01,0,High Risk,Personalized phone call with HR and benefits explanation
18216,0.87,1,Low Risk,Standard enrollment notification
17056,0.0,0,High Risk,Personalized phone call with HR and benefits explanation
11335,0.99,1,Low Risk,Standard enrollment notification
16863,0.03,0,High Risk,Personalized phone call with HR and benefits explanation
17374,0.06,0,High Risk,Personalized phone call with HR and benefits explanation
19487,0.01,0,High Risk,Personalized phone call with HR and benefits explanation
12941,1.0,1,Low Risk,Standard enrollment notification
14476,0.99,1,Low Risk,Standard enrollment notification
17281,0.08,0,High Risk,Personalized phone call with HR and benefits explanation
15641,0.02,0,High Risk,Personalized phone call with HR and benefits explanation
11904,0.99,1,Low Risk,Standard enrollment notification
16735,0.99,1,Low Risk,Standard enrollment notification
14418,0.05,0,High Risk,Personalized phone call with HR and benefits explanation
12846,1.0,1,Low Risk,Standard enrollment notification
18622,0.97,1,Low Risk,Standard enrollment notification
16383,0.21,0,High Risk,Personalized phone call with HR and benefits explanation
18481,1.0,1,Low Risk,Standard enrollment notification
14679,0.94,1,Low Risk,Standard enrollment notification
12897,0.01,0,High Risk,Personalized phone call with HR and benefits explanation
16695,0.0,0,High Risk,Personalized phone call with HR and benefits explanation
13273,1.0,1,Low Risk,Standard enrollment notification
14943,0.0,0,High Risk,Personalized phone call with HR and benefits explanation
18129,1.0,1,Low Risk,Standard enrollment notification
19334,1.0,1,Low Risk,Standard enrollment notification
15275,1.0,1,Low Risk,Standard enrollment notification
10450,0.0,0,High Risk,Personalized phone call with HR and benefits explanation
19613,0.03,0,High Risk,Personalized phone call with HR and benefits explanation
14450,0.02,0,High Risk,Personalized phone call with HR and benefits explanation
11683,0.99,1,Low Risk,Standard enrollment notification
15825,0.96,1,Low Risk,Standard enrollment notification
18973,0.14,0,High Risk,Personalized phone call with HR and benefits explanation
16653,0.98,1,Low Risk,Standard enrollment notification
13112,1.0,1,Low Risk,Standard enrollment notification
13561,0.14,0,High Risk,Personalized phone call with HR and benefits explanation
13776,0.04,0,High Risk,Personalized phone call with HR and benefits explanation
13204,0.06,0,High Risk,Personalized phone call with HR and benefits explanation
12283,0.98,1,Low Risk,Standard enrollment notification
10076,0.02,0,High Risk,Personalized phone call with HR and benefits explanation
15442,1.0,1,Low Risk,Standard enrollment notification
10877,0.08,0,High Risk,Personalized phone call with HR and benefits explanation
13894,0.99,1,Low Risk,Standard enrollment notification
17188,0.98,1,Low Risk,Standard enrollment notification
13654,1.0,1,Low Risk,Standard enrollment notification
15532,1.0,1,Low Risk,Standard enrollment notification
15985,1.0,1,Low Risk,Standard enrollment notification
14984,0.99,1,Low Risk,Standard enrollment notification
16496,0.07,0,High Risk,Personalized phone call with HR and benefits explanation
17437,0.84,1,Low Risk,Standard enrollment notification
11876,0.97,1,Low Risk,Standard enrollment notification
14446,0.01,0,High Risk,Personalized phone call with HR and benefits explanation
18545,0.99,1,Low Risk,Standard enrollment notification
12910,1.0,1,Low Risk,Standard enrollment notification
13223,0.12,0,High Risk,Personalized phone call with HR and benefits explanation
17968,0.01,0,High Risk,Personalized phone call with HR and benefits explanation
13553,0.95,1,Low Risk,Standard enrollment notification
11569,0.16,0,High Risk,Personalized phone call with HR and benefits explanation
14328,0.99,1,Low Risk,Standard enrollment notification
13360,1.0,1,Low Risk,Standard enrollment notification
11198,0.04,0,High Risk,Personalized phone call with HR and benefits explanation
17040,1.0,1,Low Risk,Standard enrollment notification
15377,0.9,1,Low Risk,Standard enrollment notification
14333,1.0,1,Low Risk,Standard enrollment notification
17874,0.12,0,High Risk,Personalized phone call with HR and benefits explanation
19633,1.0,1,Low Risk,Standard enrollment notification
10349,0.99,1,Low Risk,Standard enrollment notification
12416,0.01,0,High Risk,Personalized phone call with HR and benefits explanation
14343,1.0,1,Low Risk,Standard enrollment notification
18957,0.05,0,High Risk,Personalized phone call with HR and benefits explanation
19578,0.0,0,High Risk,Personalized phone call with HR and benefits explanation
14180,1.0,1,Low Risk,Standard enrollment notification
11858,0.01,0,High Risk,Personalized phone call with HR and benefits explanation
17147,0.02,0,High Risk,Personalized phone call with HR and benefits explanation
15018,0.0,0,High Risk,Personalized phone call with HR and benefits explanation
13311,0.99,1,Low Risk,Standard enrollment notification
12194,0.9,1,Low Risk,Standard enrollment notification
18255,0.99,1,Low Risk,Standard enrollment notification
14665,0.91,1,Low Risk,Standard enrollment notification
17895,1.0,1,Low Risk,Standard enrollment notification
16213,0.25,0,High Risk,Personalized phone call with HR and benefits explanation
12747,1.0,1,Low Risk,Standard enrollment notification
10780,0.0,0,High Risk,Personalized phone call with HR and benefits explanation
16217,0.06,0,High Risk,Personalized phone call with HR and benefits explanation
19239,0.0,0,High Risk,Personalized phone call with HR and benefits explanation
18179,1.0,1,Low Risk,Standard enrollment notification
11932,0.09,0,High Risk,Personalized phone call with HR and benefits explanation
10856,0.0,0,High Risk,Personalized phone call with HR and benefits explanation
19515,0.95,1,Low Risk,Standard enrollment notification
11671,0.97,1,Low Risk,Standard enrollment notification
14561,0.0,0,High Risk,Personalized phone call with HR and benefits explanation
19617,0.07,0,High Risk,Personalized phone call with HR and benefits explanation
16912,0.1,0,High Risk,Personalized phone call with HR and benefits explanation
19772,0.95,1,Low Risk,Standard enrollment notification
16963,0.98,1,Low Risk,Standard enrollment notification
10452,0.99,1,Low Risk,Standard enrollment notification
12407,0.0,0,High Risk,Personalized phone call with HR and benefits explanation
18693,0.94,1,Low Risk,Standard enrollment notification
16962,0.0,0,High Risk,Personalized phone call with HR and benefits explanation
16833,1.0,1,Low Risk,Standard enrollment notification
17883,0.04,0,High Risk,Personalized phone call with HR and benefits explanation
19498,1.0,1,Low Risk,Standard enrollment notification
15533,1.0,1,Low Risk,Standard enrollment notification
17937,0.99,1,Low Risk,Standard enrollment notification
15196,1.0,1,Low Risk,Standard enrollment notification
10897,0.02,0,High Risk,Personalized phone call with HR and benefits explanation
17223,0.99,1,Low Risk,Standard enrollment notification
12688,0.0,0,High Risk,Personalized phone call with HR and benefits explanation
12949,0.97,1,Low Risk,Standard enrollment notification
11847,0.22,0,High Risk,Personalized phone call with HR and benefits explanation
14924,0.99,1,Low Risk,Standard enrollment notification
10103,0.01,0,High Risk,Personalized phone call with HR and benefits explanation
12297,0.99,1,Low Risk,Standard enrollment notification
17901,0.02,0,High Risk,Personalized phone call with HR and benefits explanation
13682,0.0,0,High Risk,Personalized phone call with HR and benefits explanation
10763,0.99,1,Low Risk,Standard enrollment notification
11334,0.99,1,Low Risk,Standard enrollment notification
19163,0.25,0,High Risk,Personalized phone call with HR and benefits explanation
11592,0.03,0,High Risk,Personalized phone call with HR and benefits explanation
14460,1.0,1,Low Risk,Standard enrollment notification
13964,0.96,1,Low Risk,Standard enrollment notification
12585,0.0,0,High Risk,Personalized phone call with HR and benefits explanation
18833,0.99,1,Low Risk,Standard enrollment notification
17088,0.02,0,High Risk,Personalized phone call with HR and benefits explanation
15630,0.09,0,High Risk,Personalized phone call with HR and benefits explanation
17497,0.97,1,Low Risk,Standard enrollment notification
10184,0.93,1,Low Risk,Standard enrollment notification
16737,0.9,1,Low Risk,Standard enrollment notification
12347,1.0,1,Low Risk,Standard enrollment notification
11229,1.0,1,Low Risk,Standard enrollment notification
10843,0.02,0,High Risk,Personalized phone call with HR and benefits explanation
11127,0.09,0,High Risk,Personalized phone call with HR and benefits explanation
15655,0.0,0,High Risk,Personalized phone call with HR and benefits explanation
17653,0.95,1,Low Risk,Standard enrollment notification
10952,0.01,0,High Risk,Personalized phone call with HR and benefits explanation
16528,0.99,1,Low Risk,Standard enrollment notification
18241,1.0,1,Low Risk,Standard enrollment notification
16082,0.0,0,High Risk,Personalized phone call with HR and benefits explanation
13817,1.0,1,Low Risk,Standard enrollment notification
13895,0.98,1,Low Risk,Standard enrollment notification
12421,1.0,1,Low Risk,Standard enrollment notification
18010,0.97,1,Low Risk,Standard enrollment notification
16457,0.0,0,High Risk,Personalized phone call with HR and benefits explanation
18205,1.0,1,Low Risk,Standard enrollment notification
16096,0.01,0,High Risk,Personalized phone call with HR and benefits explanation
11131,0.1,0,High Risk,Personalized phone call with HR and benefits explanation
11261,0.97,1,Low Risk,Standard enrollment notification
18559,1.0,1,Low Risk,Standard enrollment notification
17422,0.0,0,High Risk,Personalized phone call with HR and benefits explanation
17026,0.0,0,High Risk,Personalized phone call with HR and benefits explanation
16977,0.28,0,High Risk,Personalized phone call with HR and benefits explanation
15526,0.0,0,High Risk,Personalized phone call with HR and benefits explanation
19798,0.0,0,High Risk,Personalized phone call with HR and benefits explanation
11741,0.9,1,Low Risk,Standard enrollment notification
12432,1.0,1,Low Risk,Standard enrollment notification
16732,1.0,1,Low Risk,Standard enrollment notification
16976,0.02,0,High Risk,Personalized phone call with HR and benefits explanation
18459,0.03,0,High Risk,Personalized phone call with HR and benefits explanation
12467,0.74,1,Low Risk,Standard enrollment notification
18153,0.96,1,Low Risk,Standard enrollment notification
10904,1.0,1,Low Risk,Standard enrollment notification
17955,0.08,0,High Risk,Personalized phone call with HR and benefits explanation
19948,0.04,0,High Risk,Personalized phone call with HR and benefits explanation
11997,1.0,1,Low Risk,Standard enrollment notification
13067,0.94,1,Low Risk,Standard enrollment notification
17156,1.0,1,Low Risk,Standard enrollment notification
19034,0.99,1,Low Risk,Standard enrollment notification
10388,0.02,0,High Risk,Personalized phone call with HR and benefits explanation
16461,0.94,1,Low Risk,Standard enrollment notification
13565,1.0,1,Low Risk,Standard enrollment notification
13271,0.04,0,High Risk,Personalized phone call with HR and benefits explanation
18554,1.0,1,Low Risk,Standard enrollment notification
19635,0.0,0,High Risk,Personalized phone call with HR and benefits explanation
12336,0.66,1,Low Risk,Standard enrollment notification
16651,0.02,0,High Risk,Personalized phone call with HR and benefits explanation
18379,1.0,1,Low Risk,Standard enrollment notification
14056,0.19,0,High Risk,Personalized phone call with HR and benefits explanation
11474,0.97,1,Low Risk,Standard enrollment notification
12576,0.98,1,Low Risk,Standard enrollment notification
12754,0.97,1,Low Risk,Standard enrollment notification
16766,0.92,1,Low Risk,Standard enrollment notification
18877,0.01,0,High Risk,Personalized phone call with HR and benefits explanation
14381,0.09,0,High Risk,Personalized phone call with HR and benefits explanation
18823,0.01,0,High Risk,Personalized phone call with HR and benefits explanation
15798,1.0,1,Low Risk,Standard enrollment notification
13773,0.96,1,Low Risk,Standard enrollment notification
17578,0.98,1,Low Risk,Standard enrollment notification
10461,0.97,1,Low Risk,Standard enrollment notification
14097,0.12,0,High Risk,Personalized phone call with HR and benefits explanation
11194,0.9,1,Low Risk,Standard enrollment notification
12515,0.01,0,High Risk,Personalized phone call with HR and benefits explanation
10886,0.99,1,Low Risk,Standard enrollment notification
18321,0.07,0,High Risk,Personalized phone call with HR and benefits explanation
14105,0.04,0,High Risk,Personalized phone call with HR and benefits explanation
13614,0.0,0,High Risk,Personalized phone call with HR and benefits explanation
10344,0.04,0,High Risk,Personalized phone call with HR and benefits explanation
19184,0.04,0,High Risk,Personalized phone call with HR and benefits explanation
13781,1.0,1,Low Risk,Standard enrollment notification
12569,1.0,1,Low Risk,Standard enrollment notification
12200,0.01,0,High Risk,Personalized phone call with HR and benefits explanation
12105,1.0,1,Low Risk,Standard enrollment notification
15803,0.09,0,High Risk,Personalized phone call with HR and benefits explanation
18412,1.0,1,Low Risk,Standard enrollment notification
11778,0.05,0,High Risk,Personalized phone call with HR and benefits explanation
15920,0.78,1,Low Risk,Standard enrollment notification
18137,1.0,1,Low Risk,Standard enrollment notification
10098,0.01,0,High Risk,Personalized phone call with HR and benefits explanation
15254,0.94,1,Low Risk,Standard enrollment notification
15651,1.0,1,Low Risk,Standard enrollment notification
10315,0.01,0,High Risk,Personalized phone call with HR and benefits explanation
15503,0.93,1,Low Risk,Standard enrollment notification
13484,0.92,1,Low Risk,Standard enrollment notification
18232,0.93,1,Low Risk,Standard enrollment notification
15587,1.0,1,Low Risk,Standard enrollment notification
12601,0.99,1,Low Risk,Standard enrollment notification
15748,0.97,1,Low Risk,Standard enrollment notification
12588,0.99,1,Low Risk,Standard enrollment notification
15069,0.03,0,High Risk,Personalized phone call with HR and benefits explanation
19933,0.0,0,High Risk,Personalized phone call with HR and benefits explanation
12412,1.0,1,Low Risk,Standard enrollment notification
11697,0.01,0,High Risk,Personalized phone call with HR and benefits explanation
14371,0.9,1,Low Risk,Standard enrollment notification
11391,1.0,1,Low Risk,Standard enrollment notification
15647,1.0,1,Low Risk,Standard enrollment notification
13784,1.0,1,Low Risk,Standard enrollment notification
17531,0.99,1,Low Risk,Standard enrollment notification
19062,0.97,1,Low Risk,Standard enrollment notification
15417,0.92,1,Low Risk,Standard enrollment notification
10040,0.07,0,High Risk,Personalized phone call with HR and benefits explanation
11325,0.93,1,Low Risk,Standard enrollment notification
15603,1.0,1,Low Risk,Standard enrollment notification
18580,0.09,0,High Risk,Personalized phone call with HR and benefits explanation
18103,0.7,1,Low Risk,Standard enrollment notification
17753,0.97,1,Low Risk,Standard enrollment notification
17406,0.97,1,Low Risk,Standard enrollment notification
15019,0.11,0,High Risk,Personalized phone call with HR and benefits explanation
15852,0.0,0,High Risk,Personalized phone call with HR and benefits explanation
12496,0.03,0,High Risk,Personalized phone call with HR and benefits explanation
19990,1.0,1,Low Risk,Standard enrollment notification
13733,0.99,1,Low Risk,Standard enrollment notification
16450,0.0,0,High Risk,Personalized phone call with HR and benefits explanation
13017,0.13,0,High Risk,Personalized phone call with HR and benefits explanation
12647,0.01,0,High Risk,Personalized phone call with HR and benefits explanation
10102,0.0,0,High Risk,Personalized phone call with HR and benefits explanation
11315,0.98,1,Low Risk,Standard enrollment notification
13032,1.0,1,Low Risk,Standard enrollment notification
11441,0.99,1,Low Risk,Standard enrollment notification
19560,0.01,0,High Risk,Personalized phone call with HR and benefits explanation
18192,0.03,0,High Risk,Personalized phone call with HR and benefits explanation
17810,0.02,0,High Risk,Personalized phone call with HR and benefits explanation
17346,0.02,0,High Risk,Personalized phone call with HR and benefits explanation
13361,0.99,1,Low Risk,Standard enrollment notification
18631,0.99,1,Low Risk,Standard enrollment notification
13649,0.89,1,Low Risk,Standard enrollment notification
18829,1.0,1,Low Risk,Standard enrollment notification
17962,0.95,1,Low Risk,Standard enrollment notification
10221,0.98,1,Low Risk,Standard enrollment notification
15100,0.98,1,Low Risk,Standard enrollment notification
12143,0.97,1,Low Risk,Standard enrollment notification
14911,0.04,0,High Risk,Personalized phone call with HR and benefits explanation
11573,0.94,1,Low Risk,Standard enrollment notification
11164,1.0,1,Low Risk,Standard enrollment notification
16803,1.0,1,Low Risk,Standard enrollment notification
14537,0.97,1,Low Risk,Standard enrollment notification
13428,0.99,1,Low Risk,Standard enrollment notification
19444,1.0,1,Low Risk,Standard enrollment notification
10232,0.0,0,High Risk,Personalized phone call with HR and benefits explanation
17854,1.0,1,Low Risk,Standard enrollment notification
12199,1.0,1,Low Risk,Standard enrollment notification
16658,0.13,0,High Risk,Personalized phone call with HR and benefits explanation
17772,0.22,0,High Risk,Personalized phone call with HR and benefits explanation
19582,0.02,0,High Risk,Personalized phone call with HR and benefits explanation
17530,0.91,1,Low Risk,Standard enrollment notification
12879,0.16,0,High Risk,Personalized phone call with HR and benefits explanation
18075,0.03,0,High Risk,Personalized phone call with HR and benefits explanation
13954,0.94,1,Low Risk,Standard enrollment notification
17992,0.95,1,Low Risk,Standard enrollment notification
14244,1.0,1,Low Risk,Standard enrollment notification
13493,0.01,0,High Risk,Personalized phone call with HR and benefits explanation
10540,1.0,1,Low Risk,Standard enrollment notification
10684,0.03,0,High Risk,Personalized phone call with HR and benefits explanation
11629,0.95,1,Low Risk,Standard enrollment notification
17627,1.0,1,Low Risk,Standard enrollment notification
11285,0.99,1,Low Risk,Standard enrollment notification
15781,0.16,0,High Risk,Personalized phone call with HR and benefits explanation
14688,0.98,1,Low Risk,Standard enrollment notification
12360,1.0,1,Low Risk,Standard enrollment notification
17169,0.96,1,Low Risk,Standard enrollment notification
16255,0.0,0,High Risk,Personalized phone call with HR and benefits explanation
12316,0.01,0,High Risk,Personalized phone call with HR and benefits explanation
18880,0.02,0,High Risk,Personalized phone call with HR and benefits explanation
17185,0.92,1,Low Risk,Standard enrollment notification
13775,0.98,1,Low Risk,Standard enrollment notification
14467,0.97,1,Low Risk,Standard enrollment notification
15990,0.99,1,Low Risk,Standard enrollment notification
18327,0.26,0,High Risk,Personalized phone call with HR and benefits explanation
10162,0.99,1,Low Risk,Standard enrollment notification
18750,0.98,1,Low Risk,Standard enrollment notification
16200,0.98,1,Low Risk,Standard enrollment notification
13156,1.0,1,Low Risk,Standard enrollment notification
19651,0.03,0,High Risk,Personalized phone call with HR and benefits explanation
18387,0.16,0,High Risk,Personalized phone call with HR and benefits explanation
11280,0.99,1,Low Risk,Standard enrollment notification
18391,0.0,0,High Risk,Personalized phone call with HR and benefits explanation
13504,0.92,1,Low Risk,Standard enrollment notification
12387,1.0,1,Low Risk,Standard enrollment notification
15408,1.0,1,Low Risk,Standard enrollment notification
12517,0.03,0,High Risk,Personalized phone call with HR and benefits explanation
12793,0.97,1,Low Risk,Standard enrollment notification
10925,0.06,0,High Risk,Personalized phone call with HR and benefits explanation
17869,0.98,1,Low Risk,Standard enrollment notification
14525,0.84,1,Low Risk,Standard enrollment notification
17332,0.95,1,Low Risk,Standard enrollment notification
10771,0.99,1,Low Risk,Standard enrollment notification
15846,0.97,1,Low Risk,Standard enrollment notification
15581,0.07,0,High Risk,Personalized phone call with HR and benefits explanation
19569,0.0,0,High Risk,Personalized phone call with HR and benefits explanation
14837,1.0,1,Low Risk,Standard enrollment notification
10696,0.04,0,High Risk,Personalized phone call with HR and benefits explanation
12268,0.0,0,High Risk,Personalized phone call with HR and benefits explanation
13317,0.03,0,High Risk,Personalized phone call with HR and benefits explanation
19777,0.22,0,High Risk,Personalized phone call with HR and benefits explanation
13214,0.01,0,High Risk,Personalized phone call with HR and benefits explanation
14472,0.0,0,High Risk,Personalized phone call with HR and benefits explanation
11966,1.0,1,Low Risk,Standard enrollment notification
11220,0.1,0,High Risk,Personalized phone call with HR and benefits explanation
14602,0.99,1,Low Risk,Standard enrollment notification
14565,0.93,1,Low Risk,Standard enrollment notification
19559,0.01,0,High Risk,Personalized phone call with HR and benefits explanation
11936,0.02,0,High Risk,Personalized phone call with HR and benefits explanation
19863,0.13,0,High Risk,Personalized phone call with HR and benefits explanation
14325,0.99,1,Low Risk,Standard enrollment notification
13268,0.99,1,Low Risk,Standard enrollment notification
14560,0.15,0,High Risk,Personalized phone call with HR and benefits explanation
12169,0.99,1,Low Risk,Standard enrollment notification
18430,0.95,1,Low Risk,Standard enrollment notification
17624,0.89,1,Low Risk,Standard enrollment notification
14088,0.98,1,Low Risk,Standard enrollment notification
18380,0.89,1,Low Risk,Standard enrollment notification
10063,1.0,1,Low Risk,Standard enrollment notification
11374,0.86,1,Low Risk,Standard enrollment notification
19227,0.99,1,Low Risk,Standard enrollment notification
17334,1.0,1,Low Risk,Standard enrollment notification
19529,1.0,1,Low Risk,Standard enrollment notification
18480,0.02,0,High Risk,Personalized phone call with HR and benefits explanation
19871,1.0,1,Low Risk,Standard enrollment notification
12457,0.01,0,High Risk,Personalized phone call with HR and benefits explanation
19401,0.01,0,High Risk,Personalized phone call with HR and benefits explanation
14763,0.08,0,High Risk,Personalized phone call with HR and benefits explanation
18280,1.0,1,Low Risk,Standard enrollment notification
11376,0.97,1,Low Risk,Standard enrollment notification
11815,1.0,1,Low Risk,Standard enrollment notification
14765,0.97,1,Low Risk,Standard enrollment notification
11993,1.0,1,Low Risk,Standard enrollment notification
17515,0.0,0,High Risk,Personalized phone call with HR and benefits explanation
11170,0.02,0,High Risk,Personalized phone call with HR and benefits explanation
19938,0.99,1,Low Risk,Standard enrollment notification
15761,0.99,1,Low Risk,Standard enrollment notification
16434,1.0,1,Low Risk,Standard enrollment notification
14509,0.11,0,High Risk,Personalized phone call with HR and benefits explanation
18885,0.99,1,Low Risk,Standard enrollment notification
10671,1.0,1,Low Risk,Standard enrollment notification
14732,1.0,1,Low Risk,Standard enrollment notification
11758,0.01,0,High Risk,Personalized phone call with HR and benefits explanation
11782,0.0,0,High Risk,Personalized phone call with HR and benefits explanation
13983,0.91,1,Low Risk,Standard enrollment notification
19860,1.0,1,Low Risk,Standard enrollment notification
18085,0.97,1,Low Risk,Standard enrollment notification
11225,0.97,1,Low Risk,Standard enrollment notification
12122,0.06,0,High Risk,Personalized phone call with HR and benefits explanation
19145,0.98,1,Low Risk,Standard enrollment notification
12790,0.1,0,High Risk,Personalized phone call with HR and benefits explanation
13022,0.04,0,High Risk,Personalized phone call with HR and benefits explanation
15050,0.99,1,Low Risk,Standard enrollment notification
17485,0.98,1,Low Risk,Standard enrollment notification
18101,0.93,1,Low Risk,Standard enrollment notification
10685,0.08,0,High Risk,Personalized phone call with HR and benefits explanation
16052,0.95,1,Low Risk,Standard enrollment notification
12038,0.99,1,Low Risk,Standard enrollment notification
12874,1.0,1,Low Risk,Standard enrollment notification
16670,1.0,1,Low Risk,Standard enrollment notification
10082,0.0,0,High Risk,Personalized phone call with HR and benefits explanation
17615,0.98,1,Low Risk,Standard enrollment notification
14664,1.0,1,Low Risk,Standard enrollment notification
13886,1.0,1,Low Risk,Standard enrollment notification
19541,0.85,1,Low Risk,Standard enrollment notification
19003,0.96,1,Low Risk,Standard enrollment notification
11270,0.95,1,Low Risk,Standard enrollment notification
12303,0.1,0,High Risk,Personalized phone call with HR and benefits explanation
14307,1.0,1,Low Risk,Standard enrollment notification
19055,1.0,1,Low Risk,Standard enrollment notification
17983,0.07,0,High Risk,Personalized phone call with HR and benefits explanation
15646,0.98,1,Low Risk,Standard enrollment notification
11790,0.06,0,High Risk,Personalized phone call with HR and benefits explanation
11434,0.0,0,High Risk,Personalized phone call with HR and benefits explanation
10698,0.99,1,Low Risk,Standard enrollment notification
15339,0.0,0,High Risk,Personalized phone call with HR and benefits explanation
14808,0.05,0,High Risk,Personalized phone call with HR and benefits explanation
18909,0.97,1,Low Risk,Standard enrollment notification
17306,0.97,1,Low Risk,Standard enrollment notification
15422,1.0,1,Low Risk,Standard enrollment notification
17023,0.98,1,Low Risk,Standard enrollment notification
14280,0.0,0,High Risk,Personalized phone call with HR and benefits explanation
15864,0.07,0,High Risk,Personalized phone call with HR and benefits explanation
14595,0.03,0,High Risk,Personalized phone call with HR and benefits explanation
13314,1.0,1,Low Risk,Standard enrollment notification
11969,0.98,1,Low Risk,Standard enrollment notification
17780,0.99,1,Low Risk,Standard enrollment notification
16585,1.0,1,Low Risk,Standard enrollment notification
16681,0.97,1,Low Risk,Standard enrollment notification
11813,0.03,0,High Risk,Personalized phone call with HR and benefits explanation
19344,0.99,1,Low Risk,Standard enrollment notification
16545,0.98,1,Low Risk,Standard enrollment notification
10416,0.99,1,Low Risk,Standard enrollment notification
15918,1.0,1,Low Risk,Standard enrollment notification
16325,1.0,1,Low Risk,Standard enrollment notification
11087,1.0,1,Low Risk,Standard enrollment notification
18266,0.0,0,High Risk,Personalized phone call with HR and benefits explanation
17723,0.91,1,Low Risk,Standard enrollment notification
10110,0.97,1,Low Risk,Standard enrollment notification
15047,0.93,1,Low Risk,Standard enrollment notification
13686,0.99,1,Low Risk,Standard enrollment notification
12931,0.99,1,Low Risk,Standard enrollment notification
17566,0.13,0,High Risk,Personalized phone call with HR and benefits explanation
19838,0.96,1,Low Risk,Standard enrollment notification
14273,1.0,1,Low Risk,Standard enrollment notification
13222,1.0,1,Low Risk,Standard enrollment notification
16743,1.0,1,Low Risk,Standard enrollment notification
19429,0.04,0,High Risk,Personalized phone call with HR and benefits explanation
18099,0.0,0,High Risk,Personalized phone call with HR and benefits explanation
14401,0.0,0,High Risk,Personalized phone call with HR and benefits explanation
14835,0.0,0,High Risk,Personalized phone call with HR and benefits explanation
11707,1.0,1,Low Risk,Standard enrollment notification
11243,0.01,0,High Risk,Personalized phone call with HR and benefits explanation
19648,0.05,0,High Risk,Personalized phone call with HR and benefits explanation
13770,0.12,0,High Risk,Personalized phone call with HR and benefits explanation
14829,0.88,1,Low Risk,Standard enrollment notification
15333,0.96,1,Low Risk,Standard enrollment notification
12162,1.0,1,Low Risk,Standard enrollment notification
13461,0.07,0,High Risk,Personalized phone call with HR and benefits explanation
12668,0.99,1,Low Risk,Standard enrollment notification
14655,0.05,0,High Risk,Personalized phone call with HR and benefits explanation
17763,0.04,0,High Risk,Personalized phone call with HR and benefits explanation
12293,0.02,0,High Risk,Personalized phone call with HR and benefits explanation
15617,0.99,1,Low Risk,Standard enrollment notification
15716,0.0,0,High Risk,Personalized phone call with HR and benefits explanation
14007,0.13,0,High Risk,Personalized phone call with HR and benefits explanation
12055,0.99,1,Low Risk,Standard enrollment notification
13307,0.98,1,Low Risk,Standard enrollment notification
13292,0.07,0,High Risk,Personalized phone call with HR and benefits explanation
16783,0.06,0,High Risk,Personalized phone call with HR and benefits explanation
14549,0.99,1,Low Risk,Standard enrollment notification
10365,0.94,1,Low Risk,Standard enrollment notification
15325,0.99,1,Low Risk,Standard enrollment notification
15656,1.0,1,Low Risk,Standard enrollment notification
17428,0.01,0,High Risk,Personalized phone call with HR and benefits explanation
16973,1.0,1,Low Risk,Standard enrollment notification
18741,0.98,1,Low Risk,Standard enrollment notification
12837,0.02,0,High Risk,Personalized phone call with HR and benefits explanation
13914,1.0,1,Low Risk,Standard enrollment notification
15420,0.89,1,Low Risk,Standard enrollment notification
13572,0.04,0,High Risk,Personalized phone call with HR and benefits explanation
13245,0.97,1,Low Risk,Standard enrollment notification
13243,0.14,0,High Risk,Personalized phone call with HR and benefits explanation
11122,0.93,1,Low Risk,Standard enrollment notification
18386,0.14,0,High Risk,Personalized phone call with HR and benefits explanation
16049,1.0,1,Low Risk,Standard enrollment notification
15904,0.99,1,Low Risk,Standard enrollment notification
15943,1.0,1,Low Risk,Standard enrollment notification
18592,0.92,1,Low Risk,Standard enrollment notification
10542,1.0,1,Low Risk,Standard enrollment notification
13783,0.05,0,High Risk,Personalized phone call with HR and benefits explanation
12422,0.0,0,High Risk,Personalized phone call with HR and benefits explanation
11684,1.0,1,Low Risk,Standard enrollment notification
17667,0.05,0,High Risk,Personalized phone call with HR and benefits explanation
10588,0.06,0,High Risk,Personalized phone call with HR and benefits explanation
17949,1.0,1,Low Risk,Standard enrollment notification
10512,0.0,0,High Risk,Personalized phone call with HR and benefits explanation
10800,0.02,0,High Risk,Personalized phone call with HR and benefits explanation
18538,0.99,1,Low Risk,Standard enrollment notification
10679,0.96,1,Low Risk,Standard enrollment notification
12368,0.93,1,Low Risk,Standard enrollment notification
19570,1.0,1,Low Risk,Standard enrollment notification
15441,0.07,0,High Risk,Personalized phone call with HR and benefits explanation
10902,0.96,1,Low Risk,Standard enrollment notification
16846,0.92,1,Low Risk,Standard enrollment notification
16051,0.04,0,High Risk,Personalized phone call with HR and benefits explanation
10460,1.0,1,Low Risk,Standard enrollment notification
10755,0.01,0,High Risk,Personalized phone call with HR and benefits explanation
11495,0.98,1,Low Risk,Standard enrollment notification
16241,1.0,1,Low Risk,Standard enrollment notification
11512,0.92,1,Low Risk,Standard enrollment notification
17352,0.02,0,High Risk,Personalized phone call with HR and benefits explanation
17477,0.92,1,Low Risk,Standard enrollment notification
12921,0.98,1,Low Risk,Standard enrollment notification
11464,0.01,0,High Risk,Personalized phone call with HR and benefits explanation
14543,0.06,0,High Risk,Personalized phone call with HR and benefits explanation
11242,0.9,1,Low Risk,Standard enrollment notification
15154,0.98,1,Low Risk,Standard enrollment notification
19964,1.0,1,Low Risk,Standard enrollment notification
18941,0.0,0,High Risk,Personalized phone call with HR and benefits explanation
17287,1.0,1,Low Risk,Standard enrollment notification
19690,0.94,1,Low Risk,Standard enrollment notification
18420,0.98,1,Low Risk,Standard enrollment notification
17259,1.0,1,Low Risk,Standard enrollment notification
15785,0.98,1,Low Risk,Standard enrollment notification
16581,0.02,0,High Risk,Personalized phone call with HR and benefits explanation
11740,1.0,1,Low Risk,Standard enrollment notification
18184,0.05,0,High Risk,Personalized phone call with HR and benefits explanation
10267,1.0,1,Low Risk,Standard enrollment notification
15151,1.0,1,Low Risk,Standard enrollment notification
14010,0.02,0,High Risk,Personalized phone call with HR and benefits explanation
18931,0.97,1,Low Risk,Standard enrollment notification
16566,0.99,1,Low Risk,Standard enrollment notification
11539,0.98,1,Low Risk,Standard enrollment notification
13364,0.02,0,High Risk,Personalized phone call with HR and benefits explanation
15120,0.03,0,High Risk,Personalized phone call with HR and benefits explanation
19576,1.0,1,Low Risk,Standard enrollment notification
15475,0.97,1,Low Risk,Standard enrollment notification
17049,0.0,0,High Risk,Personalized phone call with HR and benefits explanation
17633,0.0,0,High Risk,Personalized phone call with HR and benefits explanation
17990,1.0,1,Low Risk,Standard enrollment notification
16272,0.08,0,High Risk,Personalized phone call with HR and benefits explanation
11509,1.0,1,Low Risk,Standard enrollment notification
14027,0.96,1,Low Risk,Standard enrollment notification
11171,0.98,1,Low Risk,Standard enrollment notification
19484,0.99,1,Low Risk,Standard enrollment notification
18914,1.0,1,Low Risk,Standard enrollment notification
19737,0.97,1,Low Risk,Standard enrollment notification
12716,0.98,1,Low Risk,Standard enrollment notification
15481,1.0,1,Low Risk,Standard enrollment notification
18797,1.0,1,Low Risk,Standard enrollment notification
13456,0.0,0,High Risk,Personalized phone call with HR and benefits explanation
16413,0.16,0,High Risk,Personalized phone call with HR and benefits explanation
17676,0.07,0,High Risk,Personalized phone call with HR and benefits explanation
15218,0.05,0,High Risk,Personalized phone call with HR and benefits explanation
19875,0.99,1,Low Risk,Standard enrollment notification
16311,0.0,0,High Risk,Personalized phone call with HR and benefits explanation
13341,1.0,1,Low Risk,Standard enrollment notification
17083,1.0,1,Low Risk,Standard enrollment notification
17649,0.96,1,Low Risk,Standard enrollment notification
12455,1.0,1,Low Risk,Standard enrollment notification
19409,0.01,0,High Risk,Personalized phone call with HR and benefits explanation
14822,0.03,0,High Risk,Personalized phone call with HR and benefits explanation
11602,1.0,1,Low Risk,Standard enrollment notification
13726,0.04,0,High Risk,Personalized phone call with HR and benefits explanation
12291,0.02,0,High Risk,Personalized phone call with HR and benefits explanation
17841,0.01,0,High Risk,Personalized phone call with HR and benefits explanation
11676,0.96,1,Low Risk,Standard enrollment notification
19965,0.97,1,Low Risk,Standard enrollment notification
15830,0.98,1,Low Risk,Standard enrollment notification
11711,0.99,1,Low Risk,Standard enrollment notification
14310,1.0,1,Low Risk,Standard enrollment notification
11831,0.97,1,Low Risk,Standard enrollment notification
13385,0.0,0,High Risk,Personalized phone call with HR and benefits explanation
11035,0.99,1,Low Risk,Standard enrollment notification
13548,0.96,1,Low Risk,Standard enrollment notification
12330,0.08,0,High Risk,Personalized phone call with HR and benefits explanation
14178,0.99,1,Low Risk,Standard enrollment notification
12785,1.0,1,Low Risk,Standard enrollment notification
15577,0.98,1,Low Risk,Standard enrollment notification
16567,0.0,0,High Risk,Personalized phone call with HR and benefits explanation
19124,0.01,0,High Risk,Personalized phone call with HR and benefits explanation
14233,0.98,1,Low Risk,Standard enrollment notification
14463,0.13,0,High Risk,Personalized phone call with HR and benefits explanation
18025,0.99,1,Low Risk,Standard enrollment notification
19018,0.95,1,Low Risk,Standard enrollment notification
10674,1.0,1,Low Risk,Standard enrollment notification
15560,0.0,0,High Risk,Personalized phone call with HR and benefits explanation
10378,0.0,0,High Risk,Personalized phone call with HR and benefits explanation
17863,0.99,1,Low Risk,Standard enrollment notification
10751,0.02,0,High Risk,Personalized phone call with HR and benefits explanation
16118,0.98,1,Low Risk,Standard enrollment notification
15194,0.98,1,Low Risk,Standard enrollment notification
13842,0.98,1,Low Risk,Standard enrollment notification
19158,0.08,0,High Risk,Personalized phone call with HR and benefits explanation
17965,0.99,1,Low Risk,Standard enrollment notification
12349,0.99,1,Low Risk,Standard enrollment notification
15928,1.0,1,Low Risk,Standard enrollment notification
13778,1.0,1,Low Risk,Standard enrollment notification
16907,0.08,0,High Risk,Personalized phone call with HR and benefits explanation
18197,1.0,1,Low Risk,Standard enrollment notification
13588,0.01,0,High Risk,Personalized phone call with HR and benefits explanation
17002,0.98,1,Low Risk,Standard enrollment notification
17541,0.0,0,High Risk,Personalized phone call with HR and benefits explanation
17093,0.99,1,Low Risk,Standard enrollment notification
16368,1.0,1,Low Risk,Standard enrollment notification
16888,0.02,0,High Risk,Personalized phone call with HR and benefits explanation
14892,0.96,1,Low Risk,Standard enrollment notification
15286,0.99,1,Low Risk,Standard enrollment notification
13321,0.98,1,Low Risk,Standard enrollment notification
12401,0.04,0,High Risk,Personalized phone call with HR and benefits explanation
10241,0.0,0,High Risk,Personalized phone call with HR and benefits explanation
17081,0.12,0,High Risk,Personalized phone call with HR and benefits explanation
19747,1.0,1,Low Risk,Standard enrollment notification
12282,0.07,0,High Risk,Personalized phone call with HR and benefits explanation
12040,1.0,1,Low Risk,Standard enrollment notification
14663,0.94,1,Low Risk,Standard enrollment notification
18525,0.98,1,Low Risk,Standard enrollment notification
19580,1.0,1,Low Risk,Standard enrollment notification
11345,0.81,1,Low Risk,Standard enrollment notification
13028,0.0,0,High Risk,Personalized phone call with HR and benefits explanation
18147,0.03,0,High Risk,Personalized phone call with HR and benefits explanation
13758,0.0,0,High Risk,Personalized phone call with HR and benefits explanation
15998,0.98,1,Low Risk,Standard enrollment notification
13791,1.0,1,Low Risk,Standard enrollment notification
18934,1.0,1,Low Risk,Standard enrollment notification
14968,0.02,0,High Risk,Personalized phone call with HR and benefits explanation
10672,0.0,0,High Risk,Personalized phone call with HR and benefits explanation
15369,0.0,0,High Risk,Personalized phone call with HR and benefits explanation
14508,0.96,1,Low Risk,Standard enrollment notification
19210,0.0,0,High Risk,Personalized phone call with HR and benefits explanation
16930,1.0,1,Low Risk,Standard enrollment notification
11892,0.01,0,High Risk,Personalized phone call with HR and benefits explanation
11145,0.97,1,Low Risk,Standard enrollment notification
10853,0.97,1,Low Risk,Standard enrollment notification
10446,0.17,0,High Risk,Personalized phone call with HR and benefits explanation
16650,0.03,0,High Risk,Personalized phone call with HR and benefits explanation
16603,0.4,0,Medium Risk,Reminder email with enrollment benefits
15979,0.99,1,Low Risk,Standard enrollment notification
14594,0.01,0,High Risk,Personalized phone call with HR and benefits explanation
10447,0.0,0,High Risk,Personalized phone call with HR and benefits explanation
14128,0.01,0,High Risk,Personalized phone call with HR and benefits explanation
17975,0.02,0,High Risk,Personalized phone call with HR and benefits explanation
16621,0.0,0,High Risk,Personalized phone call with HR and benefits explanation
16460,0.92,1,Low Risk,Standard enrollment notification
12265,0.04,0,High Risk,Personalized phone call with HR and benefits explanation
18542,0.91,1,Low Risk,Standard enrollment notification
10478,1.0,1,Low Risk,Standard enrollment notification
15334,0.94,1,Low Risk,Standard enrollment notification
10530,0.96,1,Low Risk,Standard enrollment notification
14650,0.0,0,High Risk,Personalized phone call with HR and benefits explanation
15155,0.06,0,High Risk,Personalized phone call with HR and benefits explanation
14511,0.87,1,Low Risk,Standard enrollment notification
18303,0.02,0,High Risk,Personalized phone call with HR and benefits explanation
19573,0.9,1,Low Risk,Standard enrollment notification
10798,0.07,0,High Risk,Personalized phone call with HR and benefits explanation
17981,0.98,1,Low Risk,Standard enrollment notification
17319,0.01,0,High Risk,Personalized phone call with HR and benefits explanation
13587,1.0,1,Low Risk,Standard enrollment notification
14715,0.01,0,High Risk,Personalized phone call with HR and benefits explanation
11101,0.08,0,High Risk,Personalized phone call with HR and benefits explanation
19746,0.0,0,High Risk,Personalized phone call with HR and benefits explanation
18992,0.99,1,Low Risk,Standard enrollment notification
11219,0.96,1,Low Risk,Standard enrollment notification
12232,0.06,0,High Risk,Personalized phone call with HR and benefits explanation
14121,0.95,1,Low Risk,Standard enrollment notification
15026,0.9,1,Low Risk,Standard enrollment notification
14580,1.0,1,Low Risk,Standard enrollment notification
10014,1.0,1,Low Risk,Standard enrollment notification
18607,1.0,1,Low Risk,Standard enrollment notification
19534,0.01,0,High Risk,Personalized phone call with HR and benefits explanation
12435,1.0,1,Low Risk,Standard enrollment notification
16467,0.98,1,Low Risk,Standard enrollment notification
12864,0.0,0,High Risk,Personalized phone call with HR and benefits explanation
10807,0.95,1,Low Risk,Standard enrollment notification
13193,0.98,1,Low Risk,Standard enrollment notification
11709,0.0,0,High Risk,Personalized phone call with HR and benefits explanation
13774,1.0,1,Low Risk,Standard enrollment notification
11907,0.01,0,High Risk,Personalized phone call with HR and benefits explanation
10699,0.96,1,Low Risk,Standard enrollment notification
17499,1.0,1,Low Risk,Standard enrollment notification
18128,0.0,0,High Risk,Personalized phone call with HR and benefits explanation
10714,0.02,0,High Risk,Personalized phone call with HR and benefits explanation
13728,0.04,0,High Risk,Personalized phone call with HR and benefits explanation
17595,0.97,1,Low Risk,Standard enrollment notification
16070,0.97,1,Low Risk,Standard enrollment notification
16935,0.1,0,High Risk,Personalized phone call with HR and benefits explanation
17502,0.98,1,Low Risk,Standard enrollment notification
19250,0.98,1,Low Risk,Standard enrollment notification
14725,0.72,1,Low Risk,Standard enrollment notification
19218,1.0,1,Low Risk,Standard enrollment notification
14043,1.0,1,Low Risk,Standard enrollment notification
17555,0.0,0,High Risk,Personalized phone call with HR and benefits explanation
10611,0.99,1,Low Risk,Standard enrollment notification
13226,0.0,0,High Risk,Personalized phone call with HR and benefits explanation
13107,0.94,1,Low Risk,Standard enrollment notification
15424,0.1,0,High Risk,Personalized phone call with HR and benefits explanation
10434,0.9,1,Low Risk,Standard enrollment notification
13941,0.05,0,High Risk,Personalized phone call with HR and benefits explanation
16730,0.86,1,Low Risk,Standard enrollment notification
14065,0.01,0,High Risk,Personalized phone call with HR and benefits explanation
10552,1.0,1,Low Risk,Standard enrollment notification
10971,0.0,0,High Risk,Personalized phone call with HR and benefits explanation
16151,0.01,0,High Risk,Personalized phone call with HR and benefits explanation
11859,0.07,0,High Risk,Personalized phone call with HR and benefits explanation
10341,0.0,0,High Risk,Personalized phone call with HR and benefits explanation
13528,0.08,0,High Risk,Personalized phone call with HR and benefits explanation
17944,0.0,0,High Risk,Personalized phone call with HR and benefits explanation
10313,0.99,1,Low Risk,Standard enrollment notification
15868,1.0,1,Low Risk,Standard enrollment notification
13924,0.0,0,High Risk,Personalized phone call with HR and benefits explanation
10052,1.0,1,Low Risk,Standard enrollment notification
19291,0.05,0,High Risk,Personalized phone call with HR and benefits explanation
15888,1.0,1,Low Risk,Standard enrollment notification
18004,0.97,1,Low Risk,Standard enrollment notification
16911,0.89,1,Low Risk,Standard enrollment notification
10039,0.03,0,High Risk,Personalized phone call with HR and benefits explanation
16088,0.05,0,High Risk,Personalized phone call with HR and benefits explanation
14276,0.1,0,High Risk,Personalized phone call with HR and benefits explanation
13144,0.99,1,Low Risk,Standard enrollment notification
14629,0.99,1,Low Risk,Standard enrollment notification
19581,0.93,1,Low Risk,Standard enrollment notification
10997,0.12,0,High Risk,Personalized phone call with HR and benefits explanation
19377,0.04,0,High Risk,Personalized phone call with HR and benefits explanation
16013,1.0,1,Low Risk,Standard enrollment notification
12133,0.97,1,Low Risk,Standard enrollment notification
16918,0.95,1,Low Risk,Standard enrollment notification
13708,0.94,1,Low Risk,Standard enrollment notification
17579,0.95,1,Low Risk,Standard enrollment notification
11123,0.98,1,Low Risk,Standard enrollment notification
19624,0.92,1,Low Risk,Standard enrollment notification
19111,0.98,1,Low Risk,Standard enrollment notification
13231,0.99,1,Low Risk,Standard enrollment notification
18635,0.99,1,Low Risk,Standard enrollment notification
14880,0.02,0,High Risk,Personalized phone call with HR and benefits explanation
14189,0.01,0,High Risk,Personalized phone call with HR and benefits explanation
14152,0.98,1,Low Risk,Standard enrollment notification
15553,0.05,0,High Risk,Personalized phone call with HR and benefits explanation
13354,0.0,0,High Risk,Personalized phone call with HR and benefits explanation
17714,0.05,0,High Risk,Personalized phone call with HR and benefits explanation
14540,0.98,1,Low Risk,Standard enrollment notification
19050,1.0,1,Low Risk,Standard enrollment notification
19676,1.0,1,Low Risk,Standard enrollment notification
16432,1.0,1,Low Risk,Standard enrollment notification
11818,0.02,0,High Risk,Personalized phone call with HR and benefits explanation
10937,0.97,1,Low Risk,Standard enrollment notification
13332,0.99,1,Low Risk,Standard enrollment notification
11718,0.0,0,High Risk,Personalized phone call with HR and benefits explanation
10808,0.99,1,Low Risk,Standard enrollment notification
18403,0.99,1,Low Risk,Standard enrollment notification
10917,1.0,1,Low Risk,Standard enrollment notification
16350,0.0,0,High Risk,Personalized phone call with HR and benefits explanation
11405,0.04,0,High Risk,Personalized phone call with HR and benefits explanation
13846,1.0,1,Low Risk,Standard enrollment notification
13530,0.06,0,High Risk,Personalized phone call with HR and benefits explanation
11167,0.97,1,Low Risk,Standard enrollment notification
19923,1.0,1,Low Risk,Standard enrollment notification
19277,0.01,0,High Risk,Personalized phone call with HR and benefits explanation
19253,1.0,1,Low Risk,Standard enrollment notification
10784,0.89,1,Low Risk,Standard enrollment notification
15640,0.98,1,Low Risk,Standard enrollment notification
13160,0.0,0,High Risk,Personalized phone call with HR and benefits explanation
15829,1.0,1,Low Risk,Standard enrollment notification
14489,0.98,1,Low Risk,Standard enrollment notification
10213,0.91,1,Low Risk,Standard enrollment notification
19698,0.95,1,Low Risk,Standard enrollment notification
14778,0.01,0,High Risk,Personalized phone call with HR and benefits explanation
14927,1.0,1,Low Risk,Standard enrollment notification
14668,0.88,1,Low Risk,Standard enrollment notification
19977,0.96,1,Low Risk,Standard enrollment notification
13617,1.0,1,Low Risk,Standard enrollment notification
13642,1.0,1,Low Risk,Standard enrollment notification
11637,1.0,1,Low Risk,Standard enrollment notification
18177,0.0,0,High Risk,Personalized phone call with HR and benefits explanation
14524,0.02,0,High Risk,Personalized phone call with HR and benefits explanation
14783,0.9,1,Low Risk,Standard enrollment notification
15204,0.99,1,Low Risk,Standard enrollment notification
15039,0.94,1,Low Risk,Standard enrollment notification
18874,0.06,0,High Risk,Personalized phone call with HR and benefits explanation
10758,1.0,1,Low Risk,Standard enrollment notification
16582,0.28,0,High Risk,Personalized phone call with HR and benefits explanation
12655,0.03,0,High Risk,Personalized phone call with HR and benefits explanation
16287,0.99,1,Low Risk,Standard enrollment notification
11339,1.0,1,Low Risk,Standard enrollment notification
11548,0.8,1,Low Risk,Standard enrollment notification
15706,0.0,0,High Risk,Personalized phone call with HR and benefits explanation
19196,0.94,1,Low Risk,Standard enrollment notification
14232,0.01,0,High Risk,Personalized phone call with HR and benefits explanation
11998,0.99,1,Low Risk,Standard enrollment notification
13091,0.99,1,Low Risk,Standard enrollment notification
18409,0.0,0,High Risk,Personalized phone call with HR and benefits explanation
14848,0.97,1,Low Risk,Standard enrollment notification
12430,0.03,0,High Risk,Personalized phone call with HR and benefits explanation
12992,0.0,0,High Risk,Personalized phone call with HR and benefits explanation
16717,1.0,1,Low Risk,Standard enrollment notification
17194,0.02,0,High Risk,Personalized phone call with HR and benefits explanation
15202,0.03,0,High Risk,Personalized phone call with HR and benefits explanation
12806,0.02,0,High Risk,Personalized phone call with HR and benefits explanation
10381,1.0,1,Low Risk,Standard enrollment notification
19290,0.03,0,High Risk,Personalized phone call with HR and benefits explanation
16590,1.0,1,Low Risk,Standard enrollment notification
14099,0.09,0,High Risk,Personalized phone call with HR and benefits explanation
19457,0.0,0,High Risk,Personalized phone call with HR and benefits explanation
15264,0.03,0,High Risk,Personalized phone call with HR and benefits explanation
18217,1.0,1,Low Risk,Standard enrollment notification
17293,1.0,1,Low Risk,Standard enrollment notification
11667,0.0,0,High Risk,Personalized phone call with HR and benefits explanation
19088,0.0,0,High Risk,Personalized phone call with HR and benefits explanation
19699,0.99,1,Low Risk,Standard enrollment notification
14461,0.09,0,High Risk,Personalized phone call with HR and benefits explanation
12539,1.0,1,Low Risk,Standard enrollment notification
16516,0.0,0,High Risk,Personalized phone call with HR and benefits explanation
14455,0.82,1,Low Risk,Standard enrollment notification
12314,1.0,1,Low Risk,Standard enrollment notification
15002,0.1,0,High Risk,Personalized phone call with HR and benefits explanation
10702,1.0,1,Low Risk,Standard enrollment notification
11307,0.95,1,Low Risk,Standard enrollment notification
18161,0.99,1,Low Risk,Standard enrollment notification
16792,0.95,1,Low Risk,Standard enrollment notification
13740,1.0,1,Low Risk,Standard enrollment notification
18405,0.9,1,Low Risk,Standard enrollment notification
17275,0.97,1,Low Risk,Standard enrollment notification
13608,0.03,0,High Risk,Personalized phone call with HR and benefits explanation
18195,0.98,1,Low Risk,Standard enrollment notification
12865,0.0,0,High Risk,Personalized phone call with HR and benefits explanation
12466,0.94,1,Low Risk,Standard enrollment notification
16664,0.16,0,High Risk,Personalized phone call with HR and benefits explanation
17043,0.02,0,High Risk,Personalized phone call with HR and benefits explanation
19744,0.1,0,High Risk,Personalized phone call with HR and benefits explanation
18308,0.0,0,High Risk,Personalized phone call with HR and benefits explanation
13881,0.88,1,Low Risk,Standard enrollment notification
16046,0.0,0,High Risk,Personalized phone call with HR and benefits explanation
15589,1.0,1,Low Risk,Standard enrollment notification
11004,0.98,1,Low Risk,Standard enrollment notification
18961,0.09,0,High Risk,Personalized phone call with HR and benefits explanation
10562,0.14,0,High Risk,Personalized phone call with HR and benefits explanation
11449,0.98,1,Low Risk,Standard enrollment notification
19351,0.87,1,Low Risk,Standard enrollment notification
10731,0.97,1,Low Risk,Standard enrollment notification
18362,0.01,0,High Risk,Personalized phone call with HR and benefits explanation
19373,0.98,1,Low Risk,Standard enrollment notification
18948,0.0,0,High Risk,Personalized phone call with HR and benefits explanation
12908,0.99,1,Low Risk,Standard enrollment notification
17131,1.0,1,Low Risk,Standard enrollment notification
11390,0.0,0,High Risk,Personalized phone call with HR and benefits explanation
19489,0.01,0,High Risk,Personalized phone call with HR and benefits explanation
16192,0.96,1,Low Risk,Standard enrollment notification
16015,0.03,0,High Risk,Personalized phone call with HR and benefits explanation
16484,0.02,0,High Risk,Personalized phone call with HR and benefits explanation
10038,1.0,1,Low Risk,Standard enrollment notification
11129,0.99,1,Low Risk,Standard enrollment notification
10084,0.97,1,Low Risk,Standard enrollment notification
19057,0.95,1,Low Risk,Standard enrollment notification
18466,0.02,0,High Risk,Personalized phone call with HR and benefits explanation
11992,0.97,1,Low Risk,Standard enrollment notification
12110,0.97,1,Low Risk,Standard enrollment notification
17440,0.98,1,Low Risk,Standard enrollment notification
11995,0.99,1,Low Risk,Standard enrollment notification
18690,0.99,1,Low Risk,Standard enrollment notification
16419,0.99,1,Low Risk,Standard enrollment notification
16182,1.0,1,Low Risk,Standard enrollment notification
17591,0.87,1,Low Risk,Standard enrollment notification
14427,1.0,1,Low Risk,Standard enrollment notification
18717,0.02,0,High Risk,Personalized phone call with HR and benefits explanation
11356,0.88,1,Low Risk,Standard enrollment notification
14867,0.04,0,High Risk,Personalized phone call with HR and benefits explanation
12393,0.99,1,Low Risk,Standard enrollment notification
13747,0.99,1,Low Risk,Standard enrollment notification
14376,0.06,0,High Risk,Personalized phone call with HR and benefits explanation
16671,0.99,1,Low Risk,Standard enrollment notification
10090,0.95,1,Low Risk,Standard enrollment notification
10846,0.97,1,Low Risk,Standard enrollment notification
15517,0.29,0,High Risk,Personalized phone call with HR and benefits explanation
15001,1.0,1,Low Risk,Standard enrollment notification
14747,0.98,1,Low Risk,Standard enrollment notification
14115,1.0,1,Low Risk,Standard enrollment notification
16503,0.99,1,Low Risk,Standard enrollment notification
12224,1.0,1,Low Risk,Standard enrollment notification
12656,0.01,0,High Risk,Personalized phone call with HR and benefits explanation
11065,0.98,1,Low Risk,Standard enrollment notification
14072,1.0,1,Low Risk,Standard enrollment notification
19646,0.0,0,High Risk,Personalized phone call with HR and benefits explanation
10781,0.1,0,High Risk,Personalized phone call with HR and benefits explanation
12946,1.0,1,Low Risk,Standard enrollment notification
12572,0.07,0,High Risk,Personalized phone call with HR and benefits explanation
12271,0.0,0,High Risk,Personalized phone call with HR and benefits explanation
17821,0.97,1,Low Risk,Standard enrollment notification
13024,0.0,0,High Risk,Personalized phone call with HR and benefits explanation
11435,0.98,1,Low Risk,Standard enrollment notification
13571,0.98,1,Low Risk,Standard enrollment notification
17974,0.99,1,Low Risk,Standard enrollment notification
15071,0.98,1,Low Risk,Standard enrollment notification
16407,0.89,1,Low Risk,Standard enrollment notification
13216,0.87,1,Low Risk,Standard enrollment notification
18413,1.0,1,Low Risk,Standard enrollment notification
12606,1.0,1,Low Risk,Standard enrollment notification
16598,0.97,1,Low Risk,Standard enrollment notification
19947,0.98,1,Low Risk,Standard enrollment notification
10649,1.0,1,Low Risk,Standard enrollment notification
14593,0.01,0,High Risk,Personalized phone call with HR and benefits explanation
15045,0.0,0,High Risk,Personalized phone call with HR and benefits explanation
18963,1.0,1,Low Risk,Standard enrollment notification
10457,1.0,1,Low Risk,Standard enrollment notification
17637,1.0,1,Low Risk,Standard enrollment notification
15528,0.97,1,Low Risk,Standard enrollment notification
18981,1.0,1,Low Risk,Standard enrollment notification
13481,1.0,1,Low Risk,Standard enrollment notification
19356,0.06,0,High Risk,Personalized phone call with HR and benefits explanation
16793,0.0,0,High Risk,Personalized phone call with HR and benefits explanation
16115,1.0,1,Low Risk,Standard enrollment notification
19645,0.99,1,Low Risk,Standard enrollment notification
14931,0.98,1,Low Risk,Standard enrollment notification
14796,0.97,1,Low Risk,Standard enrollment notification
14037,0.96,1,Low Risk,Standard enrollment notification
17824,0.98,1,Low Risk,Standard enrollment notification
15205,0.94,1,Low Risk,Standard enrollment notification
11809,1.0,1,Low Risk,Standard enrollment notification
12662,0.03,0,High Risk,Personalized phone call with HR and benefits explanation
11442,0.98,1,Low Risk,Standard enrollment notification
12417,0.95,1,Low Risk,Standard enrollment notification
10109,0.0,0,High Risk,Personalized phone call with HR and benefits explanation
12767,0.93,1,Low Risk,Standard enrollment notification
10744,0.0,0,High Risk,Personalized phone call with HR and benefits explanation
10392,1.0,1,Low Risk,Standard enrollment notification
19796,0.96,1,Low Risk,Standard enrollment notification
14470,0.96,1,Low Risk,Standard enrollment notification
10178,1.0,1,Low Risk,Standard enrollment notification
17761,0.06,0,High Risk,Personalized phone call with HR and benefits explanation
13030,0.99,1,Low Risk,Standard enrollment notification
12204,0.99,1,Low Risk,Standard enrollment notification
15210,0.0,0,High Risk,Personalized phone call with HR and benefits explanation
14730,0.11,0,High Risk,Personalized phone call with HR and benefits explanation
14298,0.01,0,High Risk,Personalized phone call with HR and benefits explanation
16408,0.04,0,High Risk,Personalized phone call with HR and benefits explanation
13485,1.0,1,Low Risk,Standard enrollment notification
10153,0.12,0,High Risk,Personalized phone call with HR and benefits explanation
17803,1.0,1,Low Risk,Standard enrollment notification
14497,1.0,1,Low Risk,Standard enrollment notification
10403,0.0,0,High Risk,Personalized phone call with HR and benefits explanation
15585,0.99,1,Low Risk,Standard enrollment notification
18208,0.0,0,High Risk,Personalized phone call with HR and benefits explanation
17816,0.99,1,Low Risk,Standard enrollment notification
17330,1.0,1,Low Risk,Standard enrollment notification
10918,1.0,1,Low Risk,Standard enrollment notification
13262,0.04,0,High Risk,Personalized phone call with HR and benefits explanation
13905,0.98,1,Low Risk,Standard enrollment notification
13003,0.0,0,High Risk,Personalized phone call with HR and benefits explanation
16980,1.0,1,Low Risk,Standard enrollment notification
16351,0.98,1,Low Risk,Standard enrollment notification
14412,0.98,1,Low Risk,Standard enrollment notification
11108,0.96,1,Low Risk,Standard enrollment notification
10352,0.26,0,High Risk,Personalized phone call with HR and benefits explanation
14318,0.06,0,High Risk,Personalized phone call with HR and benefits explanation
19712,0.08,0,High Risk,Personalized phone call with HR and benefits explanation
14069,1.0,1,Low Risk,Standard enrollment notification
12917,0.96,1,Low Risk,Standard enrollment notification
17679,1.0,1,Low Risk,Standard enrollment notification
18787,0.85,1,Low Risk,Standard enrollment notification
16826,1.0,1,Low Risk,Standard enrollment notification
17425,0.0,0,High Risk,Personalized phone call with HR and benefits explanation
10334,0.0,0,High Risk,Personalized phone call with HR and benefits explanation
12505,0.88,1,Low Risk,Standard enrollment notification
19551,0.96,1,Low Risk,Standard enrollment notification
11685,0.99,1,Low Risk,Standard enrollment notification
19910,0.97,1,Low Risk,Standard enrollment notification
14610,1.0,1,Low Risk,Standard enrollment notification
18239,0.99,1,Low Risk,Standard enrollment notification
15808,0.04,0,High Risk,Personalized phone call with HR and benefits explanation
13985,0.04,0,High Risk,Personalized phone call with HR and benefits explanation
18994,1.0,1,Low Risk,Standard enrollment notification
18133,0.0,0,High Risk,Personalized phone call with HR and benefits explanation
14480,1.0,1,Low Risk,Standard enrollment notification
12894,1.0,1,Low Risk,Standard enrollment notification
19891,0.08,0,High Risk,Personalized phone call with HR and benefits explanation
17075,1.0,1,Low Risk,Standard enrollment notification
19521,1.0,1,Low Risk,Standard enrollment notification
10408,0.18,0,High Risk,Personalized phone call with HR and benefits explanation
11041,0.01,0,High Risk,Personalized phone call with HR and benefits explanation
12484,0.0,0,High Risk,Personalized phone call with HR and benefits explanation
10083,0.99,1,Low Risk,Standard enrollment notification
18655,0.97,1,Low Risk,Standard enrollment notification
13810,0.98,1,Low Risk,Standard enrollment notification
10096,0.24,0,High Risk,Personalized phone call with HR and benefits explanation
17887,1.0,1,Low Risk,Standard enrollment notification
10135,0.05,0,High Risk,Personalized phone call with HR and benefits explanation
19314,1.0,1,Low Risk,Standard enrollment notification
17482,0.9,1,Low Risk,Standard enrollment notification
14410,1.0,1,Low Risk,Standard enrollment notification
11864,0.99,1,Low Risk,Standard enrollment notification
14658,0.76,1,Low Risk,Standard enrollment notification
16928,0.97,1,Low Risk,Standard enrollment notification
19140,0.01,0,High Risk,Personalized phone call with HR and benefits explanation
13276,0.99,1,Low Risk,Standard enrollment notification
19214,0.96,1,Low Risk,Standard enrollment notification
10688,0.04,0,High Risk,Personalized phone call with HR and benefits explanation
14259,0.02,0,High Risk,Personalized phone call with HR and benefits explanation
16113,0.86,1,Low Risk,Standard enrollment notification
10597,0.99,1,Low Risk,Standard enrollment notification
17304,1.0,1,Low Risk,Standard enrollment notification
14928,0.01,0,High Risk,Personalized phone call with HR and benefits explanation
15506,1.0,1,Low Risk,Standard enrollment notification
17586,0.99,1,Low Risk,Standard enrollment notification
12005,0.94,1,Low Risk,Standard enrollment notification
13038,0.02,0,High Risk,Personalized phone call with HR and benefits explanation
15225,0.96,1,Low Risk,Standard enrollment notification
19178,0.01,0,High Risk,Personalized phone call with HR and benefits explanation
15556,0.02,0,High Risk,Personalized phone call with HR and benefits explanation
12504,0.99,1,Low Risk,Standard enrollment notification
11603,0.96,1,Low Risk,Standard enrollment notification
10951,1.0,1,Low Risk,Standard enrollment notification
17446,0.02,0,High Risk,Personalized phone call with HR and benefits explanation
16665,1.0,1,Low Risk,Standard enrollment notification
17025,0.01,0,High Risk,Personalized phone call with HR and benefits explanation
14572,0.05,0,High Risk,Personalized phone call with HR and benefits explanation
11708,0.01,0,High Risk,Personalized phone call with HR and benefits explanation
10742,0.0,0,High Risk,Personalized phone call with HR and benefits explanation
14863,0.07,0,High Risk,Personalized phone call with HR and benefits explanation
12202,1.0,1,Low Risk,Standard enrollment notification
17339,1.0,1,Low Risk,Standard enrollment notification
10896,1.0,1,Low Risk,Standard enrollment notification
14383,1.0,1,Low Risk,Standard enrollment notification
13899,1.0,1,Low Risk,Standard enrollment notification
16942,0.03,0,High Risk,Personalized phone call with HR and benefits explanation
10247,0.06,0,High Risk,Personalized phone call with HR and benefits explanation
12251,1.0,1,Low Risk,Standard enrollment notification
18123,1.0,1,Low Risk,Standard enrollment notification
10950,0.2,0,High Risk,Personalized phone call with HR and benefits explanation
10250,0.11,0,High Risk,Personalized phone call with HR and benefits explanation
12070,0.02,0,High Risk,Personalized phone call with HR and benefits explanation
13606,0.0,0,High Risk,Personalized phone call with HR and benefits explanation
13560,1.0,1,Low Risk,Standard enrollment notification
16339,0.0,0,High Risk,Personalized phone call with HR and benefits explanation
14887,1.0,1,Low Risk,Standard enrollment notification
10789,0.97,1,Low Risk,Standard enrollment notification
12629,1.0,1,Low Risk,Standard enrollment notification
18358,0.09,0,High Risk,Personalized phone call with HR and benefits explanation
19782,0.99,1,Low Risk,Standard enrollment notification
17565,0.97,1,Low Risk,Standard enrollment notification
17050,1.0,1,Low Risk,Standard enrollment notification
14459,0.05,0,High Risk,Personalized phone call with HR and benefits explanation
18779,0.98,1,Low Risk,Standard enrollment notification
13611,0.02,0,High Risk,Personalized phone call with HR and benefits explanation
14122,0.04,0,High Risk,Personalized phone call with HR and benefits explanation
18700,1.0,1,Low Risk,Standard enrollment notification
19339,0.99,1,Low Risk,Standard enrollment notification
18576,0.13,0,High Risk,Personalized phone call with HR and benefits explanation
11618,1.0,1,Low Risk,Standard enrollment notification
13711,0.0,0,High Risk,Personalized phone call with HR and benefits explanation
16559,0.0,0,High Risk,Personalized phone call with HR and benefits explanation
15158,0.98,1,Low Risk,Standard enrollment notification
13701,0.96,1,Low Risk,Standard enrollment notification
14165,1.0,1,Low Risk,Standard enrollment notification
13788,0.14,0,High Risk,Personalized phone call with HR and benefits explanation
18701,0.06,0,High Risk,Personalized phone call with HR and benefits explanation
17979,0.0,0,High Risk,Personalized phone call with HR and benefits explanation
14022,0.1,0,High Risk,Personalized phone call with HR and benefits explanation
16998,1.0,1,Low Risk,Standard enrollment notification
14028,0.03,0,High Risk,Personalized phone call with HR and benefits explanation
11128,0.97,1,Low Risk,Standard enrollment notification
18726,0.04,0,High Risk,Personalized phone call with HR and benefits explanation
14587,0.97,1,Low Risk,Standard enrollment notification
15887,1.0,1,Low Risk,Standard enrollment notification
13694,1.0,1,Low Risk,Standard enrollment notification
15405,1.0,1,Low Risk,Standard enrollment notification
18643,0.95,1,Low Risk,Standard enrollment notification
14834,0.93,1,Low Risk,Standard enrollment notification
19010,0.0,0,High Risk,Personalized phone call with HR and benefits explanation
12482,0.98,1,Low Risk,Standard enrollment notification
10200,0.14,0,High Risk,Personalized phone call with HR and benefits explanation
15903,0.96,1,Low Risk,Standard enrollment notification
15222,0.95,1,Low Risk,Standard enrollment notification
12272,0.07,0,High Risk,Personalized phone call with HR and benefits explanation
13471,0.99,1,Low Risk,Standard enrollment notification
12743,0.95,1,Low Risk,Standard enrollment notification
15285,0.99,1,Low Risk,Standard enrollment notification
19435,0.94,1,Low Risk,Standard enrollment notification
15309,0.95,1,Low Risk,Standard enrollment notification
15030,0.93,1,Low Risk,Standard enrollment notification
12114,0.03,0,High Risk,Personalized phone call with HR and benefits explanation
14642,0.96,1,Low Risk,Standard enrollment notification
13991,0.93,1,Low Risk,Standard enrollment notification
12863,0.92,1,Low Risk,Standard enrollment notification
12095,0.99,1,Low Risk,Standard enrollment notification
17953,0.99,1,Low Risk,Standard enrollment notification
14304,0.99,1,Low Risk,Standard enrollment notification
15799,0.99,1,Low Risk,Standard enrollment notification
14269,1.0,1,Low Risk,Standard enrollment notification
18118,0.97,1,Low Risk,Standard enrollment notification
14657,0.99,1,Low Risk,Standard enrollment notification
15183,0.03,0,High Risk,Personalized phone call with HR and benefits explanation
10494,0.97,1,Low Risk,Standard enrollment notification
19913,0.95,1,Low Risk,Standard enrollment notification
16657,0.08,0,High Risk,Personalized phone call with HR and benefits explanation
11964,0.01,0,High Risk,Personalized phone call with HR and benefits explanation
19276,0.14,0,High Risk,Personalized phone call with HR and benefits explanation
17851,0.0,0,High Risk,Personalized phone call with HR and benefits explanation
19150,0.05,0,High Risk,Personalized phone call with HR and benefits explanation
19129,0.02,0,High Risk,Personalized phone call with HR and benefits explanation
13437,0.96,1,Low Risk,Standard enrollment notification
10124,0.04,0,High Risk,Personalized phone call with HR and benefits explanation
12611,0.05,0,High Risk,Personalized phone call with HR and benefits explanation
10655,0.97,1,Low Risk,Standard enrollment notification
10899,0.22,0,High Risk,Personalized phone call with HR and benefits explanation
15935,1.0,1,Low Risk,Standard enrollment notification
15435,0.05,0,High Risk,Personalized phone call with HR and benefits explanation
19565,1.0,1,Low Risk,Standard enrollment notification
11001,0.02,0,High Risk,Personalized phone call with HR and benefits explanation
10406,1.0,1,Low Risk,Standard enrollment notification
10062,1.0,1,Low Risk,Standard enrollment notification
18563,0.04,0,High Risk,Personalized phone call with HR and benefits explanation
11075,1.0,1,Low Risk,Standard enrollment notification
12718,0.96,1,Low Risk,Standard enrollment notification
10913,0.99,1,Low Risk,Standard enrollment notification
11931,0.97,1,Low Risk,Standard enrollment notification
18027,0.96,1,Low Risk,Standard enrollment notification
17540,0.97,1,Low Risk,Standard enrollment notification
13712,0.01,0,High Risk,Personalized phone call with HR and benefits explanation
12236,0.98,1,Low Risk,Standard enrollment notification
13117,0.93,1,Low Risk,Standard enrollment notification
12962,0.97,1,Low Risk,Standard enrollment notification
19026,0.22,0,High Risk,Personalized phone call with HR and benefits explanation
11079,0.03,0,High Risk,Personalized phone call with HR and benefits explanation
15348,0.0,0,High Risk,Personalized phone call with HR and benefits explanation
14329,0.05,0,High Risk,Personalized phone call with HR and benefits explanation
14523,0.01,0,High Risk,Personalized phone call with HR and benefits explanation
11282,0.96,1,Low Risk,Standard enrollment notification
10890,0.0,0,High Risk,Personalized phone call with HR and benefits explanation
11906,1.0,1,Low Risk,Standard enrollment notification
10701,0.93,1,Low Risk,Standard enrollment notification
12828,0.01,0,High Risk,Personalized phone call with HR and benefits explanation
13601,0.99,1,Low Risk,Standard enrollment notification
19789,0.99,1,Low Risk,Standard enrollment notification
18610,0.0,0,High Risk,Personalized phone call with HR and benefits explanation
12290,0.0,0,High Risk,Personalized phone call with HR and benefits explanation
11621,1.0,1,Low Risk,Standard enrollment notification
12822,0.05,0,High Risk,Personalized phone call with HR and benefits explanation
14475,0.02,0,High Risk,Personalized phone call with HR and benefits explanation
13400,0.98,1,Low Risk,Standard enrollment notification
15226,1.0,1,Low Risk,Standard enrollment notification
15430,0.99,1,Low Risk,Standard enrollment notification
17982,0.01,0,High Risk,Personalized phone call with HR and benefits explanation
15551,1.0,1,Low Risk,Standard enrollment notification
12696,0.03,0,High Risk,Personalized phone call with HR and benefits explanation
14756,0.86,1,Low Risk,Standard enrollment notification
15858,0.99,1,Low Risk,Standard enrollment notification
13992,0.04,0,High Risk,Personalized phone call with HR and benefits explanation
15758,0.96,1,Low Risk,Standard enrollment notification
16631,0.01,0,High Risk,Personalized phone call with HR and benefits explanation
14702,1.0,1,Low Risk,Standard enrollment notification
17439,0.04,0,High Risk,Personalized phone call with HR and benefits explanation
15356,0.0,0,High Risk,Personalized phone call with HR and benefits explanation
14052,0.0,0,High Risk,Personalized phone call with HR and benefits explanation
14453,0.98,1,Low Risk,Standard enrollment notification
16009,0.02,0,High Risk,Personalized phone call with HR and benefits explanation
14628,0.01,0,High Risk,Personalized phone call with HR and benefits explanation
12972,0.99,1,Low Risk,Standard enrollment notification
11883,1.0,1,Low Risk,Standard enrollment notification
10511,0.99,1,Low Risk,Standard enrollment notification
15847,0.98,1,Low Risk,Standard enrollment notification
10992,0.99,1,Low Risk,Standard enrollment notification
12054,0.98,1,Low Risk,Standard enrollment notification
11258,0.07,0,High Risk,Personalized phone call with HR and benefits explanation
16485,0.99,1,Low Risk,Standard enrollment notification
17950,0.95,1,Low Risk,Standard enrollment notification
19918,0.07,0,High Risk,Personalized phone call with HR and benefits explanation
18977,0.02,0,High Risk,Personalized phone call with HR and benefits explanation
18868,0.0,0,High Risk,Personalized phone call with HR and benefits explanation
14700,0.93,1,Low Risk,Standard enrollment notification
13668,0.04,0,High Risk,Personalized phone call with HR and benefits explanation
17183,0.99,1,Low Risk,Standard enrollment notification
17142,0.14,0,High Risk,Personalized phone call with HR and benefits explanation
17757,0.97,1,Low Risk,Standard enrollment notification
11208,0.99,1,Low Risk,Standard enrollment notification
19919,0.03,0,High Risk,Personalized phone call with HR and benefits explanation
13688,0.0,0,High Risk,Personalized phone call with HR and benefits explanation
11203,0.99,1,Low Risk,Standard enrollment notification
16568,0.97,1,Low Risk,Standard enrollment notification
17643,0.95,1,Low Risk,Standard enrollment notification
10581,0.99,1,Low Risk,Standard enrollment notification
18169,1.0,1,Low Risk,Standard enrollment notification
16836,1.0,1,Low Risk,Standard enrollment notification
15463,0.01,0,High Risk,Personalized phone call with HR and benefits explanation
10706,0.0,0,High Risk,Personalized phone call with HR and benefits explanation
19189,0.05,0,High Risk,Personalized phone call with HR and benefits explanation
18783,1.0,1,Low Risk,Standard enrollment notification
11025,0.02,0,High Risk,Personalized phone call with HR and benefits explanation
12649,0.0,0,High Risk,Personalized phone call with HR and benefits explanation
12102,0.05,0,High Risk,Personalized phone call with HR and benefits explanation
10728,1.0,1,Low Risk,Standard enrollment notification
18448,0.97,1,Low Risk,Standard enrollment notification
19414,0.02,0,High Risk,Personalized phone call with HR and benefits explanation
19455,0.92,1,Low Risk,Standard enrollment notification
18384,0.0,0,High Risk,Personalized phone call with HR and benefits explanation
14598,0.11,0,High Risk,Personalized phone call with HR and benefits explanation
11292,0.99,1,Low Risk,Standard enrollment notification
13724,1.0,1,Low Risk,Standard enrollment notification
16901,0.93,1,Low Risk,Standard enrollment notification
16809,0.0,0,High Risk,Personalized phone call with HR and benefits explanation
19832,0.97,1,Low Risk,Standard enrollment notification
18653,0.24,0,High Risk,Personalized phone call with HR and benefits explanation
12811,0.01,0,High Risk,Personalized phone call with HR and benefits explanation
13754,0.02,0,High Risk,Personalized phone call with HR and benefits explanation
12983,0.97,1,Low Risk,Standard enrollment notification
18665,0.0,0,High Risk,Personalized phone call with HR and benefits explanation
14175,0.01,0,High Risk,Personalized phone call with HR and benefits explanation
12685,1.0,1,Low Risk,Standard enrollment notification
18780,1.0,1,Low Risk,Standard enrollment notification
18036,1.0,1,Low Risk,Standard enrollment notification
15544,0.1,0,High Risk,Personalized phone call with HR and benefits explanation
14825,0.89,1,Low Risk,Standard enrollment notification
18436,0.92,1,Low Risk,Standard enrollment notification
14882,1.0,1,Low Risk,Standard enrollment notification
14904,0.03,0,High Risk,Personalized phone call with HR and benefits explanation
17078,1.0,1,Low Risk,Standard enrollment notification
17606,0.97,1,Low Risk,Standard enrollment notification
15437,0.02,0,High Risk,Personalized phone call with HR and benefits explanation
13266,0.97,1,Low Risk,Standard enrollment notification
11657,0.0,0,High Risk,Personalized phone call with HR and benefits explanation
11019,1.0,1,Low Risk,Standard enrollment notification
19128,0.94,1,Low Risk,Standard enrollment notification
18943,1.0,1,Low Risk,Standard enrollment notification
13224,0.95,1,Low Risk,Standard enrollment notification
14809,0.99,1,Low Risk,Standard enrollment notification
14914,1.0,1,Low Risk,Standard enrollment notification
16131,0.98,1,Low Risk,Standard enrollment notification
17518,0.0,0,High Risk,Personalized phone call with HR and benefits explanation
19543,0.16,0,High Risk,Personalized phone call with HR and benefits explanation
15590,0.95,1,Low Risk,Standard enrollment notification
16939,0.02,0,High Risk,Personalized phone call with HR and benefits explanation
13061,1.0,1,Low Risk,Standard enrollment notification
12823,0.05,0,High Risk,Personalized phone call with HR and benefits explanation
18996,0.96,1,Low Risk,Standard enrollment notification
10165,0.06,0,High Risk,Personalized phone call with HR and benefits explanation
11920,0.97,1,Low Risk,Standard enrollment notification
14184,0.95,1,Low Risk,Standard enrollment notification
12474,0.02,0,High Risk,Personalized phone call with HR and benefits explanation
16373,0.08,0,High Risk,Personalized phone call with HR and benefits explanation
15312,0.91,1,Low Risk,Standard enrollment notification
17226,0.1,0,High Risk,Personalized phone call with HR and benefits explanation
19236,0.98,1,Low Risk,Standard enrollment notification
16583,0.95,1,Low Risk,Standard enrollment notification
15368,0.98,1,Low Risk,Standard enrollment notification
15403,0.99,1,Low Risk,Standard enrollment notification
14092,0.2,0,High Risk,Personalized phone call with HR and benefits explanation
18975,0.99,1,Low Risk,Standard enrollment notification
14737,0.93,1,Low Risk,Standard enrollment notification
19368,0.83,1,Low Risk,Standard enrollment notification
16676,0.1,0,High Risk,Personalized phone call with HR and benefits explanation
14483,1.0,1,Low Risk,Standard enrollment notification
15747,0.97,1,Low Risk,Standard enrollment notification
12079,0.99,1,Low Risk,Standard enrollment notification
12964,0.98,1,Low Risk,Standard enrollment notification
16094,0.03,0,High Risk,Personalized phone call with HR and benefits explanation
12001,0.14,0,High Risk,Personalized phone call with HR and benefits explanation
18273,0.94,1,Low Risk,Standard enrollment notification
14071,1.0,1,Low Risk,Standard enrollment notification
10027,0.98,1,Low Risk,Standard enrollment notification
10301,1.0,1,Low Risk,Standard enrollment notification
17594,0.97,1,Low Risk,Standard enrollment notification
16001,0.0,0,High Risk,Personalized phone call with HR and benefits explanation
13298,0.21,0,High Risk,Personalized phone call with HR and benefits explanation
17996,0.01,0,High Risk,Personalized phone call with HR and benefits explanation
16301,0.02,0,High Risk,Personalized phone call with HR and benefits explanation
13300,0.0,0,High Risk,Personalized phone call with HR and benefits explanation
13316,0.95,1,Low Risk,Standard enrollment notification
17173,0.98,1,Low Risk,Standard enrollment notification
15449,0.94,1,Low Risk,Standard enrollment notification
11133,1.0,1,Low Risk,Standard enrollment notification
18108,0.92,1,Low Risk,Standard enrollment notification
12556,0.95,1,Low Risk,Standard enrollment notification
14024,0.02,0,High Risk,Personalized phone call with HR and benefits explanation
12216,0.98,1,Low Risk,Standard enrollment notification
18915,0.04,0,High Risk,Personalized phone call with HR and benefits explanation
14054,1.0,1,Low Risk,Standard enrollment notification
16948,0.96,1,Low Risk,Standard enrollment notification
16304,0.48,0,Medium Risk,Reminder email with enrollment benefits
16697,1.0,1,Low Risk,Standard enrollment notification
18363,0.98,1,Low Risk,Standard enrollment notification
12851,0.95,1,Low Risk,Standard enrollment notification
19533,0.11,0,High Risk,Personalized phone call with HR and benefits explanation
15743,0.98,1,Low Risk,Standard enrollment notification
19531,0.98,1,Low Risk,Standard enrollment notification
17927,1.0,1,Low Risk,Standard enrollment notification
16816,0.99,1,Low Risk,Standard enrollment notification
12258,0.02,0,High Risk,Personalized phone call with HR and benefits explanation
19666,0.23,0,High Risk,Personalized phone call with HR and benefits explanation
17656,0.98,1,Low Risk,Standard enrollment notification
11870,0.65,1,Low Risk,Standard enrollment notification
12909,1.0,1,Low Risk,Standard enrollment notification
12663,0.93,1,Low Risk,Standard enrollment notification
12735,0.94,1,Low Risk,Standard enrollment notification
13016,0.97,1,Low Risk,Standard enrollment notification
17798,0.0,0,High Risk,Personalized phone call with HR and benefits explanation
17663,0.98,1,Low Risk,Standard enrollment notification
12094,1.0,1,Low Risk,Standard enrollment notification
19474,1.0,1,Low Risk,Standard enrollment notification
13679,0.26,0,High Risk,Personalized phone call with HR and benefits explanation
17504,1.0,1,Low Risk,Standard enrollment notification
11275,0.99,1,Low Risk,Standard enrollment notification
17543,0.97,1,Low Risk,Standard enrollment notification
11929,1.0,1,Low Risk,Standard enrollment notification
18233,0.99,1,Low Risk,Standard enrollment notification
19491,1.0,1,Low Risk,Standard enrollment notification
10994,0.02,0,High Risk,Personalized phone call with HR and benefits explanation
10025,0.93,1,Low Risk,Standard enrollment notification
12925,1.0,1,Low Risk,Standard enrollment notification
10645,0.99,1,Low Risk,Standard enrollment notification
14805,0.93,1,Low Risk,Standard enrollment notification
13270,1.0,1,Low Risk,Standard enrollment notification
14370,0.94,1,Low Risk,Standard enrollment notification
17593,1.0,1,Low Risk,Standard enrollment notification
17893,0.99,1,Low Risk,Standard enrollment notification
17102,0.0,0,High Risk,Personalized phone call with HR and benefits explanation
13583,0.98,1,Low Risk,Standard enrollment notification
18112,0.92,1,Low Risk,Standard enrollment notification
10146,0.0,0,High Risk,Personalized phone call with HR and benefits explanation
15934,1.0,1,Low Risk,Standard enrollment notification
12538,0.95,1,Low Risk,Standard enrollment notification
16384,0.0,0,High Risk,Personalized phone call with HR and benefits explanation
10579,1.0,1,Low Risk,Standard enrollment notification
12157,0.99,1,Low Risk,Standard enrollment notification
19733,0.96,1,Low Risk,Standard enrollment notification
11507,0.03,0,High Risk,Personalized phone call with HR and benefits explanation
11682,0.96,1,Low Risk,Standard enrollment notification
10128,0.96,1,Low Risk,Standard enrollment notification
15268,1.0,1,Low Risk,Standard enrollment notification
12812,0.95,1,Low Risk,Standard enrollment notification
13254,0.07,0,High Risk,Personalized phone call with HR and benefits explanation
14456,0.99,1,Low Risk,Standard enrollment notification
12287,0.99,1,Low Risk,Standard enrollment notification
16614,0.0,0,High Risk,Personalized phone call with HR and benefits explanation
20000,1.0,1,Low Risk,Standard enrollment notification
17557,0.04,0,High Risk,Personalized phone call with HR and benefits explanation
12128,0.98,1,Low Risk,Standard enrollment notification
14873,0.14,0,High Risk,Personalized phone call with HR and benefits explanation
18157,0.95,1,Low Risk,Standard enrollment notification
14670,0.91,1,Low Risk,Standard enrollment notification
12307,0.03,0,High Risk,Personalized phone call with HR and benefits explanation
15842,0.99,1,Low Risk,Standard enrollment notification
15707,0.96,1,Low Risk,Standard enrollment notification
19340,1.0,1,Low Risk,Standard enrollment notification
18488,1.0,1,Low Risk,Standard enrollment notification
12289,0.87,1,Low Risk,Standard enrollment notification
17764,0.91,1,Low Risk,Standard enrollment notification
16947,0.84,1,Low Risk,Standard enrollment notification
10894,0.85,1,Low Risk,Standard enrollment notification
19963,0.92,1,Low Risk,Standard enrollment notification
13953,0.98,1,Low Risk,Standard enrollment notification
12573,0.96,1,Low Risk,Standard enrollment notification
18052,0.01,0,High Risk,Personalized phone call with HR and benefits explanation
15573,0.99,1,Low Risk,Standard enrollment notification
10282,1.0,1,Low Risk,Standard enrollment notification
19527,0.98,1,Low Risk,Standard enrollment notification
16688,0.01,0,High Risk,Personalized phone call with HR and benefits explanation
10900,0.94,1,Low Risk,Standard enrollment notification
18015,1.0,1,Low Risk,Standard enrollment notification
19089,0.94,1,Low Risk,Standard enrollment notification
11716,0.99,1,Low Risk,Standard enrollment notification
18289,1.0,1,Low Risk,Standard enrollment notification
16555,0.0,0,High Risk,Personalized phone call with HR and benefits explanation
18904,0.41,0,Medium Risk,Reminder email with enrollment benefits
18079,0.97,1,Low Risk,Standard enrollment notification
18625,0.97,1,Low Risk,Standard enrollment notification
15313,0.98,1,Low Risk,Standard enrollment notification
14033,0.08,0,High Risk,Personalized phone call with HR and benefits explanation
13363,1.0,1,Low Risk,Standard enrollment notification
10134,0.98,1,Low Risk,Standard enrollment notification
19916,0.98,1,Low Risk,Standard enrollment notification
18167,0.07,0,High Risk,Personalized phone call with HR and benefits explanation
12318,0.99,1,Low Risk,Standard enrollment notification
10260,1.0,1,Low Risk,Standard enrollment notification
10585,0.0,0,High Risk,Personalized phone call with HR and benefits explanation
10476,0.06,0,High Risk,Personalized phone call with HR and benefits explanation
19165,0.0,0,High Risk,Personalized phone call with HR and benefits explanation
18564,0.92,1,Low Risk,Standard enrollment notification
15515,0.22,0,High Risk,Personalized phone call with HR and benefits explanation
14721,0.01,0,High Risk,Personalized phone call with HR and benefits explanation
13891,0.98,1,Low Risk,Standard enrollment notification
18853,0.99,1,Low Risk,Standard enrollment notification
13710,0.01,0,High Risk,Personalized phone call with HR and benefits explanation
14411,0.01,0,High Risk,Personalized phone call with HR and benefits explanation
17458,0.0,0,High Risk,Personalized phone call with HR and benefits explanation
18166,0.0,0,High Risk,Personalized phone call with HR and benefits explanation
12458,0.99,1,Low Risk,Standard enrollment notification
10185,0.98,1,Low Risk,Standard enrollment notification
19636,0.04,0,High Risk,Personalized phone call with HR and benefits explanation
11641,1.0,1,Low Risk,Standard enrollment notification
19630,1.0,1,Low Risk,Standard enrollment notification
11996,0.99,1,Low Risk,Standard enrollment notification
18176,1.0,1,Low Risk,Standard enrollment notification
15160,0.88,1,Low Risk,Standard enrollment notification
10705,0.99,1,Low Risk,Standard enrollment notification
16757,0.15,0,High Risk,Personalized phone call with HR and benefits explanation
16500,1.0,1,Low Risk,Standard enrollment notification
19518,0.86,1,Low Risk,Standard enrollment notification
10433,1.0,1,Low Risk,Standard enrollment notification
18067,0.98,1,Low Risk,Standard enrollment notification
18609,0.99,1,Low Risk,Standard enrollment notification
14316,0.97,1,Low Risk,Standard enrollment notification
16312,0.98,1,Low Risk,Standard enrollment notification
18151,0.0,0,High Risk,Personalized phone call with HR and benefits explanation
11882,0.98,1,Low Risk,Standard enrollment notification
10905,0.0,0,High Risk,Personalized phone call with HR and benefits explanation
12377,0.99,1,Low Risk,Standard enrollment notification
15126,0.11,0,High Risk,Personalized phone call with HR and benefits explanation
16024,0.03,0,High Risk,Personalized phone call with HR and benefits explanation
14794,0.0,0,High Risk,Personalized phone call with HR and benefits explanation
13539,0.03,0,High Risk,Personalized phone call with HR and benefits explanation
18219,0.94,1,Low Risk,Standard enrollment notification
18629,0.95,1,Low Risk,Standard enrollment notification
17916,0.85,1,Low Risk,Standard enrollment notification
16486,0.01,0,High Risk,Personalized phone call with HR and benefits explanation
14770,0.0,0,High Risk,Personalized phone call with HR and benefits explanation
12626,0.97,1,Low Risk,Standard enrollment notification
11179,0.91,1,Low Risk,Standard enrollment notification
19347,1.0,1,Low Risk,Standard enrollment notification
10454,0.96,1,Low Risk,Standard enrollment notification
12411,1.0,1,Low Risk,Standard enrollment notification
17603,0.04,0,High Risk,Personalized phone call with HR and benefits explanation
11277,0.08,0,High Risk,Personalized phone call with HR and benefits explanation
14123,0.0,0,High Risk,Personalized phone call with HR and benefits explanation
15029,0.07,0,High Risk,Personalized phone call with HR and benefits explanation
18007,1.0,1,Low Risk,Standard enrollment notification
13196,0.99,1,Low Risk,Standard enrollment notification
12723,1.0,1,Low Risk,Standard enrollment notification
15058,0.96,1,Low Risk,Standard enrollment notification
16321,1.0,1,Low Risk,Standard enrollment notification
12225,1.0,1,Low Risk,Standard enrollment notification
10256,1.0,1,Low Risk,Standard enrollment notification
11525,0.0,0,High Risk,Personalized phone call with HR and benefits explanation
11186,0.09,0,High Risk,Personalized phone call with HR and benefits explanation
16725,0.93,1,Low Risk,Standard enrollment notification
12306,0.12,0,High Risk,Personalized phone call with HR and benefits explanation
18144,1.0,1,Low Risk,Standard enrollment notification
11429,0.02,0,High Risk,Personalized phone call with HR and benefits explanation
12026,0.03,0,High Risk,Personalized phone call with HR and benefits explanation
13388,0.97,1,Low Risk,Standard enrollment notification
16249,0.23,0,High Risk,Personalized phone call with HR and benefits explanation
11427,0.97,1,Low Risk,Standard enrollment notification
12614,0.0,0,High Risk,Personalized phone call with HR and benefits explanation
11497,0.69,1,Low Risk,Standard enrollment notification
14251,1.0,1,Low Risk,Standard enrollment notification
12443,1.0,1,Low Risk,Standard enrollment notification
15232,1.0,1,Low Risk,Standard enrollment notification
13378,0.01,0,High Risk,Personalized phone call with HR and benefits explanation
18710,0.1,0,High Risk,Personalized phone call with HR and benefits explanation
14530,1.0,1,Low Risk,Standard enrollment notification
15304,0.97,1,Low Risk,Standard enrollment notification
12315,0.86,1,Low Risk,Standard enrollment notification
19357,0.04,0,High Risk,Personalized phone call with HR and benefits explanation
10432,0.99,1,Low Risk,Standard enrollment notification
17420,0.0,0,High Risk,Personalized phone call with HR and benefits explanation
13353,0.01,0,High Risk,Personalized phone call with HR and benefits explanation
14317,1.0,1,Low Risk,Standard enrollment notification
12888,0.97,1,Low Risk,Standard enrollment notification
15500,0.03,0,High Risk,Personalized phone call with HR and benefits explanation
16595,1.0,1,Low Risk,Standard enrollment notification
13709,0.02,0,High Risk,Personalized phone call with HR and benefits explanation
13764,1.0,1,Low Risk,Standard enrollment notification
18408,0.01,0,High Risk,Personalized phone call with HR and benefits explanation
18260,0.02,0,High Risk,Personalized phone call with HR and benefits explanation
17552,1.0,1,Low Risk,Standard enrollment notification
11027,0.01,0,High Risk,Personalized phone call with HR and benefits explanation
18310,0.99,1,Low Risk,Standard enrollment notification
10986,0.02,0,High Risk,Personalized phone call with HR and benefits explanation
11982,0.0,0,High Risk,Personalized phone call with HR and benefits explanation
11033,0.93,1,Low Risk,Standard enrollment notification
14608,0.87,1,Low Risk,Standard enrollment notification
17636,0.87,1,Low Risk,Standard enrollment notification
12579,0.95,1,Low Risk,Standard enrollment notification
16356,0.98,1,Low Risk,Standard enrollment notification
17160,0.02,0,High Risk,Personalized phone call with HR and benefits explanation
17060,1.0,1,Low Risk,Standard enrollment notification
14125,0.21,0,High Risk,Personalized phone call with HR and benefits explanation
18501,0.03,0,High Risk,Personalized phone call with HR and benefits explanation
15288,1.0,1,Low Risk,Standard enrollment notification
13813,0.03,0,High Risk,Personalized phone call with HR and benefits explanation
14011,0.02,0,High Risk,Personalized phone call with HR and benefits explanation
18754,0.06,0,High Risk,Personalized phone call with HR and benefits explanation
14048,0.98,1,Low Risk,Standard enrollment notification
15193,0.97,1,Low Risk,Standard enrollment notification
13645,0.02,0,High Risk,Personalized phone call with HR and benefits explanation
18888,1.0,1,Low Risk,Standard enrollment notification
13275,0.96,1,Low Risk,Standard enrollment notification
15814,0.09,0,High Risk,Personalized phone call with HR and benefits explanation
14425,0.97,1,Low Risk,Standard enrollment notification
11939,0.98,1,Low Risk,Standard enrollment notification
15974,0.3,0,Medium Risk,Reminder email with enrollment benefits
18446,0.11,0,High Risk,Personalized phone call with HR and benefits explanation
11723,0.99,1,Low Risk,Standard enrollment notification
15252,1.0,1,Low Risk,Standard enrollment notification
17198,0.0,0,High Risk,Personalized phone call with HR and benefits explanation
15777,0.98,1,Low Risk,Standard enrollment notification
19592,1.0,1,Low Risk,Standard enrollment notification
17936,0.12,0,High Risk,Personalized phone call with HR and benefits explanation
13064,0.0,0,High Risk,Personalized phone call with HR and benefits explanation
12671,0.99,1,Low Risk,Standard enrollment notification
16499,0.96,1,Low Risk,Standard enrollment notification
11515,0.86,1,Low Risk,Standard enrollment notification
16548,1.0,1,Low Risk,Standard enrollment notification
11886,0.99,1,Low Risk,Standard enrollment notification
11061,0.05,0,High Risk,Personalized phone call with HR and benefits explanation
17475,0.03,0,High Risk,Personalized phone call with HR and benefits explanation
11404,0.04,0,High Risk,Personalized phone call with HR and benefits explanation
19949,1.0,1,Low Risk,Standard enrollment notification
15307,0.87,1,Low Risk,Standard enrollment notification
18988,0.98,1,Low Risk,Standard enrollment notification
18920,0.0,0,High Risk,Personalized phone call with HR and benefits explanation
15815,0.78,1,Low Risk,Standard enrollment notification
12414,1.0,1,Low Risk,Standard enrollment notification
13409,0.98,1,Low Risk,Standard enrollment notification
12328,0.0,0,High Risk,Personalized phone call with HR and benefits explanation
14675,1.0,1,Low Risk,Standard enrollment notification
14597,0.11,0,High Risk,Personalized phone call with HR and benefits explanation
11176,0.99,1,Low Risk,Standard enrollment notification
14372,0.99,1,Low Risk,Standard enrollment notification
19394,0.0,0,High Risk,Personalized phone call with HR and benefits explanation
11107,0.05,0,High Risk,Personalized phone call with HR and benefits explanation
19815,0.02,0,High Risk,Personalized phone call with HR and benefits explanation
10595,0.08,0,High Risk,Personalized phone call with HR and benefits explanation
14426,0.0,0,High Risk,Personalized phone call with HR and benefits explanation
13339,0.98,1,Low Risk,Standard enrollment notification
13151,0.05,0,High Risk,Personalized phone call with HR and benefits explanation
10132,0.93,1,Low Risk,Standard enrollment notification
19981,0.01,0,High Risk,Personalized phone call with HR and benefits explanation
16071,0.99,1,Low Risk,Standard enrollment notification
19488,1.0,1,Low Risk,Standard enrollment notification
15290,0.95,1,Low Risk,Standard enrollment notification
14841,1.0,1,Low Risk,Standard enrollment notification
12332,0.04,0,High Risk,Personalized phone call with HR and benefits explanation
16724,0.97,1,Low Risk,Standard enrollment notification
14203,0.9,1,Low Risk,Standard enrollment notification
14303,0.01,0,High Risk,Personalized phone call with HR and benefits explanation
12352,0.04,0,High Risk,Personalized phone call with HR and benefits explanation
11147,1.0,1,Low Risk,Standard enrollment notification
18199,0.97,1,Low Risk,Standard enrollment notification
12652,1.0,1,Low Risk,Standard enrollment notification
18393,0.0,0,High Risk,Personalized phone call with HR and benefits explanation
11797,0.96,1,Low Risk,Standard enrollment notification
12288,1.0,1,Low Risk,Standard enrollment notification
13406,0.0,0,High Risk,Personalized phone call with HR and benefits explanation
16380,0.0,0,High Risk,Personalized phone call with HR and benefits explanation
19991,0.93,1,Low Risk,Standard enrollment notification
16969,0.98,1,Low Risk,Standard enrollment notification
14102,1.0,1,Low Risk,Standard enrollment notification
17635,0.98,1,Low Risk,Standard enrollment notification
19945,0.35,0,Medium Risk,Reminder email with enrollment benefits
18191,0.0,0,High Risk,Personalized phone call with HR and benefits explanation
15078,0.11,0,High Risk,Personalized phone call with HR and benefits explanation
17921,0.98,1,Low Risk,Standard enrollment notification
18064,1.0,1,Low Risk,Standard enrollment notification
19810,0.95,1,Low Risk,Standard enrollment notification
19786,0.99,1,Low Risk,Standard enrollment notification
16296,0.97,1,Low Risk,Standard enrollment notification
17882,0.99,1,Low Risk,Standard enrollment notification
17242,0.89,1,Low Risk,Standard enrollment notification
14084,0.0,0,High Risk,Personalized phone call with HR and benefits explanation
16195,0.9,1,Low Risk,Standard enrollment notification
14711,0.02,0,High Risk,Personalized phone call with HR and benefits explanation
15778,0.97,1,Low Risk,Standard enrollment notification
18236,0.99,1,Low Risk,Standard enrollment notification
13845,0.11,0,High Risk,Personalized phone call with HR and benefits explanation
15672,0.99,1,Low Risk,Standard enrollment notification
17356,0.99,1,Low Risk,Standard enrollment notification
18928,0.98,1,Low Risk,Standard enrollment notification
17392,1.0,1,Low Risk,Standard enrollment notification
17922,0.05,0,High Risk,Personalized phone call with HR and benefits explanation
15986,0.97,1,Low Risk,Standard enrollment notification
15638,0.02,0,High Risk,Personalized phone call with HR and benefits explanation
13706,1.0,1,Low Risk,Standard enrollment notification
15690,1.0,1,Low Risk,Standard enrollment notification
12593,0.92,1,Low Risk,Standard enrollment notification
12672,0.92,1,Low Risk,Standard enrollment notification
10187,0.15,0,High Risk,Personalized phone call with HR and benefits explanation
18228,0.86,1,Low Risk,Standard enrollment notification
10318,1.0,1,Low Risk,Standard enrollment notification
19337,0.96,1,Low Risk,Standard enrollment notification
14282,0.03,0,High Risk,Personalized phone call with HR and benefits explanation
16807,0.0,0,High Risk,Personalized phone call with HR and benefits explanation
15088,0.98,1,Low Risk,Standard enrollment notification
12250,0.97,1,Low Risk,Standard enrollment notification
11612,0.04,0,High Risk,Personalized phone call with HR and benefits explanation
14843,0.95,1,Low Risk,Standard enrollment notification
15174,0.82,1,Low Risk,Standard enrollment notification
12719,0.09,0,High Risk,Personalized phone call with HR and benefits explanation
16847,0.0,0,High Risk,Personalized phone call with HR and benefits explanation
11032,0.99,1,Low Risk,Standard enrollment notification
13334,1.0,1,Low Risk,Standard enrollment notification
18338,0.08,0,High Risk,Personalized phone call with HR and benefits explanation
17559,0.99,1,Low Risk,Standard enrollment notification
15744,1.0,1,Low Risk,Standard enrollment notification
18364,0.0,0,High Risk,Personalized phone call with HR and benefits explanation
13922,1.0,1,Low Risk,Standard enrollment notification
18465,0.07,0,High Risk,Personalized phone call with HR and benefits explanation
18031,0.0,0,High Risk,Personalized phone call with HR and benefits explanation
11151,0.93,1,Low Risk,Standard enrollment notification
19544,0.0,0,High Risk,Personalized phone call with HR and benefits explanation
13993,0.97,1,Low Risk,Standard enrollment notification
10004,0.0,0,High Risk,Personalized phone call with HR and benefits explanation
15881,0.03,0,High Risk,Personalized phone call with HR and benefits explanation
18946,1.0,1,Low Risk,Standard enrollment notification
16720,0.06,0,High Risk,Personalized phone call with HR and benefits explanation
15588,0.97,1,Low Risk,Standard enrollment notification
19286,1.0,1,Low Risk,Standard enrollment notification
13640,0.0,0,High Risk,Personalized phone call with HR and benefits explanation
14106,0.01,0,High Risk,Personalized phone call with HR and benefits explanation
19932,0.99,1,Low Risk,Standard enrollment notification
11885,0.97,1,Low Risk,Standard enrollment notification
11003,1.0,1,Low Risk,Standard enrollment notification
10633,0.23,0,High Risk,Personalized phone call with HR and benefits explanation
16498,0.98,1,Low Risk,Standard enrollment notification
17121,0.0,0,High Risk,Personalized phone call with HR and benefits explanation
12014,1.0,1,Low Risk,Standard enrollment notification
17751,0.98,1,Low Risk,Standard enrollment notification
13228,0.0,0,High Risk,Personalized phone call with HR and benefits explanation
14876,0.11,0,High Risk,Personalized phone call with HR and benefits explanation
13657,1.0,1,Low Risk,Standard enrollment notification
10423,0.96,1,Low Risk,Standard enrollment notification
18843,0.98,1,Low Risk,Standard enrollment notification
15637,0.98,1,Low Risk,Standard enrollment notification
19049,1.0,1,Low Risk,Standard enrollment notification
14151,1.0,1,Low Risk,Standard enrollment notification
13749,0.96,1,Low Risk,Standard enrollment notification
12003,0.98,1,Low Risk,Standard enrollment notification
11333,0.1,0,High Risk,Personalized phone call with HR and benefits explanation
15737,0.95,1,Low Risk,Standard enrollment notification
12886,0.99,1,Low Risk,Standard enrollment notification
11351,0.72,1,Low Risk,Standard enrollment notification
18732,0.98,1,Low Risk,Standard enrollment notification
18495,0.99,1,Low Risk,Standard enrollment notification
17100,0.98,1,Low Risk,Standard enrollment notification
15263,0.0,0,High Risk,Personalized phone call with HR and benefits explanation
14064,1.0,1,Low Risk,Standard enrollment notification
14161,0.96,1,Low Risk,Standard enrollment notification
11445,0.0,0,High Risk,Personalized phone call with HR and benefits explanation
18215,0.97,1,Low Risk,Standard enrollment notification
12745,1.0,1,Low Risk,Standard enrollment notification
12960,0.98,1,Low Risk,Standard enrollment notification
15596,0.93,1,Low Risk,Standard enrollment notification
12912,1.0,1,Low Risk,Standard enrollment notification
16269,0.97,1,Low Risk,Standard enrollment notification
18354,0.97,1,Low Risk,Standard enrollment notification
10218,1.0,1,Low Risk,Standard enrollment notification
17382,1.0,1,Low Risk,Standard enrollment notification
19341,0.82,1,Low Risk,Standard enrollment notification
14697,0.99,1,Low Risk,Standard enrollment notification
11312,0.0,0,High Risk,Personalized phone call with HR and benefits explanation
18884,0.93,1,Low Risk,Standard enrollment notification
13369,0.0,0,High Risk,Personalized phone call with HR and benefits explanation
10651,0.98,1,Low Risk,Standard enrollment notification
12489,0.07,0,High Risk,Personalized phone call with HR and benefits explanation
19046,0.91,1,Low Risk,Standard enrollment notification
18659,0.09,0,High Risk,Personalized phone call with HR and benefits explanation
11582,0.94,1,Low Risk,Standard enrollment notification
17740,1.0,1,Low Risk,Standard enrollment notification
17274,1.0,1,Low Risk,Standard enrollment notification
16459,0.98,1,Low Risk,Standard enrollment notification
14438,1.0,1,Low Risk,Standard enrollment notification
12899,1.0,1,Low Risk,Standard enrollment notification
10360,0.94,1,Low Risk,Standard enrollment notification
18613,0.98,1,Low Risk,Standard enrollment notification
11961,0.98,1,Low Risk,Standard enrollment notification
17118,0.04,0,High Risk,Personalized phone call with HR and benefits explanation
15818,0.99,1,Low Risk,Standard enrollment notification
15827,0.83,1,Low Risk,Standard enrollment notification
12205,0.01,0,High Risk,Personalized phone call with HR and benefits explanation
16126,0.93,1,Low Risk,Standard enrollment notification
10420,0.88,1,Low Risk,Standard enrollment notification
10181,1.0,1,Low Risk,Standard enrollment notification
19270,0.98,1,Low Risk,Standard enrollment notification
13997,1.0,1,Low Risk,Standard enrollment notification
19817,0.07,0,High Risk,Personalized phone call with HR and benefits explanation
18722,0.0,0,High Risk,Personalized phone call with HR and benefits explanation
10978,0.14,0,High Risk,Personalized phone call with HR and benefits explanation
10787,1.0,1,Low Risk,Standard enrollment notification
11958,0.14,0,High Risk,Personalized phone call with HR and benefits explanation
10371,1.0,1,Low Risk,Standard enrollment notification
18482,0.16,0,High Risk,Personalized phone call with HR and benefits explanation
19364,0.98,1,Low Risk,Standard enrollment notification
18581,0.98,1,Low Risk,Standard enrollment notification
11183,1.0,1,Low Risk,Standard enrollment notification
13346,0.0,0,High Risk,Personalized phone call with HR and benefits explanation
13674,0.99,1,Low Risk,Standard enrollment notification
16174,1.0,1,Low Risk,Standard enrollment notification
19496,1.0,1,Low Risk,Standard enrollment notification
19213,0.87,1,Low Risk,Standard enrollment notification
12186,1.0,1,Low Risk,Standard enrollment notification
18807,1.0,1,Low Risk,Standard enrollment notification
15531,0.0,0,High Risk,Personalized phone call with HR and benefits explanation
18390,1.0,1,Low Risk,Standard enrollment notification
16364,0.06,0,High Risk,Personalized phone call with HR and benefits explanation
11071,0.02,0,High Risk,Personalized phone call with HR and benefits explanation
16488,0.0,0,High Risk,Personalized phone call with HR and benefits explanation
11556,0.0,0,High Risk,Personalized phone call with HR and benefits explanation
16890,0.99,1,Low Risk,Standard enrollment notification
16061,0.97,1,Low Risk,Standard enrollment notification
13323,0.96,1,Low Risk,Standard enrollment notification
12977,0.98,1,Low Risk,Standard enrollment notification
14641,0.95,1,Low Risk,Standard enrollment notification
15220,1.0,1,Low Risk,Standard enrollment notification
12770,0.09,0,High Risk,Personalized phone call with HR and benefits explanation
19865,0.13,0,High Risk,Personalized phone call with HR and benefits explanation
10503,0.0,0,High Risk,Personalized phone call with HR and benefits explanation
10757,0.01,0,High Risk,Personalized phone call with HR and benefits explanation
16988,0.99,1,Low Risk,Standard enrollment notification
16023,0.01,0,High Risk,Personalized phone call with HR and benefits explanation
17303,0.3,0,Medium Risk,Reminder email with enrollment benefits
12928,0.99,1,Low Risk,Standard enrollment notification
12243,0.98,1,Low Risk,Standard enrollment notification
18018,1.0,1,Low Risk,Standard enrollment notification
10532,1.0,1,Low Risk,Standard enrollment notification
12087,0.06,0,High Risk,Personalized phone call with HR and benefits explanation
13304,1.0,1,Low Risk,Standard enrollment notification
19245,0.09,0,High Risk,Personalized phone call with HR and benefits explanation
16723,0.98,1,Low Risk,Standard enrollment notification
17848,0.97,1,Low Risk,Standard enrollment notification
10510,0.02,0,High Risk,Personalized phone call with HR and benefits explanation
17210,1.0,1,Low Risk,Standard enrollment notification
14897,0.99,1,Low Risk,Standard enrollment notification
18356,0.14,0,High Risk,Personalized phone call with HR and benefits explanation
16490,0.0,0,High Risk,Personalized phone call with HR and benefits explanation
11060,1.0,1,Low Risk,Standard enrollment notification
13398,0.98,1,Low Risk,Standard enrollment notification
15471,1.0,1,Low Risk,Standard enrollment notification
10963,0.07,0,High Risk,Personalized phone call with HR and benefits explanation
16850,0.97,1,Low Risk,Standard enrollment notification
18579,0.99,1,Low Risk,Standard enrollment notification
15938,0.02,0,High Risk,Personalized phone call with HR and benefits explanation
12065,0.01,0,High Risk,Personalized phone call with HR and benefits explanation
15692,0.99,1,Low Risk,Standard enrollment notification
10626,0.03,0,High Risk,Personalized phone call with HR and benefits explanation
17148,0.98,1,Low Risk,Standard enrollment notification
17053,0.98,1,Low Risk,Standard enrollment notification
14380,0.11,0,High Risk,Personalized phone call with HR and benefits explanation
16709,1.0,1,Low Risk,Standard enrollment notification
11565,0.0,0,High Risk,Personalized phone call with HR and benefits explanation
14576,0.93,1,Low Risk,Standard enrollment notification
19464,0.94,1,Low Risk,Standard enrollment notification
18971,0.97,1,Low Risk,Standard enrollment notification
11116,1.0,1,Low Risk,Standard enrollment notification
10622,0.0,0,High Risk,Personalized phone call with HR and benefits explanation
18342,0.97,1,Low Risk,Standard enrollment notification
16085,0.93,1,Low Risk,Standard enrollment notification
12270,0.0,0,High Risk,Personalized phone call with HR and benefits explanation
16441,1.0,1,Low Risk,Standard enrollment notification
13753,0.96,1,Low Risk,Standard enrollment notification
10713,0.97,1,Low Risk,Standard enrollment notification
13071,0.93,1,Low Risk,Standard enrollment notification
10327,0.97,1,Low Risk,Standard enrollment notification
12789,1.0,1,Low Risk,Standard enrollment notification
14547,1.0,1,Low Risk,Standard enrollment notification
13274,0.99,1,Low Risk,Standard enrollment notification
13650,0.98,1,Low Risk,Standard enrollment notification
17682,0.98,1,Low Risk,Standard enrollment notification
17923,0.07,0,High Risk,Personalized phone call with HR and benefits explanation
16813,1.0,1,Low Risk,Standard enrollment notification
19226,1.0,1,Low Risk,Standard enrollment notification
18180,0.02,0,High Risk,Personalized phone call with HR and benefits explanation
18328,1.0,1,Low Risk,Standard enrollment notification
11811,0.97,1,Low Risk,Standard enrollment notification
12821,1.0,1,Low Risk,Standard enrollment notification
19318,0.18,0,High Risk,Personalized phone call with HR and benefits explanation
15068,0.99,1,Low Risk,Standard enrollment notification
15759,0.02,0,High Risk,Personalized phone call with HR and benefits explanation
12712,0.94,1,Low Risk,Standard enrollment notification
12733,0.97,1,Low Risk,Standard enrollment notification
10173,0.01,0,High Risk,Personalized phone call with HR and benefits explanation
17155,0.01,0,High Risk,Personalized phone call with HR and benefits explanation
10866,0.94,1,Low Risk,Standard enrollment notification
17065,0.87,1,Low Risk,Standard enrollment notification
15788,0.99,1,Low Risk,Standard enrollment notification
16329,1.0,1,Low Risk,Standard enrollment notification
11752,0.97,1,Low Risk,Standard enrollment notification
12559,0.19,0,High Risk,Personalized phone call with HR and benefits explanation
15207,1.0,1,Low Risk,Standard enrollment notification
11760,0.99,1,Low Risk,Standard enrollment notification
11550,0.05,0,High Risk,Personalized phone call with HR and benefits explanation
15411,0.06,0,High Risk,Personalized phone call with HR and benefits explanation
11209,1.0,1,Low Risk,Standard enrollment notification
18110,0.27,0,High Risk,Personalized phone call with HR and benefits explanation
11140,0.08,0,High Risk,Personalized phone call with HR and benefits explanation
19090,0.85,1,Low Risk,Standard enrollment notification
15961,0.0,0,High Risk,Personalized phone call with HR and benefits explanation
16276,0.98,1,Low Risk,Standard enrollment notification
17985,0.0,0,High Risk,Personalized phone call with HR and benefits explanation
13041,0.99,1,Low Risk,Standard enrollment notification
13676,0.01,0,High Risk,Personalized phone call with HR and benefits explanation
17492,1.0,1,Low Risk,Standard enrollment notification
14661,0.0,0,High Risk,Personalized phone call with HR and benefits explanation
16692,0.99,1,Low Risk,Standard enrollment notification
19642,0.0,0,High Risk,Personalized phone call with HR and benefits explanation
16124,1.0,1,Low Risk,Standard enrollment notification
10192,0.98,1,Low Risk,Standard enrollment notification
15543,0.95,1,Low Risk,Standard enrollment notification
13577,1.0,1,Low Risk,Standard enrollment notification
17589,0.99,1,Low Risk,Standard enrollment notification
10440,0.91,1,Low Risk,Standard enrollment notification
11555,0.88,1,Low Risk,Standard enrollment notification
17408,0.97,1,Low Risk,Standard enrollment notification
10665,1.0,1,Low Risk,Standard enrollment notification
11425,0.08,0,High Risk,Personalized phone call with HR and benefits explanation
13169,1.0,1,Low Risk,Standard enrollment notification
19036,0.04,0,High Risk,Personalized phone call with HR and benefits explanation
16034,0.15,0,High Risk,Personalized phone call with HR and benefits explanation
16532,0.0,0,High Risk,Personalized phone call with HR and benefits explanation
11115,1.0,1,Low Risk,Standard enrollment notification
18657,1.0,1,Low Risk,Standard enrollment notification
12317,1.0,1,Low Risk,Standard enrollment notification
14774,0.04,0,High Risk,Personalized phone call with HR and benefits explanation
10474,0.08,0,High Risk,Personalized phone call with HR and benefits explanation
18345,0.0,0,High Risk,Personalized phone call with HR and benefits explanation
10496,0.1,0,High Risk,Personalized phone call with HR and benefits explanation
12131,0.02,0,High Risk,Personalized phone call with HR and benefits explanation
10707,1.0,1,Low Risk,Standard enrollment notification
17827,0.04,0,High Risk,Personalized phone call with HR and benefits explanation
14973,0.0,0,High Risk,Personalized phone call with HR and benefits explanation
18664,1.0,1,Low Risk,Standard enrollment notification
15724,0.97,1,Low Risk,Standard enrollment notification
14176,0.97,1,Low Risk,Standard enrollment notification
16694,0.1,0,High Risk,Personalized phone call with HR and benefits explanation
17167,0.03,0,High Risk,Personalized phone call with HR and benefits explanation
19696,0.04,0,High Risk,Personalized phone call with HR and benefits explanation
18773,0.98,1,Low Risk,Standard enrollment notification
19015,1.0,1,Low Risk,Standard enrollment notification
16625,1.0,1,Low Risk,Standard enrollment notification
11189,0.98,1,Low Risk,Standard enrollment notification
13622,0.04,0,High Risk,Personalized phone call with HR and benefits explanation
18758,1.0,1,Low Risk,Standard enrollment notification
16430,0.93,1,Low Risk,Standard enrollment notification
19638,0.98,1,Low Risk,Standard enrollment notification
11475,0.86,1,Low Risk,Standard enrollment notification
15547,0.9,1,Low Risk,Standard enrollment notification
11458,0.99,1,Low Risk,Standard enrollment notification
19769,0.03,0,High Risk,Personalized phone call with HR and benefits explanation
10252,0.04,0,High Risk,Personalized phone call with HR and benefits explanation
13126,0.0,0,High Risk,Personalized phone call with HR and benefits explanation
11438,0.19,0,High Risk,Personalized phone call with HR and benefits explanation
10333,0.01,0,High Risk,Personalized phone call with HR and benefits explanation
13718,1.0,1,Low Risk,Standard enrollment notification
17517,0.96,1,Low Risk,Standard enrollment notification
15115,0.1,0,High Risk,Personalized phone call with HR and benefits explanation
18993,0.98,1,Low Risk,Standard enrollment notification
11738,0.95,1,Low Risk,Standard enrollment notification
10060,1.0,1,Low Risk,Standard enrollment notification
17632,0.91,1,Low Risk,Standard enrollment notification
17614,0.97,1,Low Risk,Standard enrollment notification
19446,0.91,1,Low Risk,Standard enrollment notification
18954,0.89,1,Low Risk,Standard enrollment notification
11652,0.01,0,High Risk,Personalized phone call with HR and benefits explanation
14192,0.94,1,Low Risk,Standard enrollment notification
17625,0.92,1,Low Risk,Standard enrollment notification
12691,0.99,1,Low Risk,Standard enrollment notification
13326,0.01,0,High Risk,Personalized phone call with HR and benefits explanation
12196,0.02,0,High Risk,Personalized phone call with HR and benefits explanation
12664,1.0,1,Low Risk,Standard enrollment notification
18841,0.99,1,Low Risk,Standard enrollment notification
19731,0.0,0,High Risk,Personalized phone call with HR and benefits explanation
12699,0.97,1,Low Risk,Standard enrollment notification
16908,0.06,0,High Risk,Personalized phone call with HR and benefits explanation
18366,1.0,1,Low Risk,Standard enrollment notification
19843,0.97,1,Low Risk,Standard enrollment notification
18492,0.02,0,High Risk,Personalized phone call with HR and benefits explanation
16714,0.99,1,Low Risk,Standard enrollment notification
17622,1.0,1,Low Risk,Standard enrollment notification
14589,0.99,1,Low Risk,Standard enrollment notification
16741,0.99,1,Low Risk,Standard enrollment notification
18619,0.96,1,Low Risk,Standard enrollment notification
13716,0.01,0,High Risk,Personalized phone call with HR and benefits explanation
19940,0.11,0,High Risk,Personalized phone call with HR and benefits explanation
13438,0.98,1,Low Risk,Standard enrollment notification
14559,0.07,0,High Risk,Personalized phone call with HR and benefits explanation
12311,0.01,0,High Risk,Personalized phone call with HR and benefits explanation
19352,0.99,1,Low Risk,Standard enrollment notification
11767,1.0,1,Low Risk,Standard enrollment notification
14742,0.02,0,High Risk,Personalized phone call with HR and benefits explanation
10351,0.92,1,Low Risk,Standard enrollment notification
19047,1.0,1,Low Risk,Standard enrollment notification
17650,0.0,0,High Risk,Personalized phone call with HR and benefits explanation
15035,0.01,0,High Risk,Personalized phone call with HR and benefits explanation
19149,0.99,1,Low Risk,Standard enrollment notification
12359,0.9,1,Low Risk,Standard enrollment notification
18305,1.0,1,Low Risk,Standard enrollment notification
16801,1.0,1,Low Risk,Standard enrollment notification
11646,0.94,1,Low Risk,Standard enrollment notification
10443,0.96,1,Low Risk,Standard enrollment notification
18298,1.0,1,Low Risk,Standard enrollment notification
18527,1.0,1,Low Risk,Standard enrollment notification
14218,0.06,0,High Risk,Personalized phone call with HR and benefits explanation
12433,0.0,0,High Risk,Personalized phone call with HR and benefits explanation
13469,0.1,0,High Risk,Personalized phone call with HR and benefits explanation
16929,0.08,0,High Risk,Personalized phone call with HR and benefits explanation
16571,0.18,0,High Risk,Personalized phone call with HR and benefits explanation
14025,0.98,1,Low Risk,Standard enrollment notification
11581,0.0,0,High Risk,Personalized phone call with HR and benefits explanation
16022,1.0,1,Low Risk,Standard enrollment notification
18935,0.98,1,Low Risk,Standard enrollment notification
15837,0.95,1,Low Risk,Standard enrollment notification
12613,1.0,1,Low Risk,Standard enrollment notification
11223,1.0,1,Low Risk,Standard enrollment notification
15709,0.98,1,Low Risk,Standard enrollment notification
19443,0.99,1,Low Risk,Standard enrollment notification
18244,0.01,0,High Risk,Personalized phone call with HR and benefits explanation
17411,0.18,0,High Risk,Personalized phone call with HR and benefits explanation
19225,1.0,1,Low Risk,Standard enrollment notification
12395,0.95,1,Low Risk,Standard enrollment notification
10716,0.97,1,Low Risk,Standard enrollment notification
18081,0.0,0,High Risk,Personalized phone call with HR and benefits explanation
14197,0.03,0,High Risk,Personalized phone call with HR and benefits explanation
11856,1.0,1,Low Risk,Standard enrollment notification
17028,1.0,1,Low Risk,Standard enrollment notification
12030,0.08,0,High Risk,Personalized phone call with HR and benefits explanation
19259,1.0,1,Low Risk,Standard enrollment notification
15992,0.08,0,High Risk,Personalized phone call with HR and benefits explanation
19983,1.0,1,Low Risk,Standard enrollment notification
12634,0.95,1,Low Risk,Standard enrollment notification
16421,1.0,1,Low Risk,Standard enrollment notification
19735,0.0,0,High Risk,Personalized phone call with HR and benefits explanation
14080,1.0,1,Low Risk,Standard enrollment notification
11062,0.23,0,High Risk,Personalized phone call with HR and benefits explanation
13084,1.0,1,Low Risk,Standard enrollment notification
18190,0.02,0,High Risk,Personalized phone call with HR and benefits explanation
14568,0.02,0,High Risk,Personalized phone call with HR and benefits explanation
18349,1.0,1,Low Risk,Standard enrollment notification
15535,1.0,1,Low Risk,Standard enrollment notification
18891,0.01,0,High Risk,Personalized phone call with HR and benefits explanation
16427,0.95,1,Low Risk,Standard enrollment notification
12686,0.93,1,Low Risk,Standard enrollment notification
19998,1.0,1,Low Risk,Standard enrollment notification
15639,0.96,1,Low Risk,Standard enrollment notification
13921,0.99,1,Low Risk,Standard enrollment notification
14228,0.01,0,High Risk,Personalized phone call with HR and benefits explanation
14815,0.99,1,Low Risk,Standard enrollment notification
14402,0.99,1,Low Risk,Standard enrollment notification
17029,0.03,0,High Risk,Personalized phone call with HR and benefits explanation
14905,0.98,1,Low Risk,Standard enrollment notification
14341,1.0,1,Low Risk,Standard enrollment notification
19730,0.96,1,Low Risk,Standard enrollment notification
15081,1.0,1,Low Risk,Standard enrollment notification
13497,1.0,1,Low Risk,Standard enrollment notification
14234,0.11,0,High Risk,Personalized phone call with HR and benefits explanation
13166,0.14,0,High Risk,Personalized phone call with HR and benefits explanation
19893,1.0,1,Low Risk,Standard enrollment notification
14691,0.06,0,High Risk,Personalized phone call with HR and benefits explanation
15877,0.01,0,High Risk,Personalized phone call with HR and benefits explanation
12748,0.96,1,Low Risk,Standard enrollment notification
13581,0.11,0,High Risk,Personalized phone call with HR and benefits explanation
10666,0.96,1,Low Risk,Standard enrollment notification
11119,0.03,0,High Risk,Personalized phone call with HR and benefits explanation
13390,0.0,0,High Risk,Personalized phone call with HR and benefits explanation
11715,0.07,0,High Risk,Personalized phone call with HR and benefits explanation
14521,0.97,1,Low Risk,Standard enrollment notification
19185,0.0,0,High Risk,Personalized phone call with HR and benefits explanation
14986,1.0,1,Low Risk,Standard enrollment notification
10748,0.02,0,High Risk,Personalized phone call with HR and benefits explanation
15235,1.0,1,Low Risk,Standard enrollment notification
18282,0.99,1,Low Risk,Standard enrollment notification
12970,1.0,1,Low Risk,Standard enrollment notification
15236,0.0,0,High Risk,Personalized phone call with HR and benefits explanation
10589,1.0,1,Low Risk,Standard enrollment notification
16691,0.66,1,Low Risk,Standard enrollment notification
13818,1.0,1,Low Risk,Standard enrollment notification
18681,0.99,1,Low Risk,Standard enrollment notification
19984,1.0,1,Low Risk,Standard enrollment notification
19801,0.01,0,High Risk,Personalized phone call with HR and benefits explanation
18445,1.0,1,Low Risk,Standard enrollment notification
16767,1.0,1,Low Risk,Standard enrollment notification
12178,0.0,0,High Risk,Personalized phone call with HR and benefits explanation
16800,1.0,1,Low Risk,Standard enrollment notification
16509,0.98,1,Low Risk,Standard enrollment notification
17838,0.0,0,High Risk,Personalized phone call with HR and benefits explanation
11839,0.99,1,Low Risk,Standard enrollment notification
13871,0.0,0,High Risk,Personalized phone call with HR and benefits explanation
19052,0.89,1,Low Risk,Standard enrollment notification
18026,0.98,1,Low Risk,Standard enrollment notification
16633,0.03,0,High Risk,Personalized phone call with HR and benefits explanation
11769,0.0,0,High Risk,Personalized phone call with HR and benefits explanation
12025,0.95,1,Low Risk,Standard enrollment notification
18845,0.99,1,Low Risk,Standard enrollment notification
10988,1.0,1,Low Risk,Standard enrollment notification
15695,0.98,1,Low Risk,Standard enrollment notification
18716,0.99,1,Low Risk,Standard enrollment notification
10947,0.93,1,Low Risk,Standard enrollment notification
16780,1.0,1,Low Risk,Standard enrollment notification
13153,0.99,1,Low Risk,Standard enrollment notification
15586,1.0,1,Low Risk,Standard enrollment notification
10659,1.0,1,Low Risk,Standard enrollment notification
15479,0.06,0,High Risk,Personalized phone call with HR and benefits explanation
16473,0.07,0,High Risk,Personalized phone call with HR and benefits explanation
17129,0.05,0,High Risk,Personalized phone call with HR and benefits explanation
11642,0.02,0,High Risk,Personalized phone call with HR and benefits explanation
15623,0.34,0,Medium Risk,Reminder email with enrollment benefits
19708,0.11,0,High Risk,Personalized phone call with HR and benefits explanation
15326,0.98,1,Low Risk,Standard enrollment notification
18458,0.04,0,High Risk,Personalized phone call with HR and benefits explanation
14094,0.99,1,Low Risk,Standard enrollment notification
11073,1.0,1,Low Risk,Standard enrollment notification
13555,0.09,0,High Risk,Personalized phone call with HR and benefits explanation
18024,0.94,1,Low Risk,Standard enrollment notification
11263,0.99,1,Low Risk,Standard enrollment notification
19667,0.99,1,Low Risk,Standard enrollment notification
13936,0.99,1,Low Risk,Standard enrollment notification
18684,0.88,1,Low Risk,Standard enrollment notification
10471,0.0,0,High Risk,Personalized phone call with HR and benefits explanation
11488,0.0,0,High Risk,Personalized phone call with HR and benefits explanation
14432,0.03,0,High Risk,Personalized phone call with HR and benefits explanation
19162,1.0,1,Low Risk,Standard enrollment notification
12156,0.01,0,High Risk,Personalized phone call with HR and benefits explanation
18746,0.06,0,High Risk,Personalized phone call with HR and benefits explanation
17910,0.09,0,High Risk,Personalized phone call with HR and benefits explanation
16982,0.99,1,Low Risk,Standard enrollment notification
12773,0.98,1,Low Risk,Standard enrollment notification
18574,0.04,0,High Risk,Personalized phone call with HR and benefits explanation
16038,0.0,0,High Risk,Personalized phone call with HR and benefits explanation
15186,1.0,1,Low Risk,Standard enrollment notification
16677,0.99,1,Low Risk,Standard enrollment notification
10977,0.99,1,Low Risk,Standard enrollment notification
16341,0.96,1,Low Risk,Standard enrollment notification
14775,0.13,0,High Risk,Personalized phone call with HR and benefits explanation
12791,0.08,0,High Risk,Personalized phone call with HR and benefits explanation
19792,1.0,1,Low Risk,Standard enrollment notification
18531,0.96,1,Low Risk,Standard enrollment notification
14627,0.95,1,Low Risk,Standard enrollment notification
16799,0.0,0,High Risk,Personalized phone call with HR and benefits explanation
15189,0.99,1,Low Risk,Standard enrollment notification
13324,0.99,1,Low Risk,Standard enrollment notification
15973,0.05,0,High Risk,Personalized phone call with HR and benefits explanation
17037,0.02,0,High Risk,Personalized phone call with HR and benefits explanation
17584,0.98,1,Low Risk,Standard enrollment notification
10916,0.03,0,High Risk,Personalized phone call with HR and benefits explanation
17464,0.11,0,High Risk,Personalized phone call with HR and benefits explanation
10991,0.01,0,High Risk,Personalized phone call with HR and benefits explanation
11702,0.99,1,Low Risk,Standard enrollment notification
17119,0.98,1,Low Risk,Standard enrollment notification
13648,0.01,0,High Risk,Personalized phone call with HR and benefits explanation
11536,0.01,0,High Risk,Personalized phone call with HR and benefits explanation
15178,0.0,0,High Risk,Personalized phone call with HR and benefits explanation
14965,0.0,0,High Risk,Personalized phone call with HR and benefits explanation
14544,0.97,1,Low Risk,Standard enrollment notification
14936,0.91,1,Low Risk,Standard enrollment notification
11190,0.04,0,High Risk,Personalized phone call with HR and benefits explanation
19174,1.0,1,Low Risk,Standard enrollment notification
10741,0.07,0,High Risk,Personalized phone call with HR and benefits explanation
10130,0.98,1,Low Risk,Standard enrollment notification
18346,0.89,1,Low Risk,Standard enrollment notification
15635,1.0,1,Low Risk,Standard enrollment notification
19230,1.0,1,Low Risk,Standard enrollment notification
11410,0.0,0,High Risk,Personalized phone call with HR and benefits explanation
13095,0.0,0,High Risk,Personalized phone call with HR and benefits explanation
12725,0.77,1,Low Risk,Standard enrollment notification
11387,1.0,1,Low Risk,Standard enrollment notification
16087,1.0,1,Low Risk,Standard enrollment notification
10046,1.0,1,Low Risk,Standard enrollment notification
12041,0.0,0,High Risk,Personalized phone call with HR and benefits explanation
14957,0.02,0,High Risk,Personalized phone call with HR and benefits explanation
15499,0.99,1,Low Risk,Standard enrollment notification
16091,0.96,1,Low Risk,Standard enrollment notification
17793,0.0,0,High Risk,Personalized phone call with HR and benefits explanation
12868,0.99,1,Low Risk,Standard enrollment notification
18606,1.0,1,Low Risk,Standard enrollment notification
12898,0.03,0,High Risk,Personalized phone call with HR and benefits explanation
15452,0.0,0,High Risk,Personalized phone call with HR and benefits explanation
15134,0.01,0,High Risk,Personalized phone call with HR and benefits explanation
13145,0.05,0,High Risk,Personalized phone call with HR and benefits explanation
18796,0.0,0,High Risk,Personalized phone call with HR and benefits explanation
15354,0.06,0,High Risk,Personalized phone call with HR and benefits explanation
19071,0.01,0,High Risk,Personalized phone call with HR and benefits explanation
11018,0.99,1,Low Risk,Standard enrollment notification
18818,1.0,1,Low Risk,Standard enrollment notification
11846,0.97,1,Low Risk,Standard enrollment notification
13158,0.04,0,High Risk,Personalized phone call with HR and benefits explanation
12380,0.1,0,High Risk,Personalized phone call with HR and benefits explanation
10841,1.0,1,Low Risk,Standard enrollment notification
17519,0.08,0,High Risk,Personalized phone call with HR and benefits explanation
15198,1.0,1,Low Risk,Standard enrollment notification
18471,0.0,0,High Risk,Personalized phone call with HR and benefits explanation
15733,0.98,1,Low Risk,Standard enrollment notification
19297,0.0,0,High Risk,Personalized phone call with HR and benefits explanation
11850,0.99,1,Low Risk,Standard enrollment notification
13980,0.95,1,Low Risk,Standard enrollment notification
17324,0.17,0,High Risk,Personalized phone call with HR and benefits explanation
10337,0.96,1,Low Risk,Standard enrollment notification
15162,0.98,1,Low Risk,Standard enrollment notification
11283,0.92,1,Low Risk,Standard enrollment notification
14551,1.0,1,Low Risk,Standard enrollment notification
11389,1.0,1,Low Risk,Standard enrollment notification
10193,0.99,1,Low Risk,Standard enrollment notification
16700,1.0,1,Low Risk,Standard enrollment notification
15419,0.03,0,High Risk,Personalized phone call with HR and benefits explanation
16298,0.08,0,High Risk,Personalized phone call with HR and benefits explanation
19632,1.0,1,Low Risk,Standard enrollment notification
18967,0.94,1,Low Risk,Standard enrollment notification
12562,0.03,0,High Risk,Personalized phone call with HR and benefits explanation
13680,0.99,1,Low Risk,Standard enrollment notification
11052,0.0,0,High Risk,Personalized phone call with HR and benefits explanation
10537,0.04,0,High Risk,Personalized phone call with HR and benefits explanation
13815,0.97,1,Low Risk,Standard enrollment notification
10786,1.0,1,Low Risk,Standard enrollment notification
14291,0.01,0,High Risk,Personalized phone call with HR and benefits explanation
10189,0.04,0,High Risk,Personalized phone call with HR and benefits explanation
16381,0.06,0,High Risk,Personalized phone call with HR and benefits explanation
16873,0.01,0,High Risk,Personalized phone call with HR and benefits explanation
12523,1.0,1,Low Risk,Standard enrollment notification
18087,0.97,1,Low Risk,Standard enrollment notification
12734,0.07,0,High Risk,Personalized phone call with HR and benefits explanation
15308,0.95,1,Low Risk,Standard enrollment notification
12639,0.93,1,Low Risk,Standard enrollment notification
14283,0.98,1,Low Risk,Standard enrollment notification
10661,0.01,0,High Risk,Personalized phone call with HR and benefits explanation
16616,1.0,1,Low Risk,Standard enrollment notification
16943,0.98,1,Low Risk,Standard enrollment notification
16704,0.02,0,High Risk,Personalized phone call with HR and benefits explanation
18365,0.98,1,Low Risk,Standard enrollment notification
14313,0.1,0,High Risk,Personalized phone call with HR and benefits explanation
17112,0.08,0,High Risk,Personalized phone call with HR and benefits explanation
16040,0.95,1,Low Risk,Standard enrollment notification
17264,0.96,1,Low Risk,Standard enrollment notification
15480,0.94,1,Low Risk,Standard enrollment notification
11791,0.96,1,Low Risk,Standard enrollment notification
12159,0.88,1,Low Risk,Standard enrollment notification
14550,0.99,1,Low Risk,Standard enrollment notification
15796,0.94,1,Low Risk,Standard enrollment notification
10942,0.98,1,Low Risk,Standard enrollment notification
15007,0.03,0,High Risk,Personalized phone call with HR and benefits explanation
10861,0.02,0,High Risk,Personalized phone call with HR and benefits explanation
14950,0.97,1,Low Risk,Standard enrollment notification
13945,0.93,1,Low Risk,Standard enrollment notification
17269,0.02,0,High Risk,Personalized phone call with HR and benefits explanation
19306,0.08,0,High Risk,Personalized phone call with HR and benefits explanation
18768,0.06,0,High Risk,Personalized phone call with HR and benefits explanation
17387,0.96,1,Low Risk,Standard enrollment notification
14386,1.0,1,Low Risk,Standard enrollment notification
16761,0.93,1,Low Risk,Standard enrollment notification
18057,1.0,1,Low Risk,Standard enrollment notification
16931,0.21,0,High Risk,Personalized phone call with HR and benefits explanation
16004,1.0,1,Low Risk,Standard enrollment notification
17638,0.99,1,Low Risk,Standard enrollment notification
10424,0.0,0,High Risk,Personalized phone call with HR and benefits explanation
10428,0.99,1,Low Risk,Standard enrollment notification
14955,1.0,1,Low Risk,Standard enrollment notification
16993,0.98,1,Low Risk,Standard enrollment notification
19579,0.99,1,Low Risk,Standard enrollment notification
10204,0.06,0,High Risk,Personalized phone call with HR and benefits explanation
10390,0.99,1,Low Risk,Standard enrollment notification
10617,1.0,1,Low Risk,Standard enrollment notification
13355,0.97,1,Low Risk,Standard enrollment notification
16444,0.0,0,High Risk,Personalized phone call with HR and benefits explanation
10029,0.01,0,High Risk,Personalized phone call with HR and benefits explanation
10373,0.06,0,High Risk,Personalized phone call with HR and benefits explanation
16470,0.11,0,High Risk,Personalized phone call with HR and benefits explanation
11739,0.0,0,High Risk,Personalized phone call with HR and benefits explanation
17286,0.0,0,High Risk,Personalized phone call with HR and benefits explanation
14246,0.04,0,High Risk,Personalized phone call with HR and benefits explanation
19934,0.0,0,High Risk,Personalized phone call with HR and benefits explanation
19104,0.98,1,Low Risk,Standard enrollment notification
14050,1.0,1,Low Risk,Standard enrollment notification
14797,0.95,1,Low Risk,Standard enrollment notification
12449,1.0,1,Low Risk,Standard enrollment notification
10319,0.98,1,Low Risk,Standard enrollment notification
13522,0.94,1,Low Risk,Standard enrollment notification
17613,0.05,0,High Risk,Personalized phone call with HR and benefits explanation
18474,1.0,1,Low Risk,Standard enrollment notification
10005,0.05,0,High Risk,Personalized phone call with HR and benefits explanation
13474,0.98,1,Low Risk,Standard enrollment notification
15345,0.94,1,Low Risk,Standard enrollment notification
17752,0.95,1,Low Risk,Standard enrollment notification
15746,0.02,0,High Risk,Personalized phone call with HR and benefits explanation
14366,0.85,1,Low Risk,Standard enrollment notification
11735,0.96,1,Low Risk,Standard enrollment notification
13198,0.99,1,Low Risk,Standard enrollment notification
12736,0.99,1,Low Risk,Standard enrollment notification
10635,1.0,1,Low Risk,Standard enrollment notification
18898,1.0,1,Low Risk,Standard enrollment notification
19694,1.0,1,Low Risk,Standard enrollment notification
10272,0.0,0,High Risk,Personalized phone call with HR and benefits explanation
13951,0.95,1,Low Risk,Standard enrollment notification
18461,0.97,1,Low Risk,Standard enrollment notification
11558,0.02,0,High Risk,Personalized phone call with HR and benefits explanation
11353,1.0,1,Low Risk,Standard enrollment notification
14004,0.97,1,Low Risk,Standard enrollment notification
18927,1.0,1,Low Risk,Standard enrollment notification
13116,0.95,1,Low Risk,Standard enrollment notification
11043,0.03,0,High Risk,Personalized phone call with HR and benefits explanation
18970,0.87,1,Low Risk,Standard enrollment notification
16396,1.0,1,Low Risk,Standard enrollment notification
12408,0.03,0,High Risk,Personalized phone call with HR and benefits explanation
11617,1.0,1,Low Risk,Standard enrollment notification
11956,0.04,0,High Risk,Personalized phone call with HR and benefits explanation
15885,1.0,1,Low Risk,Standard enrollment notification
17648,0.91,1,Low Risk,Standard enrollment notification
18344,0.09,0,High Risk,Personalized phone call with HR and benefits explanation
15082,1.0,1,Low Risk,Standard enrollment notification
13739,0.97,1,Low Risk,Standard enrollment notification
15057,0.0,0,High Risk,Personalized phone call with HR and benefits explanation
18404,0.99,1,Low Risk,Standard enrollment notification
17438,0.18,0,High Risk,Personalized phone call with HR and benefits explanation
18140,0.0,0,High Risk,Personalized phone call with HR and benefits explanation
12439,0.02,0,High Risk,Personalized phone call with HR and benefits explanation
19726,0.98,1,Low Risk,Standard enrollment notification
12007,0.98,1,Low Risk,Standard enrollment notification
10975,0.99,1,Low Risk,Standard enrollment notification
12714,0.98,1,Low Risk,Standard enrollment notification
11812,0.85,1,Low Risk,Standard enrollment notification
14267,0.0,0,High Risk,Personalized phone call with HR and benefits explanation
11648,1.0,1,Low Risk,Standard enrollment notification
17016,0.0,0,High Risk,Personalized phone call with HR and benefits explanation
14201,0.99,1,Low Risk,Standard enrollment notification
14894,0.03,0,High Risk,Personalized phone call with HR and benefits explanation
13338,0.94,1,Low Risk,Standard enrollment notification
19688,1.0,1,Low Risk,Standard enrollment notification
10630,0.97,1,Low Risk,Standard enrollment notification
14615,0.97,1,Low Risk,Standard enrollment notification
17945,1.0,1,Low Risk,Standard enrollment notification
19762,1.0,1,Low Risk,Standard enrollment notification
12920,1.0,1,Low Risk,Standard enrollment notification
13443,1.0,1,Low Risk,Standard enrollment notification
13356,0.01,0,High Risk,Personalized phone call with HR and benefits explanation
13039,1.0,1,Low Risk,Standard enrollment notification
18268,0.01,0,High Risk,Personalized phone call with HR and benefits explanation
16668,0.8,1,Low Risk,Standard enrollment notification
13793,0.0,0,High Risk,Personalized phone call with HR and benefits explanation
19703,1.0,1,Low Risk,Standard enrollment notification
10722,0.01,0,High Risk,Personalized phone call with HR and benefits explanation
12757,1.0,1,Low Risk,Standard enrollment notification
18013,0.02,0,High Risk,Personalized phone call with HR and benefits explanation
15303,0.99,1,Low Risk,Standard enrollment notification
18487,0.98,1,Low Risk,Standard enrollment notification
18543,0.97,1,Low Risk,Standard enrollment notification
15942,0.0,0,High Risk,Personalized phone call with HR and benefits explanation
13399,0.02,0,High Risk,Personalized phone call with HR and benefits explanation
16054,0.88,1,Low Risk,Standard enrollment notification
18792,0.84,1,Low Risk,Standard enrollment notification
10740,0.98,1,Low Risk,Standard enrollment notification
19816,0.97,1,Low Risk,Standard enrollment notification
11103,1.0,1,Low Risk,Standard enrollment notification
10730,0.88,1,Low Risk,Standard enrollment notification
13507,0.02,0,High Risk,Personalized phone call with HR and benefits explanation
14680,1.0,1,Low Risk,Standard enrollment notification
10922,0.93,1,Low Risk,Standard enrollment notification
10969,1.0,1,Low Risk,Standard enrollment notification
10675,0.01,0,High Risk,Personalized phone call with HR and benefits explanation
16239,0.03,0,High Risk,Personalized phone call with HR and benefits explanation
19917,0.11,0,High Risk,Personalized phone call with HR and benefits explanation
14473,0.0,0,High Risk,Personalized phone call with HR and benefits explanation
10934,0.98,1,Low Risk,Standard enrollment notification
14484,0.97,1,Low Risk,Standard enrollment notification
15434,0.01,0,High Risk,Personalized phone call with HR and benefits explanation
14644,0.0,0,High Risk,Personalized phone call with HR and benefits explanation
18053,1.0,1,Low Risk,Standard enrollment notification
18102,1.0,1,Low Risk,Standard enrollment notification
18964,0.03,0,High Risk,Personalized phone call with HR and benefits explanation
10442,0.02,0,High Risk,Personalized phone call with HR and benefits explanation
14780,0.95,1,Low Risk,Standard enrollment notification
19084,0.01,0,High Risk,Personalized phone call with HR and benefits explanation
14229,0.03,0,High Risk,Personalized phone call with HR and benefits explanation
11095,0.01,0,High Risk,Personalized phone call with HR and benefits explanation
15565,1.0,1,Low Risk,Standard enrollment notification
14315,0.98,1,Low Risk,Standard enrollment notification
13482,0.01,0,High Risk,Personalized phone call with HR and benefits explanation
11615,1.0,1,Low Risk,Standard enrollment notification
16659,0.95,1,Low Risk,Standard enrollment notification
15190,0.97,1,Low Risk,Standard enrollment notification
18571,0.88,1,Low Risk,Standard enrollment notification
10427,0.02,0,High Risk,Personalized phone call with HR and benefits explanation
15826,0.02,0,High Risk,Personalized phone call with HR and benefits explanation
18815,0.06,0,High Risk,Personalized phone call with HR and benefits explanation
11704,0.01,0,High Risk,Personalized phone call with HR and benefits explanation
15731,1.0,1,Low Risk,Standard enrollment notification
13635,0.96,1,Low Risk,Standard enrollment notification
16905,0.01,0,High Risk,Personalized phone call with HR and benefits explanation
17292,0.93,1,Low Risk,Standard enrollment notification
11366,1.0,1,Low Risk,Standard enrollment notification
12164,0.99,1,Low Risk,Standard enrollment notification
13291,0.05,0,High Risk,Personalized phone call with HR and benefits explanation
11327,0.97,1,Low Risk,Standard enrollment notification
10308,0.95,1,Low Risk,Standard enrollment notification
14870,0.99,1,Low Risk,Standard enrollment notification
14750,1.0,1,Low Risk,Standard enrollment notification
19321,1.0,1,Low Risk,Standard enrollment notification
10464,0.17,0,High Risk,Personalized phone call with HR and benefits explanation
12984,0.97,1,Low Risk,Standard enrollment notification
12312,0.96,1,Low Risk,Standard enrollment notification
15215,0.96,1,Low Risk,Standard enrollment notification
10453,1.0,1,Low Risk,Standard enrollment notification
14478,0.98,1,Low Risk,Standard enrollment notification
13370,0.0,0,High Risk,Personalized phone call with HR and benefits explanation
12907,0.01,0,High Risk,Personalized phone call with HR and benefits explanation
12031,0.07,0,High Risk,Personalized phone call with HR and benefits explanation
17568,0.01,0,High Risk,Personalized phone call with HR and benefits explanation
16334,0.01,0,High Risk,Personalized phone call with HR and benefits explanation
10940,1.0,1,Low Risk,Standard enrollment notification
10855,0.01,0,High Risk,Personalized phone call with HR and benefits explanation
17363,0.97,1,Low Risk,Standard enrollment notification
19237,0.05,0,High Risk,Personalized phone call with HR and benefits explanation
15715,0.05,0,High Risk,Personalized phone call with HR and benefits explanation
13458,0.02,0,High Risk,Personalized phone call with HR and benefits explanation
14884,0.97,1,Low Risk,Standard enrollment notification
16050,1.0,1,Low Risk,Standard enrollment notification
14001,0.91,1,Low Risk,Standard enrollment notification
19449,0.0,0,High Risk,Personalized phone call with HR and benefits explanation
10140,0.91,1,Low Risk,Standard enrollment notification
16832,0.06,0,High Risk,Personalized phone call with HR and benefits explanation
13336,0.99,1,Low Risk,Standard enrollment notification
17046,0.27,0,High Risk,Personalized phone call with HR and benefits explanation
13966,0.22,0,High Risk,Personalized phone call with HR and benefits explanation
16336,1.0,1,Low Risk,Standard enrollment notification
18956,1.0,1,Low Risk,Standard enrollment notification
19403,0.01,0,High Risk,Personalized phone call with HR and benefits explanation
15446,0.91,1,Low Risk,Standard enrollment notification
14567,0.0,0,High Risk,Personalized phone call with HR and benefits explanation
18747,1.0,1,Low Risk,Standard enrollment notification
18006,0.02,0,High Risk,Personalized phone call with HR and benefits explanation
15817,0.06,0,High Risk,Personalized phone call with HR and benefits explanation
14981,0.02,0,High Risk,Personalized phone call with HR and benefits explanation
13358,0.8,1,Low Risk,Standard enrollment notification
18910,0.99,1,Low Risk,Standard enrollment notification
12121,0.04,0,High Risk,Personalized phone call with HR and benefits explanation
18072,0.95,1,Low Risk,Standard enrollment notification
14326,0.98,1,Low Risk,Standard enrollment notification
16579,1.0,1,Low Risk,Standard enrollment notification
10399,1.0,1,Low Risk,Standard enrollment notification
11985,0.0,0,High Risk,Personalized phone call with HR and benefits explanation
19858,0.04,0,High Risk,Personalized phone call with HR and benefits explanation
14803,1.0,1,Low Risk,Standard enrollment notification
13450,1.0,1,Low Risk,Standard enrollment notification
14049,0.11,0,High Risk,Personalized phone call with HR and benefits explanation
12963,0.04,0,High Risk,Personalized phone call with HR and benefits explanation
18432,1.0,1,Low Risk,Standard enrollment notification
18526,0.98,1,Low Risk,Standard enrollment notification
10136,1.0,1,Low Risk,Standard enrollment notification
16937,1.0,1,Low Risk,Standard enrollment notification
11253,0.0,0,High Risk,Personalized phone call with HR and benefits explanation
15495,0.09,0,High Risk,Personalized phone call with HR and benefits explanation
16785,0.06,0,High Risk,Personalized phone call with HR and benefits explanation
10231,0.97,1,Low Risk,Standard enrollment notification
12742,0.94,1,Low Risk,Standard enrollment notification
18762,0.95,1,Low Risk,Standard enrollment notification
17177,0.98,1,Low Risk,Standard enrollment notification
15696,0.0,0,High Risk,Personalized phone call with HR and benefits explanation
18962,1.0,1,Low Risk,Standard enrollment notification
16997,0.99,1,Low Risk,Standard enrollment notification
14563,1.0,1,Low Risk,Standard enrollment notification
15790,1.0,1,Low Risk,Standard enrollment notification
15875,0.01,0,High Risk,Personalized phone call with HR and benefits explanation
16869,0.0,0,High Risk,Personalized phone call with HR and benefits explanation
14485,0.04,0,High Risk,Personalized phone call with HR and benefits explanation
17746,0.99,1,Low Risk,Standard enrollment notification
11948,0.0,0,High Risk,Personalized phone call with HR and benefits explanation
12009,1.0,1,Low Risk,Standard enrollment notification
14238,1.0,1,Low Risk,Standard enrollment notification
17203,0.8,1,Low Risk,Standard enrollment notification
17621,0.0,0,High Risk,Personalized phone call with HR and benefits explanation
12016,1.0,1,Low Risk,Standard enrollment notification
12856,0.14,0,High Risk,Personalized phone call with HR and benefits explanation
15774,1.0,1,Low Risk,Standard enrollment notification
15951,0.02,0,High Risk,Personalized phone call with HR and benefits explanation
19502,0.99,1,Low Risk,Standard enrollment notification
10965,0.98,1,Low Risk,Standard enrollment notification
16418,0.06,0,High Risk,Personalized phone call with HR and benefits explanation
16654,1.0,1,Low Risk,Standard enrollment notification
12843,0.0,0,High Risk,Personalized phone call with HR and benefits explanation
17806,0.98,1,Low Risk,Standard enrollment notification
19263,0.98,1,Low Risk,Standard enrollment notification
18271,0.98,1,Low Risk,Standard enrollment notification
15945,0.01,0,High Risk,Personalized phone call with HR and benefits explanation
11941,0.03,0,High Risk,Personalized phone call with HR and benefits explanation
14596,0.07,0,High Risk,Personalized phone call with HR and benefits explanation
10158,0.01,0,High Risk,Personalized phone call with HR and benefits explanation
17837,1.0,1,Low Risk,Standard enrollment notification
19829,1.0,1,Low Risk,Standard enrollment notification
16263,0.97,1,Low Risk,Standard enrollment notification
14790,0.0,0,High Risk,Personalized phone call with HR and benefits explanation
16563,0.04,0,High Risk,Personalized phone call with HR and benefits explanation
18069,0.09,0,High Risk,Personalized phone call with HR and benefits explanation
11266,0.96,1,Low Risk,Standard enrollment notification
10962,1.0,1,Low Risk,Standard enrollment notification
12511,0.01,0,High Risk,Personalized phone call with HR and benefits explanation
18864,0.1,0,High Risk,Personalized phone call with HR and benefits explanation
12646,0.98,1,Low Risk,Standard enrollment notification
11241,0.95,1,Low Risk,Standard enrollment notification
15317,0.87,1,Low Risk,Standard enrollment notification
17370,0.0,0,High Risk,Personalized phone call with HR and benefits explanation
19177,0.96,1,Low Risk,Standard enrollment notification
13512,0.98,1,Low Risk,Standard enrollment notification
10980,0.01,0,High Risk,Personalized phone call with HR and benefits explanation
10957,0.99,1,Low Risk,Standard enrollment notification
11705,0.97,1,Low Risk,Standard enrollment notification
10729,0.01,0,High Risk,Personalized phone call with HR and benefits explanation
18588,0.89,1,Low Risk,Standard enrollment notification
12615,1.0,1,Low Risk,Standard enrollment notification
17941,1.0,1,Low Risk,Standard enrollment notification
13113,0.03,0,High Risk,Personalized phone call with HR and benefits explanation
16597,1.0,1,Low Risk,Standard enrollment notification
16345,1.0,1,Low Risk,Standard enrollment notification
18704,1.0,1,Low Risk,Standard enrollment notification
12345,0.98,1,Low Risk,Standard enrollment notification
15466,1.0,1,Low Risk,Standard enrollment notification
19898,0.02,0,High Risk,Personalized phone call with HR and benefits explanation
15872,1.0,1,Low Risk,Standard enrollment notification
10869,0.01,0,High Risk,Personalized phone call with HR and benefits explanation
15488,0.0,0,High Risk,Personalized phone call with HR and benefits explanation
15371,0.93,1,Low Risk,Standard enrollment notification
19369,0.0,0,High Risk,Personalized phone call with HR and benefits explanation
14842,0.97,1,Low Risk,Standard enrollment notification
12191,0.98,1,Low Risk,Standard enrollment notification
13613,0.18,0,High Risk,Personalized phone call with HR and benefits explanation
11398,0.96,1,Low Risk,Standard enrollment notification
10006,0.84,1,Low Risk,Standard enrollment notification
10954,0.1,0,High Risk,Personalized phone call with HR and benefits explanation
11200,0.0,0,High Risk,Personalized phone call with HR and benefits explanation
16600,1.0,1,Low Risk,Standard enrollment notification
14160,0.99,1,Low Risk,Standard enrollment notification
19350,0.0,0,High Risk,Personalized phone call with HR and benefits explanation
10505,1.0,1,Low Risk,Standard enrollment notification
10792,0.93,1,Low Risk,Standard enrollment notification
18882,0.03,0,High Risk,Personalized phone call with HR and benefits explanation
15925,1.0,1,Low Risk,Standard enrollment notification
15230,0.98,1,Low Risk,Standard enrollment notification
11516,0.98,1,Low Risk,Standard enrollment notification
17822,0.96,1,Low Risk,Standard enrollment notification
10086,0.68,1,Low Risk,Standard enrollment notification
19788,1.0,1,Low Risk,Standard enrollment notification
12704,0.98,1,Low Risk,Standard enrollment notification
14287,1.0,1,Low Risk,Standard enrollment notification
11431,0.0,0,High Risk,Personalized phone call with HR and benefits explanation
18145,0.0,0,High Risk,Personalized phone call with HR and benefits explanation
14422,0.04,0,High Risk,Personalized phone call with HR and benefits explanation
17849,0.08,0,High Risk,Personalized phone call with HR and benefits explanation
12220,1.0,1,Low Risk,Standard enrollment notification
17175,0.89,1,Low Risk,Standard enrollment notification
19754,0.03,0,High Risk,Personalized phone call with HR and benefits explanation
17321,0.99,1,Low Risk,Standard enrollment notification
14087,0.99,1,Low Risk,Standard enrollment notification
14667,1.0,1,Low Risk,Standard enrollment notification
10509,0.0,0,High Risk,Personalized phone call with HR and benefits explanation
13506,0.98,1,Low Risk,Standard enrollment notification
16731,0.02,0,High Risk,Personalized phone call with HR and benefits explanation
10458,0.99,1,Low Risk,Standard enrollment notification
17658,0.95,1,Low Risk,Standard enrollment notification
12701,1.0,1,Low Risk,Standard enrollment notification
12465,1.0,1,Low Risk,Standard enrollment notification
19783,0.03,0,High Risk,Personalized phone call with HR and benefits explanation
11750,1.0,1,Low Risk,Standard enrollment notification
12637,0.99,1,Low Risk,Standard enrollment notification
15493,0.0,0,High Risk,Personalized phone call with HR and benefits explanation
17115,0.91,1,Low Risk,Standard enrollment notification
13523,1.0,1,Low Risk,Standard enrollment notification
12382,0.02,0,High Risk,Personalized phone call with HR and benefits explanation
16391,0.94,1,Low Risk,Standard enrollment notification
17116,0.35,0,Medium Risk,Reminder email with enrollment benefits
14997,0.05,0,High Risk,Personalized phone call with HR and benefits explanation
14693,0.98,1,Low Risk,Standard enrollment notification
10139,0.99,1,Low Risk,Standard enrollment notification
18856,0.97,1,Low Risk,Standard enrollment notification
18808,0.96,1,Low Risk,Standard enrollment notification
19365,0.12,0,High Risk,Personalized phone call with HR and benefits explanation
17537,0.99,1,Low Risk,Standard enrollment notification
15431,1.0,1,Low Risk,Standard enrollment notification
14339,0.93,1,Low Risk,Standard enrollment notification
15410,1.0,1,Low Risk,Standard enrollment notification
19148,0.93,1,Low Risk,Standard enrollment notification
18641,1.0,1,Low Risk,Standard enrollment notification
10690,0.94,1,Low Risk,Standard enrollment notification
10370,0.98,1,Low Risk,Standard enrollment notification
15362,1.0,1,Low Risk,Standard enrollment notification
10079,1.0,1,Low Risk,Standard enrollment notification
19023,1.0,1,Low Risk,Standard enrollment notification
15412,0.97,1,Low Risk,Standard enrollment notification
14601,1.0,1,Low Risk,Standard enrollment notification
12551,0.98,1,Low Risk,Standard enrollment notification
16637,0.05,0,High Risk,Personalized phone call with HR and benefits explanation
17377,0.97,1,Low Risk,Standard enrollment notification
16220,0.96,1,Low Risk,Standard enrollment notification
17095,0.95,1,Low Risk,Standard enrollment notification
17546,0.99,1,Low Risk,Standard enrollment notification
15070,0.06,0,High Risk,Personalized phone call with HR and benefits explanation
11306,0.99,1,Low Risk,Standard enrollment notification
13010,0.99,1,Low Risk,Standard enrollment notification
17671,1.0,1,Low Risk,Standard enrollment notification
16212,0.97,1,Low Risk,Standard enrollment notification
18614,0.94,1,Low Risk,Standard enrollment notification
13083,0.0,0,High Risk,Personalized phone call with HR and benefits explanation
17008,1.0,1,Low Risk,Standard enrollment notification
14311,1.0,1,Low Risk,Standard enrollment notification
12420,0.01,0,High Risk,Personalized phone call with HR and benefits explanation
11342,0.77,1,Low Risk,Standard enrollment notification
14408,0.06,0,High Risk,Personalized phone call with HR and benefits explanation
18551,1.0,1,Low Risk,Standard enrollment notification
10384,0.0,0,High Risk,Personalized phone call with HR and benefits explanation
16258,0.0,0,High Risk,Personalized phone call with HR and benefits explanation
19999,1.0,1,Low Risk,Standard enrollment notification
16288,1.0,1,Low Risk,Standard enrollment notification
18830,0.0,0,High Risk,Personalized phone call with HR and benefits explanation
13802,0.98,1,Low Risk,Standard enrollment notification
14969,1.0,1,Low Risk,Standard enrollment notification
15175,0.97,1,Low Risk,Standard enrollment notification
12594,1.0,1,Low Risk,Standard enrollment notification
11577,1.0,1,Low Risk,Standard enrollment notification
18086,0.04,0,High Risk,Personalized phone call with HR and benefits explanation
15793,1.0,1,Low Risk,Standard enrollment notification
17877,0.07,0,High Risk,Personalized phone call with HR and benefits explanation
16562,0.04,0,High Risk,Personalized phone call with HR and benefits explanation
18017,1.0,1,Low Risk,Standard enrollment notification
13930,1.0,1,Low Risk,Standard enrollment notification
12781,0.06,0,High Risk,Personalized phone call with HR and benefits explanation
10197,0.0,0,High Risk,Personalized phone call with HR and benefits explanation
10743,0.98,1,Low Risk,Standard enrollment notification
18869,1.0,1,Low Risk,Standard enrollment notification
16586,0.02,0,High Risk,Personalized phone call with HR and benefits explanation
19868,0.01,0,High Risk,Personalized phone call with HR and benefits explanation
15415,0.03,0,High Risk,Personalized phone call with HR and benefits explanation
10956,1.0,1,Low Risk,Standard enrollment notification
17842,0.04,0,High Risk,Personalized phone call with HR and benefits explanation
13455,0.0,0,High Risk,Personalized phone call with HR and benefits explanation
16871,0.98,1,Low Risk,Standard enrollment notification
18493,0.99,1,Low Risk,Standard enrollment notification
16518,0.03,0,High Risk,Personalized phone call with HR and benefits explanation
17788,0.03,0,High Risk,Personalized phone call with HR and benefits explanation
16892,0.14,0,High Risk,Personalized phone call with HR and benefits explanation
16148,1.0,1,Low Risk,Standard enrollment notification
18000,0.01,0,High Risk,Personalized phone call with HR and benefits explanation
17106,0.14,0,High Risk,Personalized phone call with HR and benefits explanation
18602,0.0,0,High Risk,Personalized phone call with HR and benefits explanation
11068,0.02,0,High Risk,Personalized phone call with HR and benefits explanation
18933,1.0,1,Low Risk,Standard enrollment notification
16315,1.0,1,Low Risk,Standard enrollment notification
11679,0.0,0,High Risk,Personalized phone call with HR and benefits explanation
17149,1.0,1,Low Risk,Standard enrollment notification
12630,0.05,0,High Risk,Personalized phone call with HR and benefits explanation
10761,0.03,0,High Risk,Personalized phone call with HR and benefits explanation
10979,0.05,0,High Risk,Personalized phone call with HR and benefits explanation
18598,0.9,1,Low Risk,Standard enrollment notification
13114,0.99,1,Low Risk,Standard enrollment notification
15425,1.0,1,Low Risk,Standard enrollment notification
15725,0.0,0,High Risk,Personalized phone call with HR and benefits explanation
13053,1.0,1,Low Risk,Standard enrollment notification
11796,0.96,1,Low Risk,Standard enrollment notification
14169,0.0,0,High Risk,Personalized phone call with HR and benefits explanation
18932,0.92,1,Low Risk,Standard enrollment notification
17412,0.93,1,Low Risk,Standard enrollment notification
15233,1.0,1,Low Risk,Standard enrollment notification
14512,1.0,1,Low Risk,Standard enrollment notification
15884,0.06,0,High Risk,Personalized phone call with HR and benefits explanation
11083,0.03,0,High Risk,Personalized phone call with HR and benefits explanation
18122,1.0,1,Low Risk,Standard enrollment notification
16180,0.93,1,Low Risk,Standard enrollment notification
16147,0.88,1,Low Risk,Standard enrollment notification
17828,0.05,0,High Risk,Personalized phone call with HR and benefits explanation
13713,0.1,0,High Risk,Personalized phone call with HR and benefits explanation
14079,0.02,0,High Risk,Personalized phone call with HR and benefits explanation
15084,1.0,1,Low Risk,Standard enrollment notification
10372,0.02,0,High Risk,Personalized phone call with HR and benefits explanation
17325,0.98,1,Low Risk,Standard enrollment notification
16047,0.16,0,High Risk,Personalized phone call with HR and benefits explanation
19623,0.01,0,High Risk,Personalized phone call with HR and benefits explanation
15542,0.0,0,High Risk,Personalized phone call with HR and benefits explanation
13734,0.0,0,High Risk,Personalized phone call with HR and benefits explanation
19016,0.02,0,High Risk,Personalized phone call with HR and benefits explanation
15375,0.03,0,High Risk,Personalized phone call with HR and benefits explanation
19545,1.0,1,Low Risk,Standard enrollment notification
14886,1.0,1,Low Risk,Standard enrollment notification
12100,0.01,0,High Risk,Personalized phone call with HR and benefits explanation
11077,0.99,1,Low Risk,Standard enrollment notification
12256,0.0,0,High Risk,Personalized phone call with HR and benefits explanation
14864,0.99,1,Low Risk,Standard enrollment notification
15691,0.96,1,Low Risk,Standard enrollment notification
19221,0.01,0,High Risk,Personalized phone call with HR and benefits explanation
12784,0.97,1,Low Risk,Standard enrollment notification
18295,1.0,1,Low Risk,Standard enrollment notification
18032,0.89,1,Low Risk,Standard enrollment notification
10526,0.96,1,Low Risk,Standard enrollment notification
11938,1.0,1,Low Risk,Standard enrollment notification
11955,0.01,0,High Risk,Personalized phone call with HR and benefits explanation
12084,0.96,1,Low Risk,Standard enrollment notification
17030,0.99,1,Low Risk,Standard enrollment notification
11991,0.07,0,High Risk,Personalized phone call with HR and benefits explanation
14285,0.03,0,High Risk,Personalized phone call with HR and benefits explanation
12279,0.97,1,Low Risk,Standard enrollment notification
14921,0.0,0,High Risk,Personalized phone call with HR and benefits explanation
19300,0.98,1,Low Risk,Standard enrollment notification
10020,0.02,0,High Risk,Personalized phone call with HR and benefits explanation
10468,1.0,1,Low Risk,Standard enrollment notification
13746,1.0,1,Low Risk,Standard enrollment notification
11719,0.05,0,High Risk,Personalized phone call with HR and benefits explanation
11037,1.0,1,Low Risk,Standard enrollment notification
12379,0.96,1,Low Risk,Standard enrollment notification
11235,0.02,0,High Risk,Personalized phone call with HR and benefits explanation
17756,0.96,1,Low Risk,Standard enrollment notification
19079,0.98,1,Low Risk,Standard enrollment notification
14821,0.98,1,Low Risk,Standard enrollment notification
14571,1.0,1,Low Risk,Standard enrollment notification
19604,0.01,0,High Risk,Personalized phone call with HR and benefits explanation
12148,0.99,1,Low Risk,Standard enrollment notification
19324,0.92,1,Low Risk,Standard enrollment notification
15917,0.03,0,High Risk,Personalized phone call with HR and benefits explanation
12853,0.8,1,Low Risk,Standard enrollment notification
10948,0.11,0,High Risk,Personalized phone call with HR and benefits explanation
16262,0.98,1,Low Risk,Standard enrollment notification
13448,0.94,1,Low Risk,Standard enrollment notification
14502,0.01,0,High Risk,Personalized phone call with HR and benefits explanation
18565,0.07,0,High Risk,Personalized phone call with HR and benefits explanation
15789,0.08,0,High Risk,Personalized phone call with HR and benefits explanation
11493,0.79,1,Low Risk,Standard enrollment notification
12586,0.98,1,Low Risk,Standard enrollment notification
16231,0.02,0,High Risk,Personalized phone call with HR and benefits explanation
19063,0.06,0,High Risk,Personalized phone call with HR and benefits explanation
19823,0.98,1,Low Risk,Standard enrollment notification
15464,0.17,0,High Risk,Personalized phone call with HR and benefits explanation
11524,0.98,1,Low Risk,Standard enrollment notification
11626,0.0,0,High Risk,Personalized phone call with HR and benefits explanation
19996,0.05,0,High Risk,Personalized phone call with HR and benefits explanation
13195,0.05,0,High Risk,Personalized phone call with HR and benefits explanation
13533,0.0,0,High Risk,Personalized phone call with HR and benefits explanation
19550,0.03,0,High Risk,Personalized phone call with HR and benefits explanation
10778,0.78,1,Low Risk,Standard enrollment notification
11669,1.0,1,Low Risk,Standard enrollment notification
15550,0.07,0,High Risk,Personalized phone call with HR and benefits explanation
18163,0.97,1,Low Risk,Standard enrollment notification
17943,0.01,0,High Risk,Personalized phone call with HR and benefits explanation
12426,1.0,1,Low Risk,Standard enrollment notification
18107,1.0,1,Low Risk,Standard enrollment notification
19931,0.01,0,High Risk,Personalized phone call with HR and benefits explanation
18575,1.0,1,Low Risk,Standard enrollment notification
15133,0.96,1,Low Risk,Standard enrollment notification
15981,0.03,0,High Risk,Personalized phone call with HR and benefits explanation
15688,1.0,1,Low Risk,Standard enrollment notification
11725,0.04,0,High Risk,Personalized phone call with HR and benefits explanation
10636,0.0,0,High Risk,Personalized phone call with HR and benefits explanation
12985,1.0,1,Low Risk,Standard enrollment notification
18660,0.01,0,High Risk,Personalized phone call with HR and benefits explanation
10513,0.93,1,Low Risk,Standard enrollment notification
14854,0.11,0,High Risk,Personalized phone call with HR and benefits explanation
12687,0.02,0,High Risk,Personalized phone call with HR and benefits explanation
17375,0.0,0,High Risk,Personalized phone call with HR and benefits explanation
17774,1.0,1,Low Risk,Standard enrollment notification
17247,0.02,0,High Risk,Personalized phone call with HR and benefits explanation
12437,0.01,0,High Risk,Personalized phone call with HR and benefits explanation
19187,0.01,0,High Risk,Personalized phone call with HR and benefits explanation
19332,0.08,0,High Risk,Personalized phone call with HR and benefits explanation
10961,1.0,1,Low Risk,Standard enrollment notification
18138,1.0,1,Low Risk,Standard enrollment notification
10608,1.0,1,Low Risk,Standard enrollment notification
18073,0.99,1,Low Risk,Standard enrollment notification
16728,0.0,0,High Risk,Personalized phone call with HR and benefits explanation
16630,0.0,0,High Risk,Personalized phone call with HR and benefits explanation
12427,0.02,0,High Risk,Personalized phone call with HR and benefits explanation
18211,0.89,1,Low Risk,Standard enrollment notification
14220,0.97,1,Low Risk,Standard enrollment notification
14760,0.88,1,Low Risk,Standard enrollment notification
14195,1.0,1,Low Risk,Standard enrollment notification
15634,0.94,1,Low Risk,Standard enrollment notification
18778,0.99,1,Low Risk,Standard enrollment notification
19033,0.04,0,High Risk,Personalized phone call with HR and benefits explanation
18688,0.0,0,High Risk,Personalized phone call with HR and benefits explanation
15610,0.01,0,High Risk,Personalized phone call with HR and benefits explanation
13902,0.15,0,High Risk,Personalized phone call with HR and benefits explanation
12127,0.21,0,High Risk,Personalized phone call with HR and benefits explanation
10194,0.0,0,High Risk,Personalized phone call with HR and benefits explanation
11605,0.99,1,Low Risk,Standard enrollment notification
12235,1.0,1,Low Risk,Standard enrollment notification
10116,0.06,0,High Risk,Personalized phone call with HR and benefits explanation
14398,0.95,1,Low Risk,Standard enrollment notification
19681,1.0,1,Low Risk,Standard enrollment notification
19336,0.13,0,High Risk,Personalized phone call with HR and benefits explanation
14431,0.17,0,High Risk,Personalized phone call with HR and benefits explanation
10335,0.89,1,Low Risk,Standard enrollment notification
10652,0.04,0,High Risk,Personalized phone call with HR and benefits explanation
12389,1.0,1,Low Risk,Standard enrollment notification
12124,0.1,0,High Risk,Personalized phone call with HR and benefits explanation
16710,0.82,1,Low Risk,Standard enrollment notification
16236,0.99,1,Low Risk,Standard enrollment notification
16002,0.96,1,Low Risk,Standard enrollment notification
17360,0.0,0,High Risk,Personalized phone call with HR and benefits explanation
18059,1.0,1,Low Risk,Standard enrollment notification
13229,0.96,1,Low Risk,Standard enrollment notification
17348,1.0,1,Low Risk,Standard enrollment notification
16008,1.0,1,Low Risk,Standard enrollment notification
14349,0.98,1,Low Risk,Standard enrollment notification
18172,0.99,1,Low Risk,Standard enrollment notification
12845,0.98,1,Low Risk,Standard enrollment notification
13492,0.98,1,Low Risk,Standard enrollment notification
16349,0.09,0,High Risk,Personalized phone call with HR and benefits explanation
18708,0.9,1,Low Risk,Standard enrollment notification
10801,0.99,1,Low Risk,Standard enrollment notification
12002,0.09,0,High Risk,Personalized phone call with HR and benefits explanation
16029,0.97,1,Low Risk,Standard enrollment notification
19167,0.0,0,High Risk,Personalized phone call with HR and benefits explanation
17045,0.02,0,High Risk,Personalized phone call with HR and benefits explanation
13636,1.0,1,Low Risk,Standard enrollment notification
14362,0.99,1,Low Risk,Standard enrollment notification
10928,0.93,1,Low Risk,Standard enrollment notification
11310,0.77,1,Low Risk,Standard enrollment notification
11352,1.0,1,Low Risk,Standard enrollment notification
11346,1.0,1,Low Risk,Standard enrollment notification
18608,0.99,1,Low Risk,Standard enrollment notification
18173,1.0,1,Low Risk,Standard enrollment notification
12502,0.01,0,High Risk,Personalized phone call with HR and benefits explanation
17476,0.04,0,High Risk,Personalized phone call with HR and benefits explanation
19417,0.87,1,Low Risk,Standard enrollment notification
14120,0.0,0,High Risk,Personalized phone call with HR and benefits explanation
12575,0.06,0,High Risk,Personalized phone call with HR and benefits explanation
19915,0.93,1,Low Risk,Standard enrollment notification
18959,0.06,0,High Risk,Personalized phone call with HR and benefits explanation
14034,1.0,1,Low Risk,Standard enrollment notification
16394,0.96,1,Low Risk,Standard enrollment notification
19366,1.0,1,Low Risk,Standard enrollment notification
16402,1.0,1,Low Risk,Standard enrollment notification
12890,0.99,1,Low Risk,Standard enrollment notification
11228,1.0,1,Low Risk,Standard enrollment notification
16533,0.11,0,High Risk,Personalized phone call with HR and benefits explanation
14055,1.0,1,Low Risk,Standard enrollment notification
15469,0.94,1,Low Risk,Standard enrollment notification
14067,0.97,1,Low Risk,Standard enrollment notification
17448,0.01,0,High Risk,Personalized phone call with HR and benefits explanation
12453,1.0,1,Low Risk,Standard enrollment notification
17265,0.92,1,Low Risk,Standard enrollment notification
16970,0.99,1,Low Risk,Standard enrollment notification
12698,0.03,0,High Risk,Personalized phone call with HR and benefits explanation
19776,0.98,1,Low Risk,Standard enrollment notification
15271,0.15,0,High Risk,Personalized phone call with HR and benefits explanation
11423,0.01,0,High Risk,Personalized phone call with HR and benefits explanation
10049,0.05,0,High Risk,Personalized phone call with HR and benefits explanation
15378,0.02,0,High Risk,Personalized phone call with HR and benefits explanation
19937,1.0,1,Low Risk,Standard enrollment notification
15760,0.01,0,High Risk,Personalized phone call with HR and benefits explanation
17390,0.96,1,Low Risk,Standard enrollment notification
14206,0.05,0,High Risk,Personalized phone call with HR and benefits explanation
15330,0.99,1,Low Risk,Standard enrollment notification
18490,0.99,1,Low Risk,Standard enrollment notification
15184,1.0,1,Low Risk,Standard enrollment notification
10417,0.85,1,Low Risk,Standard enrollment notification
14831,0.02,0,High Risk,Personalized phone call with HR and benefits explanation
10694,0.97,1,Low Risk,Standard enrollment notification
12459,0.0,0,High Risk,Personalized phone call with HR and benefits explanation
11426,0.0,0,High Risk,Personalized phone call with HR and benefits explanation
17235,0.99,1,Low Risk,Standard enrollment notification
15219,0.99,1,Low Risk,Standard enrollment notification
15950,0.23,0,High Risk,Personalized phone call with HR and benefits explanation
15564,0.99,1,Low Risk,Standard enrollment notification
18860,0.0,0,High Risk,Personalized phone call with HR and benefits explanation
19091,0.95,1,Low Risk,Standard enrollment notification
15794,0.99,1,Low Risk,Standard enrollment notification
13009,1.0,1,Low Risk,Standard enrollment notification
13293,0.71,1,Low Risk,Standard enrollment notification
18302,0.02,0,High Risk,Personalized phone call with HR and benefits explanation
14839,0.99,1,Low Risk,Standard enrollment notification
12764,0.99,1,Low Risk,Standard enrollment notification
10604,1.0,1,Low Risk,Standard enrollment notification
18115,0.97,1,Low Risk,Standard enrollment notification
11460,1.0,1,Low Risk,Standard enrollment notification
13857,1.0,1,Low Risk,Standard enrollment notification
15681,0.9,1,Low Risk,Standard enrollment notification
16155,0.98,1,Low Risk,Standard enrollment notification
11472,1.0,1,Low Risk,Standard enrollment notification
18755,0.14,0,High Risk,Personalized phone call with HR and benefits explanation
18875,1.0,1,Low Risk,Standard enrollment notification
18514,0.97,1,Low Risk,Standard enrollment notification
18202,0.98,1,Low Risk,Standard enrollment notification
14399,1.0,1,Low Risk,Standard enrollment notification
13136,1.0,1,Low Risk,Standard enrollment notification
12554,0.99,1,Low Risk,Standard enrollment notification
11578,0.96,1,Low Risk,Standard enrollment notification
19275,0.98,1,Low Risk,Standard enrollment notification
18051,0.94,1,Low Risk,Standard enrollment notification
19525,0.05,0,High Risk,Personalized phone call with HR and benefits explanation
13973,0.08,0,High Risk,Personalized phone call with HR and benefits explanation
18477,0.98,1,Low Risk,Standard enrollment notification
18800,0.99,1,Low Risk,Standard enrollment notification
10105,1.0,1,Low Risk,Standard enrollment notification
14906,1.0,1,Low Risk,Standard enrollment notification
10183,0.02,0,High Risk,Personalized phone call with HR and benefits explanation
16135,0.03,0,High Risk,Personalized phone call with HR and benefits explanation
11691,0.02,0,High Risk,Personalized phone call with HR and benefits explanation
11329,0.01,0,High Risk,Personalized phone call with HR and benefits explanation
10881,1.0,1,Low Risk,Standard enrollment notification
19467,0.98,1,Low Risk,Standard enrollment notification
16510,1.0,1,Low Risk,Standard enrollment notification
13033,0.93,1,Low Risk,Standard enrollment notification
13052,0.09,0,High Risk,Personalized phone call with HR and benefits explanation
14748,0.04,0,High Risk,Personalized phone call with HR and benefits explanation
19064,0.98,1,Low Risk,Standard enrollment notification
18449,0.01,0,High Risk,Personalized phone call with HR and benefits explanation
10732,0.99,1,Low Risk,Standard enrollment notification
17987,1.0,1,Low Risk,Standard enrollment notification
18713,1.0,1,Low Risk,Standard enrollment notification
19988,0.97,1,Low Risk,Standard enrollment notification
17229,1.0,1,Low Risk,Standard enrollment notification
15677,0.01,0,High Risk,Personalized phone call with HR and benefits explanation
11606,0.01,0,High Risk,Personalized phone call with HR and benefits explanation
15353,0.0,0,High Risk,Personalized phone call with HR and benefits explanation
14387,0.04,0,High Risk,Personalized phone call with HR and benefits explanation
18005,0.32,0,Medium Risk,Reminder email with enrollment benefits
11105,0.0,0,High Risk,Personalized phone call with HR and benefits explanation
15997,0.0,0,High Risk,Personalized phone call with HR and benefits explanation
18247,1.0,1,Low Risk,Standard enrollment notification
19864,0.97,1,Low Risk,Standard enrollment notification
16537,0.02,0,High Risk,Personalized phone call with HR and benefits explanation
12298,1.0,1,Low Risk,Standard enrollment notification
11701,0.99,1,Low Risk,Standard enrollment notification
17086,0.06,0,High Risk,Personalized phone call with HR and benefits explanation
12088,1.0,1,Low Risk,Standard enrollment notification
11538,0.97,1,Low Risk,Standard enrollment notification
11732,1.0,1,Low Risk,Standard enrollment notification
16623,0.98,1,Low Risk,Standard enrollment notification
10677,0.96,1,Low Risk,Standard enrollment notification
13220,0.97,1,Low Risk,Standard enrollment notification
14301,0.96,1,Low Risk,Standard enrollment notification
13824,0.04,0,High Risk,Personalized phone call with HR and benefits explanation
12967,0.94,1,Low Risk,Standard enrollment notification
11748,0.0,0,High Risk,Personalized phone call with HR and benefits explanation
11713,0.02,0,High Risk,Personalized phone call with HR and benefits explanation
12077,0.05,0,High Risk,Personalized phone call with HR and benefits explanation
15478,0.03,0,High Risk,Personalized phone call with HR and benefits explanation
11528,1.0,1,Low Risk,Standard enrollment notification
11284,0.09,0,High Risk,Personalized phone call with HR and benefits explanation
13025,0.95,1,Low Risk,Standard enrollment notification
18382,0.98,1,Low Risk,Standard enrollment notification
11922,1.0,1,Low Risk,Standard enrollment notification
13940,0.93,1,Low Risk,Standard enrollment notification
12758,0.08,0,High Risk,Personalized phone call with HR and benefits explanation
17338,0.09,0,High Risk,Personalized phone call with HR and benefits explanation
12826,0.0,0,High Risk,Personalized phone call with HR and benefits explanation
19020,0.95,1,Low Risk,Standard enrollment notification
16297,0.03,0,High Risk,Personalized phone call with HR and benefits explanation
12608,1.0,1,Low Risk,Standard enrollment notification
11370,1.0,1,Low Risk,Standard enrollment notification
12854,0.02,0,High Risk,Personalized phone call with HR and benefits explanation
16041,0.98,1,Low Risk,Standard enrollment notification
11529,0.94,1,Low Risk,Standard enrollment notification
15520,0.08,0,High Risk,Personalized phone call with HR and benefits explanation
13218,0.03,0,High Risk,Personalized phone call with HR and benefits explanation
19257,0.92,1,Low Risk,Standard enrollment notification
12046,0.02,0,High Risk,Personalized phone call with HR and benefits explanation
18055,1.0,1,Low Risk,Standard enrollment notification
10343,0.78,1,Low Risk,Standard enrollment notification
16940,0.97,1,Low Risk,Standard enrollment notification
10391,0.98,1,Low Risk,Standard enrollment notification
16906,0.99,1,Low Risk,Standard enrollment notification
10610,0.0,0,High Risk,Personalized phone call with HR and benefits explanation
11454,0.99,1,Low Risk,Standard enrollment notification
11039,0.02,0,High Risk,Personalized phone call with HR and benefits explanation
18902,0.92,1,Low Risk,Standard enrollment notification
18312,0.06,0,High Risk,Personalized phone call with HR and benefits explanation
11450,0.92,1,Low Risk,Standard enrollment notification
12938,0.95,1,Low Risk,Standard enrollment notification
11772,0.96,1,Low Risk,Standard enrollment notification
16166,1.0,1,Low Risk,Standard enrollment notification
18277,0.85,1,Low Risk,Standard enrollment notification
17310,0.97,1,Low Risk,Standard enrollment notification
10405,0.99,1,Low Risk,Standard enrollment notification
18539,0.98,1,Low Risk,Standard enrollment notification
15228,0.07,0,High Risk,Personalized phone call with HR and benefits explanation
11622,0.01,0,High Risk,Personalized phone call with HR and benefits explanation
17862,0.99,1,Low Risk,Standard enrollment notification
19077,0.03,0,High Risk,Personalized phone call with HR and benefits explanation
16515,0.99,1,Low Risk,Standard enrollment notification
12636,1.0,1,Low Risk,Standard enrollment notification
19081,0.02,0,High Risk,Personalized phone call with HR and benefits explanation
19360,0.08,0,High Risk,Personalized phone call with HR and benefits explanation
18550,1.0,1,Low Risk,Standard enrollment notification
10133,0.02,0,High Risk,Personalized phone call with HR and benefits explanation
19804,0.97,1,Low Risk,Standard enrollment notification
10362,0.05,0,High Risk,Personalized phone call with HR and benefits explanation
16925,1.0,1,Low Risk,Standard enrollment notification
10329,0.09,0,High Risk,Personalized phone call with HR and benefits explanation
17327,0.06,0,High Risk,Personalized phone call with HR and benefits explanation
17660,1.0,1,Low Risk,Standard enrollment notification
14062,0.99,1,Low Risk,Standard enrollment notification
11381,0.04,0,High Risk,Personalized phone call with HR and benefits explanation
12605,0.99,1,Low Risk,Standard enrollment notification
14374,0.97,1,Low Risk,Standard enrollment notification
10168,0.03,0,High Risk,Personalized phone call with HR and benefits explanation
16955,1.0,1,Low Risk,Standard enrollment notification
12695,1.0,1,Low Risk,Standard enrollment notification
18206,0.02,0,High Risk,Personalized phone call with HR and benefits explanation
12344,0.96,1,Low Risk,Standard enrollment notification
11959,0.98,1,Low Risk,Standard enrollment notification
14170,0.06,0,High Risk,Personalized phone call with HR and benefits explanation
19070,1.0,1,Low Risk,Standard enrollment notification
16666,0.12,0,High Risk,Personalized phone call with HR and benefits explanation
12497,0.82,1,Low Risk,Standard enrollment notification
18376,0.99,1,Low Risk,Standard enrollment notification
14669,0.02,0,High Risk,Personalized phone call with HR and benefits explanation
11700,0.98,1,Low Risk,Standard enrollment notification
14458,0.02,0,High Risk,Personalized phone call with HR and benefits explanation
15250,0.0,0,High Risk,Personalized phone call with HR and benefits explanation
15873,0.98,1,Low Risk,Standard enrollment notification
13531,0.01,0,High Risk,Personalized phone call with HR and benefits explanation
10723,0.0,0,High Risk,Personalized phone call with HR and benefits explanation
17609,1.0,1,Low Risk,Standard enrollment notification
15102,1.0,1,Low Risk,Standard enrollment notification
12751,0.99,1,Low Risk,Standard enrollment notification
15332,0.93,1,Low Risk,Standard enrollment notification
15145,0.97,1,Low Risk,Standard enrollment notification
12163,1.0,1,Low Risk,Standard enrollment notification
19492,0.01,0,High Risk,Personalized phone call with HR and benefits explanation
14962,0.01,0,High Risk,Personalized phone call with HR and benefits explanation
17461,0.04,0,High Risk,Personalized phone call with HR and benefits explanation
12986,1.0,1,Low Risk,Standard enrollment notification
16291,0.91,1,Low Risk,Standard enrollment notification
19147,0.99,1,Low Risk,Standard enrollment notification
15683,0.0,0,High Risk,Personalized phone call with HR and benefits explanation
16520,0.12,0,High Risk,Personalized phone call with HR and benefits explanation
15445,0.13,0,High Risk,Personalized phone call with HR and benefits explanation
16114,0.99,1,Low Risk,Standard enrollment notification
17712,0.95,1,Low Risk,Standard enrollment notification
16355,0.0,0,High Risk,Personalized phone call with HR and benefits explanation
19508,0.97,1,Low Risk,Standard enrollment notification
18203,0.01,0,High Risk,Personalized phone call with HR and benefits explanation
10756,0.99,1,Low Risk,Standard enrollment notification
10316,0.99,1,Low Risk,Standard enrollment notification
19462,0.0,0,High Risk,Personalized phone call with HR and benefits explanation
12651,0.0,0,High Risk,Personalized phone call with HR and benefits explanation
17313,0.03,0,High Risk,Personalized phone call with HR and benefits explanation
10215,1.0,1,Low Risk,Standard enrollment notification
12257,0.99,1,Low Risk,Standard enrollment notification
15118,0.02,0,High Risk,Personalized phone call with HR and benefits explanation
12137,0.9,1,Low Risk,Standard enrollment notification
16414,0.94,1,Low Risk,Standard enrollment notification
12174,0.98,1,Low Risk,Standard enrollment notification
13939,0.01,0,High Risk,Personalized phone call with HR and benefits explanation
16283,0.1,0,High Risk,Personalized phone call with HR and benefits explanation
18045,0.08,0,High Risk,Personalized phone call with HR and benefits explanation
17162,0.02,0,High Risk,Personalized phone call with HR and benefits explanation
14433,1.0,1,Low Risk,Standard enrollment notification
11510,0.01,0,High Risk,Personalized phone call with HR and benefits explanation
11309,0.05,0,High Risk,Personalized phone call with HR and benefits explanation
10747,0.97,1,Low Risk,Standard enrollment notification
17939,0.01,0,High Risk,Personalized phone call with HR and benefits explanation
15538,0.99,1,Low Risk,Standard enrollment notification
19997,1.0,1,Low Risk,Standard enrollment notification
15112,0.99,1,Low Risk,Standard enrollment notification
17135,0.97,1,Low Risk,Standard enrollment notification
11887,0.94,1,Low Risk,Standard enrollment notification
18673,0.25,0,High Risk,Personalized phone call with HR and benefits explanation
17444,0.11,0,High Risk,Personalized phone call with HR and benefits explanation
12495,0.97,1,Low Risk,Standard enrollment notification
16755,1.0,1,Low Risk,Standard enrollment notification
15474,0.02,0,High Risk,Personalized phone call with HR and benefits explanation
16491,0.0,0,High Risk,Personalized phone call with HR and benefits explanation
15203,1.0,1,Low Risk,Standard enrollment notification
14413,0.99,1,Low Risk,Standard enrollment notification
12973,0.03,0,High Risk,Personalized phone call with HR and benefits explanation
10290,0.01,0,High Risk,Personalized phone call with HR and benefits explanation
11802,1.0,1,Low Risk,Standard enrollment notification
16983,0.92,1,Low Risk,Standard enrollment notification
12883,0.02,0,High Risk,Personalized phone call with HR and benefits explanation
17915,0.03,0,High Risk,Personalized phone call with HR and benefits explanation
13182,0.01,0,High Risk,Personalized phone call with HR and benefits explanation
19383,0.99,1,Low Risk,Standard enrollment notification
13638,1.0,1,Low Risk,Standard enrollment notification
11059,1.0,1,Low Risk,Standard enrollment notification
17378,0.99,1,Low Risk,Standard enrollment notification
13667,0.98,1,Low Risk,Standard enrollment notification
18570,1.0,1,Low Risk,Standard enrollment notification
18822,0.07,0,High Risk,Personalized phone call with HR and benefits explanation
18427,0.01,0,High Risk,Personalized phone call with HR and benefits explanation
11343,0.12,0,High Risk,Personalized phone call with HR and benefits explanation
19821,0.19,0,High Risk,Personalized phone call with HR and benefits explanation
12051,0.06,0,High Risk,Personalized phone call with HR and benefits explanation
12833,0.98,1,Low Risk,Standard enrollment notification
17027,0.03,0,High Risk,Personalized phone call with HR and benefits explanation
18313,0.99,1,Low Risk,Standard enrollment notification
10074,0.0,0,High Risk,Personalized phone call with HR and benefits explanation
11490,0.72,1,Low Risk,Standard enrollment notification
18109,0.03,0,High Risk,Personalized phone call with HR and benefits explanation
10826,0.0,0,High Risk,Personalized phone call with HR and benefits explanation
14417,0.04,0,High Risk,Personalized phone call with HR and benefits explanation
17349,0.99,1,Low Risk,Standard enrollment notification
14082,0.02,0,High Risk,Personalized phone call with HR and benefits explanation
10493,0.0,0,High Risk,Personalized phone call with HR and benefits explanation
10736,0.0,0,High Risk,Personalized phone call with HR and benefits explanation
15187,1.0,1,Low Risk,Standard enrollment notification
13570,1.0,1,Low Risk,Standard enrollment notification
15541,0.03,0,High Risk,Personalized phone call with HR and benefits explanation
17592,0.02,0,High Risk,Personalized phone call with HR and benefits explanation
10650,0.99,1,Low Risk,Standard enrollment notification
15723,0.19,0,High Risk,Personalized phone call with HR and benefits explanation
16640,1.0,1,Low Risk,Standard enrollment notification
17745,1.0,1,Low Risk,Standard enrollment notification
13465,0.99,1,Low Risk,Standard enrollment notification
16215,0.98,1,Low Risk,Standard enrollment notification
12749,0.02,0,High Risk,Personalized phone call with HR and benefits explanation
14352,0.93,1,Low Risk,Standard enrollment notification
14885,0.99,1,Low Risk,Standard enrollment notification
18044,0.97,1,Low Risk,Standard enrollment notification
16851,0.97,1,Low Risk,Standard enrollment notification
14709,0.89,1,Low Risk,Standard enrollment notification
14222,0.99,1,Low Risk,Standard enrollment notification
14529,0.99,1,Low Risk,Standard enrollment notification
12355,1.0,1,Low Risk,Standard enrollment notification
15879,0.01,0,High Risk,Personalized phone call with HR and benefits explanation
14045,0.0,0,High Risk,Personalized phone call with HR and benefits explanation
13760,0.07,0,High Risk,Personalized phone call with HR and benefits explanation
15363,0.0,0,High Risk,Personalized phone call with HR and benefits explanation
10774,0.08,0,High Risk,Personalized phone call with HR and benefits explanation
10026,1.0,1,Low Risk,Standard enrollment notification
14762,0.05,0,High Risk,Personalized phone call with HR and benefits explanation
13087,0.11,0,High Risk,Personalized phone call with HR and benefits explanation
12058,1.0,1,Low Risk,Standard enrollment notification
16089,0.94,1,Low Risk,Standard enrollment notification
17920,0.98,1,Low Risk,Standard enrollment notification
13873,0.98,1,Low Risk,Standard enrollment notification
16729,0.99,1,Low Risk,Standard enrollment notification
12923,0.99,1,Low Risk,Standard enrollment notification
13391,0.94,1,Low Risk,Standard enrollment notification
13059,0.99,1,Low Risk,Standard enrollment notification
15212,1.0,1,Low Risk,Standard enrollment notification
16289,0.98,1,Low Risk,Standard enrollment notification
17582,0.99,1,Low Risk,Standard enrollment notification
17832,1.0,1,Low Risk,Standard enrollment notification
14179,0.97,1,Low Risk,Standard enrollment notification
12367,0.0,0,High Risk,Personalized phone call with HR and benefits explanation
10658,0.0,0,High Risk,Personalized phone call with HR and benefits explanation
19307,1.0,1,Low Risk,Standard enrollment notification
11786,1.0,1,Low Risk,Standard enrollment notification
19460,0.97,1,Low Risk,Standard enrollment notification
17534,1.0,1,Low Risk,Standard enrollment notification
19794,0.06,0,High Risk,Personalized phone call with HR and benefits explanation
16932,0.96,1,Low Risk,Standard enrollment notification
19017,1.0,1,Low Risk,Standard enrollment notification
17526,0.99,1,Low Risk,Standard enrollment notification
16975,1.0,1,Low Risk,Standard enrollment notification
19793,0.99,1,Low Risk,Standard enrollment notification
15919,0.96,1,Low Risk,Standard enrollment notification
19262,0.92,1,Low Risk,Standard enrollment notification
18819,0.93,1,Low Risk,Standard enrollment notification
15034,0.03,0,High Risk,Personalized phone call with HR and benefits explanation
16401,0.97,1,Low Risk,Standard enrollment notification
16226,1.0,1,Low Risk,Standard enrollment notification
16756,1.0,1,Low Risk,Standard enrollment notification
19451,0.96,1,Low Risk,Standard enrollment notification
10910,0.98,1,Low Risk,Standard enrollment notification
15854,0.01,0,High Risk,Personalized phone call with HR and benefits explanation
15295,0.01,0,High Risk,Personalized phone call with HR and benefits explanation
11979,1.0,1,Low Risk,Standard enrollment notification
10933,0.1,0,High Risk,Personalized phone call with HR and benefits explanation
16492,0.98,1,Low Risk,Standard enrollment notification
11975,0.03,0,High Risk,Personalized phone call with HR and benefits explanation
11946,0.24,0,High Risk,Personalized phone call with HR and benefits explanation
16945,1.0,1,Low Risk,Standard enrollment notification
11421,0.81,1,Low Risk,Standard enrollment notification
11537,0.99,1,Low Risk,Standard enrollment notification
17728,0.01,0,High Risk,Personalized phone call with HR and benefits explanation
17354,1.0,1,Low Risk,Standard enrollment notification
17683,0.03,0,High Risk,Personalized phone call with HR and benefits explanation
16535,0.98,1,Low Risk,Standard enrollment notification
19807,0.0,0,High Risk,Personalized phone call with HR and benefits explanation
18620,0.0,0,High Risk,Personalized phone call with HR and benefits explanation
10226,0.95,1,Low Risk,Standard enrollment notification
15673,0.97,1,Low Risk,Standard enrollment notification
11031,0.99,1,Low Risk,Standard enrollment notification
11072,1.0,1,Low Risk,Standard enrollment notification
19424,0.02,0,High Risk,Personalized phone call with HR and benefits explanation
12557,0.99,1,Low Risk,Standard enrollment notification
14761,0.02,0,High Risk,Personalized phone call with HR and benefits explanation
18257,1.0,1,Low Risk,Standard enrollment notification
15077,1.0,1,Low Risk,Standard enrollment notification
18980,0.01,0,High Risk,Personalized phone call with HR and benefits explanation
18540,0.99,1,Low Risk,Standard enrollment notification
11350,1.0,1,Low Risk,Standard enrollment notification
18091,0.98,1,Low Risk,Standard enrollment notification
15952,1.0,1,Low Risk,Standard enrollment notification
18113,0.99,1,Low Risk,Standard enrollment notification
19056,0.01,0,High Risk,Personalized phone call with HR and benefits explanation
17905,0.98,1,Low Risk,Standard enrollment notification
13562,0.06,0,High Risk,Personalized phone call with HR and benefits explanation
12766,0.97,1,Low Risk,Standard enrollment notification
19535,0.0,0,High Risk,Personalized phone call with HR and benefits explanation
12493,0.13,0,High Risk,Personalized phone call with HR and benefits explanation
18426,1.0,1,Low Risk,Standard enrollment notification
19673,0.0,0,High Risk,Personalized phone call with HR and benefits explanation
16507,1.0,1,Low Risk,Standard enrollment notification
11126,0.95,1,Low Risk,Standard enrollment notification
10244,0.0,0,High Risk,Personalized phone call with HR and benefits explanation
16140,0.0,0,High Risk,Personalized phone call with HR and benefits explanation
12013,0.01,0,High Risk,Personalized phone call with HR and benefits explanation
14930,0.18,0,High Risk,Personalized phone call with HR and benefits explanation
16754,1.0,1,Low Risk,Standard enrollment notification
19100,0.84,1,Low Risk,Standard enrollment notification
18444,0.94,1,Low Risk,Standard enrollment notification
11217,0.06,0,High Risk,Personalized phone call with HR and benefits explanation
19309,0.04,0,High Risk,Personalized phone call with HR and benefits explanation
15172,0.99,1,Low Risk,Standard enrollment notification
12959,0.98,1,Low Risk,Standard enrollment notification
13350,0.99,1,Low Risk,Standard enrollment notification
16282,1.0,1,Low Risk,Standard enrollment notification
17836,1.0,1,Low Risk,Standard enrollment notification
14364,0.01,0,High Risk,Personalized phone call with HR and benefits explanation
19208,0.02,0,High Risk,Personalized phone call with HR and benefits explanation
16353,1.0,1,Low Risk,Standard enrollment notification
17355,0.98,1,Low Risk,Standard enrollment notification
10283,0.99,1,Low Risk,Standard enrollment notification
17818,1.0,1,Low Risk,Standard enrollment notification
19839,1.0,1,Low Risk,Standard enrollment notification
18046,1.0,1,Low Risk,Standard enrollment notification
14403,0.84,1,Low Risk,Standard enrollment notification
18469,0.91,1,Low Risk,Standard enrollment notification
13439,0.0,0,High Risk,Personalized phone call with HR and benefits explanation
14157,0.16,0,High Risk,Personalized phone call with HR and benefits explanation
15346,1.0,1,Low Risk,Standard enrollment notification
15578,0.98,1,Low Risk,Standard enrollment notification
12679,0.98,1,Low Risk,Standard enrollment notification
15797,0.0,0,High Risk,Personalized phone call with HR and benefits explanation
13077,0.99,1,Low Risk,Standard enrollment notification
14552,0.15,0,High Risk,Personalized phone call with HR and benefits explanation
15367,0.08,0,High Risk,Personalized phone call with HR and benefits explanation
12153,0.97,1,Low Risk,Standard enrollment notification
13703,0.04,0,High Risk,Personalized phone call with HR and benefits explanation
17781,0.06,0,High Risk,Personalized phone call with HR and benefits explanation
17077,0.94,1,Low Risk,Standard enrollment notification
11195,0.91,1,Low Risk,Standard enrollment notification
12942,0.02,0,High Risk,Personalized phone call with HR and benefits explanation
13111,0.97,1,Low Risk,Standard enrollment notification
14194,0.99,1,Low Risk,Standard enrollment notification
19609,0.99,1,Low Risk,Standard enrollment notification
15342,0.93,1,Low Risk,Standard enrollment notification
14554,1.0,1,Low Risk,Standard enrollment notification
15217,0.02,0,High Risk,Personalized phone call with HR and benefits explanation
15283,0.98,1,Low Risk,Standard enrollment notification
12471,0.98,1,Low Risk,Standard enrollment notification
18978,0.03,0,High Risk,Personalized phone call with HR and benefits explanation
15652,1.0,1,Low Risk,Standard enrollment notification
11491,1.0,1,Low Risk,Standard enrollment notification
16179,1.0,1,Low Risk,Standard enrollment notification
15192,1.0,1,Low Risk,Standard enrollment notification
13797,0.97,1,Low Risk,Standard enrollment notification
11078,0.98,1,Low Risk,Standard enrollment notification
10369,0.02,0,High Risk,Personalized phone call with HR and benefits explanation
12519,0.04,0,High Risk,Personalized phone call with HR and benefits explanation
13814,0.0,0,High Risk,Personalized phone call with HR and benefits explanation
18407,0.02,0,High Risk,Personalized phone call with HR and benefits explanation
18261,1.0,1,Low Risk,Standard enrollment notification
14659,1.0,1,Low Risk,Standard enrollment notification
13692,1.0,1,Low Risk,Standard enrollment notification
19043,0.96,1,Low Risk,Standard enrollment notification
13643,0.95,1,Low Risk,Standard enrollment notification
17549,1.0,1,Low Risk,Standard enrollment notification
10824,0.89,1,Low Risk,Standard enrollment notification
10700,0.94,1,Low Risk,Standard enrollment notification
16565,0.1,0,High Risk,Personalized phone call with HR and benefits explanation
16335,1.0,1,Low Risk,Standard enrollment notification
18221,1.0,1,Low Risk,Standard enrollment notification
11380,0.87,1,Low Risk,Standard enrollment notification
15787,0.04,0,High Risk,Personalized phone call with HR and benefits explanation
13027,0.97,1,Low Risk,Standard enrollment notification
14249,1.0,1,Low Risk,Standard enrollment notification
13426,1.0,1,Low Risk,Standard enrollment notification
17230,0.0,0,High Risk,Personalized phone call with HR and benefits explanation
10229,0.03,0,High Risk,Personalized phone call with HR and benefits explanation
18731,1.0,1,Low Risk,Standard enrollment notification
13491,0.01,0,High Risk,Personalized phone call with HR and benefits explanation
19175,1.0,1,Low Risk,Standard enrollment notification
12473,1.0,1,Low Risk,Standard enrollment notification
11954,0.18,0,High Risk,Personalized phone call with HR and benefits explanation
19808,0.96,1,Low Risk,Standard enrollment notification
13632,0.11,0,High Risk,Personalized phone call with HR and benefits explanation
17353,1.0,1,Low Risk,Standard enrollment notification
12260,0.98,1,Low Risk,Standard enrollment notification
18470,0.08,0,High Risk,Personalized phone call with HR and benefits explanation
16966,0.99,1,Low Risk,Standard enrollment notification
18532,0.98,1,Low Risk,Standard enrollment notification
19327,1.0,1,Low Risk,Standard enrollment notification
17097,1.0,1,Low Risk,Standard enrollment notification
13102,0.98,1,Low Risk,Standard enrollment notification
17300,1.0,1,Low Risk,Standard enrollment notification
15243,1.0,1,Low Risk,Standard enrollment notification
13120,0.05,0,High Risk,Personalized phone call with HR and benefits explanation
10931,0.0,0,High Risk,Personalized phone call with HR and benefits explanation
11599,0.99,1,Low Risk,Standard enrollment notification
14818,0.02,0,High Risk,Personalized phone call with HR and benefits explanation
16161,0.0,0,High Risk,Personalized phone call with HR and benefits explanation
17381,1.0,1,Low Risk,Standard enrollment notification
17070,0.96,1,Low Risk,Standard enrollment notification
14369,0.03,0,High Risk,Personalized phone call with HR and benefits explanation
15548,0.02,0,High Risk,Personalized phone call with HR and benefits explanation
12187,0.89,1,Low Risk,Standard enrollment notification
16495,1.0,1,Low Risk,Standard enrollment notification
13417,0.92,1,Low Risk,Standard enrollment notification
15251,0.98,1,Low Risk,Standard enrollment notification
12947,0.99,1,Low Risk,Standard enrollment notification
11377,0.99,1,Low Risk,Standard enrollment notification
15977,0.0,0,High Risk,Personalized phone call with HR and benefits explanation
14916,0.95,1,Low Risk,Standard enrollment notification
15273,1.0,1,Low Risk,Standard enrollment notification
10058,0.03,0,High Risk,Personalized phone call with HR and benefits explanation
17647,0.98,1,Low Risk,Standard enrollment notification
19859,0.98,1,Low Risk,Standard enrollment notification
15636,0.0,0,High Risk,Personalized phone call with HR and benefits explanation
19294,0.16,0,High Risk,Personalized phone call with HR and benefits explanation
12064,0.0,0,High Risk,Personalized phone call with HR and benefits explanation
17512,0.76,1,Low Risk,Standard enrollment notification
16613,1.0,1,Low Risk,Standard enrollment notification
19774,1.0,1,Low Risk,Standard enrollment notification
13225,1.0,1,Low Risk,Standard enrollment notification
14117,0.01,0,High Risk,Personalized phone call with HR and benefits explanation
12371,0.89,1,Low Risk,Standard enrollment notification
16059,0.0,0,High Risk,Personalized phone call with HR and benefits explanation
14113,0.01,0,High Risk,Personalized phone call with HR and benefits explanation
19121,0.03,0,High Risk,Personalized phone call with HR and benefits explanation
12277,0.1,0,High Risk,Personalized phone call with HR and benefits explanation
19877,0.99,1,Low Risk,Standard enrollment notification
11794,0.97,1,Low Risk,Standard enrollment notification
16853,0.03,0,High Risk,Personalized phone call with HR and benefits explanation
15054,1.0,1,Low Risk,Standard enrollment notification
12266,1.0,1,Low Risk,Standard enrollment notification
14114,0.99,1,Low Risk,Standard enrollment notification
19757,0.0,0,High Risk,Personalized phone call with HR and benefits explanation
19035,0.08,0,High Risk,Personalized phone call with HR and benefits explanation
13185,1.0,1,Low Risk,Standard enrollment notification
10042,1.0,1,Low Risk,Standard enrollment notification
15129,0.07,0,High Risk,Personalized phone call with HR and benefits explanation
10839,0.98,1,Low Risk,Standard enrollment notification
16068,0.09,0,High Risk,Personalized phone call with HR and benefits explanation
18788,1.0,1,Low Risk,Standard enrollment notification
12183,1.0,1,Low Risk,Standard enrollment notification
11730,0.97,1,Low Risk,Standard enrollment notification
14684,1.0,1,Low Risk,Standard enrollment notification
18489,1.0,1,Low Risk,Standard enrollment notification
15331,0.93,1,Low Risk,Standard enrollment notification
13759,0.99,1,Low Risk,Standard enrollment notification
17170,0.05,0,High Risk,Personalized phone call with HR and benefits explanation
12971,1.0,1,Low Risk,Standard enrollment notification
16736,0.06,0,High Risk,Personalized phone call with HR and benefits explanation
13191,0.01,0,High Risk,Personalized phone call with HR and benefits explanation
17513,0.99,1,Low Risk,Standard enrollment notification
12080,1.0,1,Low Risk,Standard enrollment notification
16099,1.0,1,Low Risk,Standard enrollment notification
11765,0.99,1,Low Risk,Standard enrollment notification
14810,0.4,0,Medium Risk,Reminder email with enrollment benefits
17350,0.98,1,Low Risk,Standard enrollment notification
13538,0.03,0,High Risk,Personalized phone call with HR and benefits explanation
10196,0.13,0,High Risk,Personalized phone call with HR and benefits explanation
12017,0.0,0,High Risk,Personalized phone call with HR and benefits explanation
18512,0.99,1,Low Risk,Standard enrollment notification
11448,0.94,1,Low Risk,Standard enrollment notification
14265,1.0,1,Low Risk,Standard enrollment notification
10094,1.0,1,Low Risk,Standard enrollment notification
12327,1.0,1,Low Risk,Standard enrollment notification
11645,0.02,0,High Risk,Personalized phone call with HR and benefits explanation
19269,0.98,1,Low Risk,Standard enrollment notification
13152,0.01,0,High Risk,Personalized phone call with HR and benefits explanation
16037,0.99,1,Low Risk,Standard enrollment notification
13412,1.0,1,Low Risk,Standard enrollment notification
10773,0.0,0,High Risk,Personalized phone call with HR and benefits explanation
16564,1.0,1,Low Risk,Standard enrollment notification
12623,1.0,1,Low Risk,Standard enrollment notification
19956,0.0,0,High Risk,Personalized phone call with HR and benefits explanation
14130,0.99,1,Low Risk,Standard enrollment notification
11988,0.99,1,Low Risk,Standard enrollment notification
10475,1.0,1,Low Risk,Standard enrollment notification
13154,0.95,1,Low Risk,Standard enrollment notification
13466,0.98,1,Low Risk,Standard enrollment notification
10398,0.94,1,Low Risk,Standard enrollment notification
18230,0.07,0,High Risk,Personalized phone call with HR and benefits explanation
12944,1.0,1,Low Risk,Standard enrollment notification
14466,0.99,1,Low Risk,Standard enrollment notification
15027,0.92,1,Low Risk,Standard enrollment notification
15482,0.98,1,Low Risk,Standard enrollment notification
12237,1.0,1,Low Risk,Standard enrollment notification
19660,0.9,1,Low Risk,Standard enrollment notification
16331,1.0,1,Low Risk,Standard enrollment notification
12048,0.0,0,High Risk,Personalized phone call with HR and benefits explanation
18276,0.0,0,High Risk,Personalized phone call with HR and benefits explanation
19120,0.06,0,High Risk,Personalized phone call with HR and benefits explanation
18323,0.07,0,High Risk,Personalized phone call with HR and benefits explanation
18251,1.0,1,Low Risk,Standard enrollment notification
11766,0.89,1,Low Risk,Standard enrollment notification
14813,1.0,1,Low Risk,Standard enrollment notification
13217,0.18,0,High Risk,Personalized phone call with HR and benefits explanation
15840,0.97,1,Low Risk,Standard enrollment notification
12221,0.02,0,High Risk,Personalized phone call with HR and benefits explanation
11690,1.0,1,Low Risk,Standard enrollment notification
16758,0.95,1,Low Risk,Standard enrollment notification
16859,0.97,1,Low Risk,Standard enrollment notification
17634,0.96,1,Low Risk,Standard enrollment notification
16078,0.01,0,High Risk,Personalized phone call with HR and benefits explanation
16130,0.01,0,High Risk,Personalized phone call with HR and benefits explanation
13139,1.0,1,Low Risk,Standard enrollment notification
15750,0.99,1,Low Risk,Standard enrollment notification
19472,0.09,0,High Risk,Personalized phone call with HR and benefits explanation
11239,0.98,1,Low Risk,Standard enrollment notification
18776,1.0,1,Low Risk,Standard enrollment notification
16260,0.11,0,High Risk,Personalized phone call with HR and benefits explanation
18836,0.0,0,High Risk,Personalized phone call with HR and benefits explanation
12514,1.0,1,Low Risk,Standard enrollment notification
18352,0.03,0,High Risk,Personalized phone call with HR and benefits explanation
12463,0.07,0,High Risk,Personalized phone call with HR and benefits explanation
17795,1.0,1,Low Risk,Standard enrollment notification
11837,0.03,0,High Risk,Personalized phone call with HR and benefits explanation
19249,0.99,1,Low Risk,Standard enrollment notification
16378,1.0,1,Low Risk,Standard enrollment notification
15811,1.0,1,Low Risk,Standard enrollment notification
10161,0.02,0,High Risk,Personalized phone call with HR and benefits explanation
13633,1.0,1,Low Risk,Standard enrollment notification
19734,1.0,1,Low Risk,Standard enrollment notification
11972,1.0,1,Low Risk,Standard enrollment notification
15444,0.99,1,Low Risk,Standard enrollment notification
13931,0.02,0,High Risk,Personalized phone call with HR and benefits explanation
13861,0.98,1,Low Risk,Standard enrollment notification
14546,0.04,0,High Risk,Personalized phone call with HR and benefits explanation
17442,1.0,1,Low Risk,Standard enrollment notification
13092,0.92,1,Low Risk,Standard enrollment notification
15383,0.97,1,Low Risk,Standard enrollment notification
15841,0.85,1,Low Risk,Standard enrollment notification
18374,0.94,1,Low Risk,Standard enrollment notification
13557,0.05,0,High Risk,Personalized phone call with HR and benefits explanation
16090,0.03,0,High Risk,Personalized phone call with HR and benefits explanation
17809,1.0,1,Low Risk,Standard enrollment notification
14323,0.97,1,Low Risk,Standard enrollment notification
19288,0.0,0,High Risk,Personalized phone call with HR and benefits explanation
10445,0.24,0,High Risk,Personalized phone call with HR and benefits explanation
10641,0.0,0,High Risk,Personalized phone call with HR and benefits explanation
13372,0.01,0,High Risk,Personalized phone call with HR and benefits explanation
13257,0.01,0,High Risk,Personalized phone call with HR and benefits explanation
13887,0.13,0,High Risk,Personalized phone call with HR and benefits explanation
12607,0.99,1,Low Risk,Standard enrollment notification
13488,0.01,0,High Risk,Personalized phone call with HR and benefits explanation
12922,0.98,1,Low Risk,Standard enrollment notification
11154,0.0,0,High Risk,Personalized phone call with HR and benefits explanation
13586,1.0,1,Low Risk,Standard enrollment notification
13589,0.98,1,Low Risk,Standard enrollment notification
13422,0.99,1,Low Risk,Standard enrollment notification
13199,1.0,1,Low Risk,Standard enrollment notification
17514,0.15,0,High Risk,Personalized phone call with HR and benefits explanation
15352,0.99,1,Low Risk,Standard enrollment notification
11182,0.95,1,Low Risk,Standard enrollment notification
14832,1.0,1,Low Risk,Standard enrollment notification
16667,0.99,1,Low Risk,Standard enrollment notification
15278,0.0,0,High Risk,Personalized phone call with HR and benefits explanation
10322,0.97,1,Low Risk,Standard enrollment notification
17430,0.99,1,Low Risk,Standard enrollment notification
18748,0.97,1,Low Risk,Standard enrollment notification
13819,0.03,0,High Risk,Personalized phone call with HR and benefits explanation
18329,1.0,1,Low Risk,Standard enrollment notification
14225,0.98,1,Low Risk,Standard enrollment notification
10637,0.08,0,High Risk,Personalized phone call with HR and benefits explanation
12469,0.01,0,High Risk,Personalized phone call with HR and benefits explanation
12385,0.09,0,High Risk,Personalized phone call with HR and benefits explanation
17469,1.0,1,Low Risk,Standard enrollment notification
10280,0.99,1,Low Risk,Standard enrollment notification
15163,0.03,0,High Risk,Personalized phone call with HR and benefits explanation
19422,0.94,1,Low Risk,Standard enrollment notification
17337,1.0,1,Low Risk,Standard enrollment notification
12798,0.13,0,High Risk,Personalized phone call with HR and benefits explanation
11821,0.07,0,High Risk,Personalized phone call with HR and benefits explanation
19304,0.98,1,Low Risk,Standard enrollment notification
17619,1.0,1,Low Risk,Standard enrollment notification
19287,1.0,1,Low Risk,Standard enrollment notification
11144,0.05,0,High Risk,Personalized phone call with HR and benefits explanation
11295,0.9,1,Low Risk,Standard enrollment notification
18186,0.1,0,High Risk,Personalized phone call with HR and benefits explanation
15661,0.03,0,High Risk,Personalized phone call with HR and benefits explanation
15085,0.02,0,High Risk,Personalized phone call with HR and benefits explanation
10914,1.0,1,Low Risk,Standard enrollment notification
13700,0.0,0,High Risk,Personalized phone call with HR and benefits explanation
19154,1.0,1,Low Risk,Standard enrollment notification
12841,0.97,1,Low Risk,Standard enrollment notification
19753,0.99,1,Low Risk,Standard enrollment notification
10121,0.0,0,High Risk,Personalized phone call with HR and benefits explanation
14073,0.03,0,High Risk,Personalized phone call with HR and benefits explanation
12436,0.05,0,High Risk,Personalized phone call with HR and benefits explanation
11587,0.02,0,High Risk,Personalized phone call with HR and benefits explanation
18589,0.98,1,Low Risk,Standard enrollment notification
16425,0.94,1,Low Risk,Standard enrollment notification
14134,1.0,1,Low Risk,Standard enrollment notification
19156,1.0,1,Low Risk,Standard enrollment notification
14514,0.01,0,High Risk,Personalized phone call with HR and benefits explanation
10112,0.09,0,High Risk,Personalized phone call with HR and benefits explanation
11247,1.0,1,Low Risk,Standard enrollment notification
13656,0.97,1,Low Risk,Standard enrollment notification
19596,0.96,1,Low Risk,Standard enrollment notification
13227,0.99,1,Low Risk,Standard enrollment notification
11245,1.0,1,Low Risk,Standard enrollment notification
12582,0.98,1,Low Risk,Standard enrollment notification
14342,1.0,1,Low Risk,Standard enrollment notification
19784,0.96,1,Low Risk,Standard enrollment notification
19763,0.02,0,High Risk,Personalized phone call with HR and benefits explanation
11848,1.0,1,Low Risk,Standard enrollment notification
13620,0.04,0,High Risk,Personalized phone call with HR and benefits explanation
19720,0.98,1,Low Risk,Standard enrollment notification
11296,1.0,1,Low Risk,Standard enrollment notification
16719,0.96,1,Low Risk,Standard enrollment notification
19851,0.91,1,Low Risk,Standard enrollment notification
12772,1.0,1,Low Risk,Standard enrollment notification
13429,0.0,0,High Risk,Personalized phone call with HR and benefits explanation
14290,0.98,1,Low Risk,Standard enrollment notification
11727,0.15,0,High Risk,Personalized phone call with HR and benefits explanation
14443,0.01,0,High Risk,Personalized phone call with HR and benefits explanation
19328,1.0,1,Low Risk,Standard enrollment notification
15965,0.96,1,Low Risk,Standard enrollment notification
10036,1.0,1,Low Risk,Standard enrollment notification
13837,1.0,1,Low Risk,Standard enrollment notification
13445,0.93,1,Low Risk,Standard enrollment notification
14728,0.96,1,Low Risk,Standard enrollment notification
11722,0.02,0,High Risk,Personalized phone call with HR and benefits explanation
17967,0.01,0,High Risk,Personalized phone call with HR and benefits explanation
19407,0.98,1,Low Risk,Standard enrollment notification
12130,0.98,1,Low Risk,Standard enrollment notification
10849,0.99,1,Low Risk,Standard enrollment notification
16522,0.99,1,Low Risk,Standard enrollment notification
11633,0.01,0,High Risk,Personalized phone call with HR and benefits explanation
11395,0.02,0,High Risk,Personalized phone call with HR and benefits explanation
14302,0.92,1,Low Risk,Standard enrollment notification
13534,0.99,1,Low Risk,Standard enrollment notification
11619,0.01,0,High Risk,Personalized phone call with HR and benefits explanation
15087,0.99,1,Low Risk,Standard enrollment notification
12993,0.0,0,High Risk,Personalized phone call with HR and benefits explanation
11896,1.0,1,Low Risk,Standard enrollment notification
11543,0.99,1,Low Risk,Standard enrollment notification
10680,1.0,1,Low Risk,Standard enrollment notification
11728,0.02,0,High Risk,Personalized phone call with HR and benefits explanation
13812,0.88,1,Low Risk,Standard enrollment notification
17665,0.07,0,High Risk,Personalized phone call with HR and benefits explanation
17051,0.96,1,Low Risk,Standard enrollment notification
10628,0.98,1,Low Risk,Standard enrollment notification
16530,0.96,1,Low Risk,Standard enrollment notification
17703,0.01,0,High Risk,Personalized phone call with HR and benefits explanation
17668,0.19,0,High Risk,Personalized phone call with HR and benefits explanation
15095,0.93,1,Low Risk,Standard enrollment notification
16043,0.04,0,High Risk,Personalized phone call with HR and benefits explanation
13402,0.98,1,Low Risk,Standard enrollment notification
13816,1.0,1,Low Risk,Standard enrollment notification
18165,0.01,0,High Risk,Personalized phone call with HR and benefits explanation
15106,0.0,0,High Risk,Personalized phone call with HR and benefits explanation
10449,0.01,0,High Risk,Personalized phone call with HR and benefits explanation
10208,0.08,0,High Risk,Personalized phone call with HR and benefits explanation
15213,0.98,1,Low Risk,Standard enrollment notification
15150,0.02,0,High Risk,Personalized phone call with HR and benefits explanation
14976,1.0,1,Low Risk,Standard enrollment notification
10982,0.0,0,High Risk,Personalized phone call with HR and benefits explanation
18162,1.0,1,Low Risk,Standard enrollment notification
14751,0.0,0,High Risk,Personalized phone call with HR and benefits explanation
16902,1.0,1,Low Risk,Standard enrollment notification
19228,1.0,1,Low Risk,Standard enrollment notification
12981,0.99,1,Low Risk,Standard enrollment notification
19831,0.99,1,Low Risk,Standard enrollment notification
17719,1.0,1,Low Risk,Standard enrollment notification
16788,0.91,1,Low Risk,Standard enrollment notification
19607,1.0,1,Low Risk,Standard enrollment notification
15073,0.33,0,Medium Risk,Reminder email with enrollment benefits
15462,1.0,1,Low Risk,Standard enrollment notification
14908,0.0,0,High Risk,Personalized phone call with HR and benefits explanation
19085,0.95,1,Low Risk,Standard enrollment notification
18250,0.98,1,Low Risk,Standard enrollment notification
19952,0.01,0,High Risk,Personalized phone call with HR and benefits explanation
11267,0.03,0,High Risk,Personalized phone call with HR and benefits explanation
13477,1.0,1,Low Risk,Standard enrollment notification
12849,1.0,1,Low Risk,Standard enrollment notification
18097,0.01,0,High Risk,Personalized phone call with HR and benefits explanation
19247,0.97,1,Low Risk,Standard enrollment notification
11771,0.99,1,Low Risk,Standard enrollment notification
19643,1.0,1,Low Risk,Standard enrollment notification
14623,1.0,1,Low Risk,Standard enrollment notification
12020,0.99,1,Low Risk,Standard enrollment notification
17342,0.01,0,High Risk,Personalized phone call with HR and benefits explanation
15111,1.0,1,Low Risk,Standard enrollment notification
16927,0.97,1,Low Risk,Standard enrollment notification
18468,1.0,1,Low Risk,Standard enrollment notification
12974,0.0,0,High Risk,Personalized phone call with HR and benefits explanation
16395,0.09,0,High Risk,Personalized phone call with HR and benefits explanation
11586,0.0,0,High Risk,Personalized phone call with HR and benefits explanation
19714,0.03,0,High Risk,Personalized phone call with HR and benefits explanation
17734,0.03,0,High Risk,Personalized phone call with HR and benefits explanation
16458,0.97,1,Low Risk,Standard enrollment notification
19384,0.94,1,Low Risk,Standard enrollment notification
18766,0.97,1,Low Risk,Standard enrollment notification
11053,0.1,0,High Risk,Personalized phone call with HR and benefits explanation
17711,0.02,0,High Risk,Personalized phone call with HR and benefits explanation
16294,1.0,1,Low Risk,Standard enrollment notification
14534,0.98,1,Low Risk,Standard enrollment notification
16843,0.99,1,Low Risk,Standard enrollment notification
13527,0.95,1,Low Risk,Standard enrollment notification
13050,1.0,1,Low Risk,Standard enrollment notification
15272,0.99,1,Low Risk,Standard enrollment notification
12109,0.96,1,Low Risk,Standard enrollment notification
11086,0.99,1,Low Risk,Standard enrollment notification
18831,1.0,1,Low Risk,Standard enrollment notification
18201,0.98,1,Low Risk,Standard enrollment notification
10767,0.96,1,Low Risk,Standard enrollment notification
11747,0.0,0,High Risk,Personalized phone call with HR and benefits explanation
19906,1.0,1,Low Risk,Standard enrollment notification
11009,0.99,1,Low Risk,Standard enrollment notification
15374,0.0,0,High Risk,Personalized phone call with HR and benefits explanation
10623,0.99,1,Low Risk,Standard enrollment notification
16156,1.0,1,Low Risk,Standard enrollment notification
13929,0.99,1,Low Risk,Standard enrollment notification
15780,1.0,1,Low Risk,Standard enrollment notification
18234,0.01,0,High Risk,Personalized phone call with HR and benefits explanation
15971,0.93,1,Low Risk,Standard enrollment notification
15866,0.97,1,Low Risk,Standard enrollment notification
14994,0.02,0,High Risk,Personalized phone call with HR and benefits explanation
13357,0.0,0,High Risk,Personalized phone call with HR and benefits explanation
13508,0.99,1,Low Risk,Standard enrollment notification
14895,1.0,1,Low Risk,Standard enrollment notification
17820,0.99,1,Low Risk,Standard enrollment notification
19494,0.95,1,Low Risk,Standard enrollment notification
13431,0.98,1,Low Risk,Standard enrollment notification
18624,0.98,1,Low Risk,Standard enrollment notification
12792,0.05,0,High Risk,Personalized phone call with HR and benefits explanation
12622,0.06,0,High Risk,Personalized phone call with HR and benefits explanation
16219,0.96,1,Low Risk,Standard enrollment notification
17850,0.99,1,Low Risk,Standard enrollment notification
13616,1.0,1,Low Risk,Standard enrollment notification
14638,0.99,1,Low Risk,Standard enrollment notification
11963,0.99,1,Low Risk,Standard enrollment notification
16101,0.99,1,Low Risk,Standard enrollment notification
18809,0.0,0,High Risk,Personalized phone call with HR and benefits explanation
18030,0.98,1,Low Risk,Standard enrollment notification
17248,0.77,1,Low Risk,Standard enrollment notification
14061,0.95,1,Low Risk,Standard enrollment notification
15719,0.0,0,High Risk,Personalized phone call with HR and benefits explanation
14609,1.0,1,Low Risk,Standard enrollment notification
16844,0.02,0,High Risk,Personalized phone call with HR and benefits explanation
15614,0.0,0,High Risk,Personalized phone call with HR and benefits explanation
13943,0.11,0,High Risk,Personalized phone call with HR and benefits explanation
19585,1.0,1,Low Risk,Standard enrollment notification
16149,0.0,0,High Risk,Personalized phone call with HR and benefits explanation
10692,1.0,1,Low Risk,Standard enrollment notification
14823,0.03,0,High Risk,Personalized phone call with HR and benefits explanation
12480,0.99,1,Low Risk,Standard enrollment notification
11456,0.99,1,Low Risk,Standard enrollment notification
15427,0.0,0,High Risk,Personalized phone call with HR and benefits explanation
15455,1.0,1,Low Risk,Standard enrollment notification
15013,0.12,0,High Risk,Personalized phone call with HR and benefits explanation
17677,0.0,0,High Risk,Personalized phone call with HR and benefits explanation
13979,0.95,1,Low Risk,Standard enrollment notification
16876,1.0,1,Low Risk,Standard enrollment notification
15365,0.02,0,High Risk,Personalized phone call with HR and benefits explanation
12027,1.0,1,Low Risk,Standard enrollment notification
16404,0.92,1,Low Risk,Standard enrollment notification
11601,0.01,0,High Risk,Personalized phone call with HR and benefits explanation
19388,1.0,1,Low Risk,Standard enrollment notification
13342,1.0,1,Low Risk,Standard enrollment notification
11049,0.0,0,High Risk,Personalized phone call with HR and benefits explanation
16330,0.88,1,Low Risk,Standard enrollment notification
16307,0.02,0,High Risk,Personalized phone call with HR and benefits explanation
16139,0.98,1,Low Risk,Standard enrollment notification
16429,0.98,1,Low Risk,Standard enrollment notification
15211,0.76,1,Low Risk,Standard enrollment notification
10799,0.0,0,High Risk,Personalized phone call with HR and benefits explanation
13666,0.99,1,Low Risk,Standard enrollment notification
12957,0.99,1,Low Risk,Standard enrollment notification
18645,0.91,1,Low Risk,Standard enrollment notification
14109,0.99,1,Low Risk,Standard enrollment notification
12729,0.94,1,Low Risk,Standard enrollment notification
11311,0.18,0,High Risk,Personalized phone call with HR and benefits explanation
19536,1.0,1,Low Risk,Standard enrollment notification
11756,0.0,0,High Risk,Personalized phone call with HR and benefits explanation
18821,1.0,1,Low Risk,Standard enrollment notification
15741,0.98,1,Low Risk,Standard enrollment notification
13630,0.14,0,High Risk,Personalized phone call with HR and benefits explanation
16951,0.04,0,High Risk,Personalized phone call with HR and benefits explanation
11413,0.03,0,High Risk,Personalized phone call with HR and benefits explanation
18141,0.97,1,Low Risk,Standard enrollment notification
17997,1.0,1,Low Risk,Standard enrollment notification
15487,0.0,0,High Risk,Personalized phone call with HR and benefits explanation
19372,0.0,0,High Risk,Personalized phone call with HR and benefits explanation
11675,1.0,1,Low Risk,Standard enrollment notification
19499,0.02,0,High Risk,Personalized phone call with HR and benefits explanation
12940,0.06,0,High Risk,Personalized phone call with HR and benefits explanation
18428,0.01,0,High Risk,Personalized phone call with HR and benefits explanation
17193,1.0,1,Low Risk,Standard enrollment notification
14324,1.0,1,Low Risk,Standard enrollment notification
16699,0.97,1,Low Risk,Standard enrollment notification
15834,0.05,0,High Risk,Personalized phone call with HR and benefits explanation
17466,0.0,0,High Risk,Personalized phone call with HR and benefits explanation
19564,0.96,1,Low Risk,Standard enrollment notification
16769,0.92,1,Low Risk,Standard enrollment notification
18155,0.99,1,Low Risk,Standard enrollment notification
14221,0.02,0,High Risk,Personalized phone call with HR and benefits explanation
12212,1.0,1,Low Risk,Standard enrollment notification
19842,0.97,1,Low Risk,Standard enrollment notification
15828,0.99,1,Low Risk,Standard enrollment notification
12076,0.99,1,Low Risk,Standard enrollment notification
17693,0.97,1,Low Risk,Standard enrollment notification
18498,0.09,0,High Risk,Personalized phone call with HR and benefits explanation
15267,0.97,1,Low Risk,Standard enrollment notification
14321,1.0,1,Low Risk,Standard enrollment notification
19728,1.0,1,Low Risk,Standard enrollment notification
18642,1.0,1,Low Risk,Standard enrollment notification
18082,0.18,0,High Risk,Personalized phone call with HR and benefits explanation
17808,0.98,1,Low Risk,Standard enrollment notification
11563,0.97,1,Low Risk,Standard enrollment notification
19797,0.0,0,High Risk,Personalized phone call with HR and benefits explanation
17309,0.01,0,High Risk,Personalized phone call with HR and benefits explanation
13463,0.01,0,High Risk,Personalized phone call with HR and benefits explanation
12498,0.93,1,Low Risk,Standard enrollment notification
14375,0.95,1,Low Risk,Standard enrollment notification
15757,0.07,0,High Risk,Personalized phone call with HR and benefits explanation
11823,1.0,1,Low Risk,Standard enrollment notification
16112,1.0,1,Low Risk,Standard enrollment notification
10314,0.98,1,Low Risk,Standard enrollment notification
10438,0.0,0,High Risk,Personalized phone call with HR and benefits explanation
13610,1.0,1,Low Risk,Standard enrollment notification
18146,0.99,1,Low Risk,Standard enrollment notification
12713,0.95,1,Low Risk,Standard enrollment notification
19325,1.0,1,Low Risk,Standard enrollment notification
15572,0.93,1,Low Risk,Standard enrollment notification
16374,1.0,1,Low Risk,Standard enrollment notification
16357,1.0,1,Low Risk,Standard enrollment notification
17013,0.08,0,High Risk,Personalized phone call with HR and benefits explanation
19602,0.0,0,High Risk,Personalized phone call with HR and benefits explanation
14678,0.94,1,Low Risk,Standard enrollment notification
18182,0.97,1,Low Risk,Standard enrollment notification
19647,1.0,1,Low Risk,Standard enrollment notification
10127,0.99,1,Low Risk,Standard enrollment notification
13520,1.0,1,Low Risk,Standard enrollment notification
19193,1.0,1,Low Risk,Standard enrollment notification
19164,1.0,1,Low Risk,Standard enrollment notification
14614,0.97,1,Low Risk,Standard enrollment notification
18719,0.0,0,High Risk,Personalized phone call with HR and benefits explanation
17675,1.0,1,Low Risk,Standard enrollment notification
16270,0.91,1,Low Risk,Standard enrollment notification
15958,0.08,0,High Risk,Personalized phone call with HR and benefits explanation
12223,0.98,1,Low Risk,Standard enrollment notification
17527,0.0,0,High Risk,Personalized phone call with HR and benefits explanation
17141,0.98,1,Low Risk,Standard enrollment notification
19943,0.01,0,High Risk,Personalized phone call with HR and benefits explanation
12419,0.05,0,High Risk,Personalized phone call with HR and benefits explanation
11273,0.0,0,High Risk,Personalized phone call with HR and benefits explanation
10286,0.02,0,High Risk,Personalized phone call with HR and benefits explanation
13219,0.04,0,High Risk,Personalized phone call with HR and benefits explanation
15955,0.05,0,High Risk,Personalized phone call with HR and benefits explanation
19188,0.01,0,High Risk,Personalized phone call with HR and benefits explanation
18406,0.0,0,High Risk,Personalized phone call with HR and benefits explanation
17630,0.01,0,High Risk,Personalized phone call with HR and benefits explanation
16686,0.01,0,High Risk,Personalized phone call with HR and benefits explanation
10172,0.08,0,High Risk,Personalized phone call with HR and benefits explanation
16483,1.0,1,Low Risk,Standard enrollment notification
18252,1.0,1,Low Risk,Standard enrollment notification
17253,0.09,0,High Risk,Personalized phone call with HR and benefits explanation
19153,0.98,1,Low Risk,Standard enrollment notification
13515,0.07,0,High Risk,Personalized phone call with HR and benefits explanation
19362,0.97,1,Low Risk,Standard enrollment notification
10251,0.96,1,Low Risk,Standard enrollment notification
11668,0.86,1,Low Risk,Standard enrollment notification
16342,0.07,0,High Risk,Personalized phone call with HR and benefits explanation
12090,1.0,1,Low Risk,Standard enrollment notification
14145,1.0,1,Low Risk,Standard enrollment notification
17888,0.0,0,High Risk,Personalized phone call with HR and benefits explanation
13971,1.0,1,Low Risk,Standard enrollment notification
14208,1.0,1,Low Risk,Standard enrollment notification
16463,0.91,1,Low Risk,Standard enrollment notification
11465,0.05,0,High Risk,Personalized phone call with HR and benefits explanation
10613,1.0,1,Low Risk,Standard enrollment notification
18265,0.96,1,Low Risk,Standard enrollment notification
12115,0.06,0,High Risk,Personalized phone call with HR and benefits explanation
17308,1.0,1,Low Risk,Standard enrollment notification
16310,1.0,1,Low Risk,Standard enrollment notification
12752,1.0,1,Low Risk,Standard enrollment notification
14769,0.96,1,Low Risk,Standard enrollment notification
10882,0.97,1,Low Risk,Standard enrollment notification
19255,0.99,1,Low Risk,Standard enrollment notification
16290,0.14,0,High Risk,Personalized phone call with HR and benefits explanation
11233,0.04,0,High Risk,Personalized phone call with HR and benefits explanation
11159,0.0,0,High Risk,Personalized phone call with HR and benefits explanation
17182,0.05,0,High Risk,Personalized phone call with HR and benefits explanation
17424,0.76,1,Low Risk,Standard enrollment notification
16340,1.0,1,Low Risk,Standard enrollment notification
17896,1.0,1,Low Risk,Standard enrollment notification
14878,0.95,1,Low Risk,Standard enrollment notification
14129,0.06,0,High Risk,Personalized phone call with HR and benefits explanation
16663,0.0,0,High Risk,Personalized phone call with HR and benefits explanation
17124,0.01,0,High Risk,Personalized phone call with HR and benefits explanation
11338,0.01,0,High Risk,Personalized phone call with HR and benefits explanation
16589,0.0,0,High Risk,Personalized phone call with HR and benefits explanation
19298,1.0,1,Low Risk,Standard enrollment notification
10960,0.1,0,High Risk,Personalized phone call with HR and benefits explanation
10201,1.0,1,Low Risk,Standard enrollment notification
15527,0.93,1,Low Risk,Standard enrollment notification
15949,1.0,1,Low Risk,Standard enrollment notification
17101,0.97,1,Low Risk,Standard enrollment notification
14979,0.21,0,High Risk,Personalized phone call with HR and benefits explanation
12887,0.99,1,Low Risk,Standard enrollment notification
10568,0.92,1,Low Risk,Standard enrollment notification
13425,1.0,1,Low Risk,Standard enrollment notification
17456,0.0,0,High Risk,Personalized phone call with HR and benefits explanation
12711,0.99,1,Low Risk,Standard enrollment notification
14634,0.99,1,Low Risk,Standard enrollment notification
12583,1.0,1,Low Risk,Standard enrollment notification
17813,1.0,1,Low Risk,Standard enrollment notification
10345,1.0,1,Low Risk,Standard enrollment notification
15349,0.05,0,High Risk,Personalized phone call with HR and benefits explanation
18813,1.0,1,Low Risk,Standard enrollment notification
10573,0.01,0,High Risk,Personalized phone call with HR and benefits explanation
16201,0.87,1,Low Risk,Standard enrollment notification
16534,1.0,1,Low Risk,Standard enrollment notification
16203,1.0,1,Low Risk,Standard enrollment notification
19013,0.03,0,High Risk,Personalized phone call with HR and benefits explanation
15524,1.0,1,Low Risk,Standard enrollment notification
19251,0.99,1,Low Risk,Standard enrollment notification
18697,0.08,0,High Risk,Personalized phone call with HR and benefits explanation
19968,0.11,0,High Risk,Personalized phone call with HR and benefits explanation
19873,1.0,1,Low Risk,Standard enrollment notification
13956,0.05,0,High Risk,Personalized phone call with HR and benefits explanation
10374,0.04,0,High Risk,Personalized phone call with HR and benefits explanation
19387,1.0,1,Low Risk,Standard enrollment notification
16132,0.03,0,High Risk,Personalized phone call with HR and benefits explanation
19211,0.01,0,High Risk,Personalized phone call with HR and benefits explanation
14167,0.99,1,Low Risk,Standard enrollment notification
10930,1.0,1,Low Risk,Standard enrollment notification
19556,0.98,1,Low Risk,Standard enrollment notification
14845,1.0,1,Low Risk,Standard enrollment notification
15451,0.89,1,Low Risk,Standard enrollment notification
11789,0.0,0,High Risk,Personalized phone call with HR and benefits explanation
10967,1.0,1,Low Risk,Standard enrollment notification
16437,1.0,1,Low Risk,Standard enrollment notification
17538,0.98,1,Low Risk,Standard enrollment notification
18507,1.0,1,Low Risk,Standard enrollment notification
12703,0.99,1,Low Risk,Standard enrollment notification
18016,0.13,0,High Risk,Personalized phone call with HR and benefits explanation
18434,0.08,0,High Risk,Personalized phone call with HR and benefits explanation
11382,1.0,1,Low Risk,Standard enrollment notification
13233,0.01,0,High Risk,Personalized phone call with HR and benefits explanation
18088,0.98,1,Low Risk,Standard enrollment notification
10518,1.0,1,Low Risk,Standard enrollment notification
16572,0.94,1,Low Risk,Standard enrollment notification
16238,1.0,1,Low Risk,Standard enrollment notification
10230,1.0,1,Low Risk,Standard enrollment notification
19181,1.0,1,Low Risk,Standard enrollment notification
12176,0.02,0,High Risk,Personalized phone call with HR and benefits explanation
10361,0.04,0,High Risk,Personalized phone call with HR and benefits explanation
12373,1.0,1,Low Risk,Standard enrollment notification
19724,1.0,1,Low Risk,Standard enrollment notification
10802,0.98,1,Low Risk,Standard enrollment notification
19311,0.1,0,High Risk,Personalized phone call with HR and benefits explanation
12078,0.84,1,Low Risk,Standard enrollment notification
14640,0.99,1,Low Risk,Standard enrollment notification
15857,0.11,0,High Risk,Personalized phone call with HR and benefits explanation
11467,0.03,0,High Risk,Personalized phone call with HR and benefits explanation
14409,0.24,0,High Risk,Personalized phone call with HR and benefits explanation
12643,0.0,0,High Risk,Personalized phone call with HR and benefits explanation
16116,1.0,1,Low Risk,Standard enrollment notification
11793,1.0,1,Low Risk,Standard enrollment notification
15146,1.0,1,Low Risk,Standard enrollment notification
11363,0.99,1,Low Risk,Standard enrollment notification
16185,0.02,0,High Risk,Personalized phone call with HR and benefits explanation
11255,1.0,1,Low Risk,Standard enrollment notification
15397,0.95,1,Low Risk,Standard enrollment notification
18187,0.05,0,High Risk,Personalized phone call with HR and benefits explanation
10007,0.99,1,Low Risk,Standard enrollment notification
18152,0.93,1,Low Risk,Standard enrollment notification
11851,0.02,0,High Risk,Personalized phone call with HR and benefits explanation
12858,0.95,1,Low Risk,Standard enrollment notification
16170,0.02,0,High Risk,Personalized phone call with HR and benefits explanation
18798,0.95,1,Low Risk,Standard enrollment notification
15937,1.0,1,Low Risk,Standard enrollment notification
10281,1.0,1,Low Risk,Standard enrollment notification
15398,0.04,0,High Risk,Personalized phone call with HR and benefits explanation
12780,1.0,1,Low Risk,Standard enrollment notification
16576,0.0,0,High Risk,Personalized phone call with HR and benefits explanation
18553,0.99,1,Low Risk,Standard enrollment notification
15231,0.96,1,Low Risk,Standard enrollment notification
14566,0.98,1,Low Risk,Standard enrollment notification
11130,0.01,0,High Risk,Personalized phone call with HR and benefits explanation
14357,0.05,0,High Risk,Personalized phone call with HR and benefits explanation
12824,0.0,0,High Risk,Personalized phone call with HR and benefits explanation
16474,0.95,1,Low Risk,Standard enrollment notification
18213,0.96,1,Low Risk,Standard enrollment notification
11703,0.98,1,Low Risk,Standard enrollment notification
16639,0.94,1,Low Risk,Standard enrollment notification
11388,0.02,0,High Risk,Personalized phone call with HR and benefits explanation
14277,0.97,1,Low Risk,Standard enrollment notification
16547,0.92,1,Low Risk,Standard enrollment notification
17715,0.0,0,High Risk,Personalized phone call with HR and benefits explanation
14068,0.9,1,Low Risk,Standard enrollment notification
10487,0.09,0,High Risk,Personalized phone call with HR and benefits explanation
15094,0.9,1,Low Risk,Standard enrollment notification
15629,1.0,1,Low Risk,Standard enrollment notification
18546,0.98,1,Low Risk,Standard enrollment notification
13744,0.98,1,Low Risk,Standard enrollment notification
13376,0.91,1,Low Risk,Standard enrollment notification
14528,0.89,1,Low Risk,Standard enrollment notification
15968,0.99,1,Low Risk,Standard enrollment notification
10570,1.0,1,Low Risk,Standard enrollment notification
11501,0.0,0,High Risk,Personalized phone call with HR and benefits explanation
10088,0.05,0,High Risk,Personalized phone call with HR and benefits explanation
13961,0.93,1,Low Risk,Standard enrollment notification
17521,0.96,1,Low Risk,Standard enrollment notification
19528,0.99,1,Low Risk,Standard enrollment notification
15327,1.0,1,Low Risk,Standard enrollment notification
12529,0.0,0,High Risk,Personalized phone call with HR and benefits explanation
14451,1.0,1,Low Risk,Standard enrollment notification
11950,0.0,0,High Risk,Personalized phone call with HR and benefits explanation
11826,1.0,1,Low Risk,Standard enrollment notification
14139,0.16,0,High Risk,Personalized phone call with HR and benefits explanation
18939,1.0,1,Low Risk,Standard enrollment notification
19914,1.0,1,Low Risk,Standard enrollment notification
17892,0.84,1,Low Risk,Standard enrollment notification
12267,0.87,1,Low Risk,Standard enrollment notification
16560,0.02,0,High Risk,Personalized phone call with HR and benefits explanation
15823,1.0,1,Low Risk,Standard enrollment notification
19395,0.07,0,High Risk,Personalized phone call with HR and benefits explanation
16141,1.0,1,Low Risk,Standard enrollment notification
14018,0.95,1,Low Risk,Standard enrollment notification
15567,0.03,0,High Risk,Personalized phone call with HR and benefits explanation
19615,1.0,1,Low Risk,Standard enrollment notification
11784,0.05,0,High Risk,Personalized phone call with HR and benefits explanation
19962,1.0,1,Low Risk,Standard enrollment notification
14952,0.01,0,High Risk,Personalized phone call with HR and benefits explanation
10265,0.99,1,Low Risk,Standard enrollment notification
19008,0.09,0,High Risk,Personalized phone call with HR and benefits explanation
14360,0.98,1,Low Risk,Standard enrollment notification
11106,0.21,0,High Risk,Personalized phone call with HR and benefits explanation
14583,0.0,0,High Risk,Personalized phone call with HR and benefits explanation
16960,1.0,1,Low Risk,Standard enrollment notification
19985,1.0,1,Low Risk,Standard enrollment notification
15040,0.06,0,High Risk,Personalized phone call with HR and benefits explanation
11585,0.03,0,High Risk,Personalized phone call with HR and benefits explanation
13238,1.0,1,Low Risk,Standard enrollment notification
11375,0.05,0,High Risk,Personalized phone call with HR and benefits explanation
15820,0.98,1,Low Risk,Standard enrollment notification
12429,0.97,1,Low Risk,Standard enrollment notification
17400,0.68,1,Low Risk,Standard enrollment notification
13574,0.99,1,Low Risk,Standard enrollment notification
19600,1.0,1,Low Risk,Standard enrollment notification
16479,1.0,1,Low Risk,Standard enrollment notification
10638,1.0,1,Low Risk,Standard enrollment notification
18692,0.97,1,Low Risk,Standard enrollment notification
19611,0.95,1,Low Risk,Standard enrollment notification
16885,1.0,1,Low Risk,Standard enrollment notification
17231,0.03,0,High Risk,Personalized phone call with HR and benefits explanation
15465,0.06,0,High Risk,Personalized phone call with HR and benefits explanation
13623,0.01,0,High Risk,Personalized phone call with HR and benefits explanation
10842,0.19,0,High Risk,Personalized phone call with HR and benefits explanation
12180,1.0,1,Low Risk,Standard enrollment notification
19441,1.0,1,Low Risk,Standard enrollment notification
18160,0.96,1,Low Risk,Standard enrollment notification
17946,0.94,1,Low Risk,Standard enrollment notification
13619,0.99,1,Low Risk,Standard enrollment notification
12294,0.98,1,Low Risk,Standard enrollment notification
17187,0.0,0,High Risk,Personalized phone call with HR and benefits explanation
12895,0.0,0,High Risk,Personalized phone call with HR and benefits explanation
18331,0.98,1,Low Risk,Standard enrollment notification
11470,0.0,0,High Risk,Personalized phone call with HR and benefits explanation
19883,0.02,0,High Risk,Personalized phone call with HR and benefits explanation
11768,1.0,1,Low Risk,Standard enrollment notification
15388,0.0,0,High Risk,Personalized phone call with HR and benefits explanation
18544,1.0,1,Low Risk,Standard enrollment notification
12096,1.0,1,Low Risk,Standard enrollment notification
10566,0.03,0,High Risk,Personalized phone call with HR and benefits explanation
17386,0.19,0,High Risk,Personalized phone call with HR and benefits explanation
10119,0.07,0,High Risk,Personalized phone call with HR and benefits explanation
11063,1.0,1,Low Risk,Standard enrollment notification
16497,0.99,1,Low Risk,Standard enrollment notification
17221,0.0,0,High Risk,Personalized phone call with HR and benefits explanation
17219,0.96,1,Low Risk,Standard enrollment notification
10255,0.08,0,High Risk,Personalized phone call with HR and benefits explanation
16142,0.02,0,High Risk,Personalized phone call with HR and benefits explanation
18397,0.99,1,Low Risk,Standard enrollment notification
18317,0.0,0,High Risk,Personalized phone call with HR and benefits explanation
11852,0.98,1,Low Risk,Standard enrollment notification
12932,0.09,0,High Risk,Personalized phone call with HR and benefits explanation
14685,0.98,1,Low Risk,Standard enrollment notification
16169,0.99,1,Low Risk,Standard enrollment notification
14263,0.97,1,Low Risk,Standard enrollment notification
16264,0.97,1,Low Risk,Standard enrollment notification
12531,0.02,0,High Risk,Personalized phone call with HR and benefits explanation
11611,0.89,1,Low Risk,Standard enrollment notification
13690,1.0,1,Low Risk,Standard enrollment notification
11630,0.93,1,Low Risk,Standard enrollment notification
16388,0.02,0,High Risk,Personalized phone call with HR and benefits explanation
18438,1.0,1,Low Risk,Standard enrollment notification
10682,1.0,1,Low Risk,Standard enrollment notification
10709,0.99,1,Low Risk,Standard enrollment notification
15166,0.01,0,High Risk,Personalized phone call with HR and benefits explanation
15258,1.0,1,Low Risk,Standard enrollment notification
17315,0.98,1,Low Risk,Standard enrollment notification
12461,1.0,1,Low Risk,Standard enrollment notification
13720,0.95,1,Low Risk,Standard enrollment notification
12503,1.0,1,Low Risk,Standard enrollment notification
11400,0.01,0,High Risk,Personalized phone call with HR and benefits explanation
12989,0.05,0,High Risk,Personalized phone call with HR and benefits explanation
15074,0.99,1,Low Risk,Standard enrollment notification
15143,0.92,1,Low Risk,Standard enrollment notification
11547,1.0,1,Low Risk,Standard enrollment notification
10481,0.99,1,Low Risk,Standard enrollment notification
18443,1.0,1,Low Risk,Standard enrollment notification
17006,0.98,1,Low Risk,Standard enrollment notification
19972,1.0,1,Low Risk,Standard enrollment notification
16958,0.99,1,Low Risk,Standard enrollment notification
17220,0.07,0,High Risk,Personalized phone call with HR and benefits explanation
17551,1.0,1,Low Risk,Standard enrollment notification
16797,0.99,1,Low Risk,Standard enrollment notification
12081,0.7,1,Low Risk,Standard enrollment notification
17419,0.0,0,High Risk,Personalized phone call with HR and benefits explanation
16679,0.99,1,Low Risk,Standard enrollment notification
15240,0.96,1,Low Risk,Standard enrollment notification
12537,0.02,0,High Risk,Personalized phone call with HR and benefits explanation
12470,1.0,1,Low Risk,Standard enrollment notification
12666,0.1,0,High Risk,Personalized phone call with HR and benefits explanation
10874,1.0,1,Low Risk,Standard enrollment notification
10357,0.1,0,High Risk,Personalized phone call with HR and benefits explanation
17737,0.98,1,Low Risk,Standard enrollment notification
11324,0.99,1,Low Risk,Standard enrollment notification
12206,0.0,0,High Risk,Personalized phone call with HR and benefits explanation
14462,0.03,0,High Risk,Personalized phone call with HR and benefits explanation
19359,0.09,0,High Risk,Personalized phone call with HR and benefits explanation
12535,0.01,0,High Risk,Personalized phone call with HR and benefits explanation
11816,1.0,1,Low Risk,Standard enrollment notification
19663,1.0,1,Low Risk,Standard enrollment notification
16173,0.0,0,High Risk,Personalized phone call with HR and benefits explanation
17372,0.01,0,High Risk,Personalized phone call with HR and benefits explanation
15770,0.97,1,Low Risk,Standard enrollment notification
16721,1.0,1,Low Risk,Standard enrollment notification
19361,0.98,1,Low Risk,Standard enrollment notification
19846,1.0,1,Low Risk,Standard enrollment notification
10400,1.0,1,Low Risk,Standard enrollment notification
10639,0.02,0,High Risk,Personalized phone call with HR and benefits explanation
12119,0.0,0,High Risk,Personalized phone call with HR and benefits explanation
19215,0.98,1,Low Risk,Standard enrollment notification
18189,1.0,1,Low Risk,Standard enrollment notification
11262,1.0,1,Low Risk,Standard enrollment notification
19590,1.0,1,Low Risk,Standard enrollment notification
14677,0.97,1,Low Risk,Standard enrollment notification
12633,0.0,0,High Risk,Personalized phone call with HR and benefits explanation
19625,0.01,0,High Risk,Personalized phone call with HR and benefits explanation
15510,1.0,1,Low Risk,Standard enrollment notification
12945,0.0,0,High Risk,Personalized phone call with HR and benefits explanation
19497,0.05,0,High Risk,Personalized phone call with HR and benefits explanation
10888,0.0,0,High Risk,Personalized phone call with HR and benefits explanation
13140,0.08,0,High Risk,Personalized phone call with HR and benefits explanation
16251,1.0,1,Low Risk,Standard enrollment notification
10114,1.0,1,Low Risk,Standard enrollment notification
14358,1.0,1,Low Risk,Standard enrollment notification
10268,0.0,0,High Risk,Personalized phone call with HR and benefits explanation
12882,1.0,1,Low Risk,Standard enrollment notification
11500,1.0,1,Low Risk,Standard enrollment notification
11314,0.92,1,Low Risk,Standard enrollment notification
12372,0.99,1,Low Risk,Standard enrollment notification
13424,0.04,0,High Risk,Personalized phone call with HR and benefits explanation
17436,0.01,0,High Risk,Personalized phone call with HR and benefits explanation
16154,0.06,0,High Risk,Personalized phone call with HR and benefits explanation
18837,0.06,0,High Risk,Personalized phone call with HR and benefits explanation
16011,0.01,0,High Risk,Personalized phone call with HR and benefits explanation
15988,1.0,1,Low Risk,Standard enrollment notification
15862,0.04,0,High Risk,Personalized phone call with HR and benefits explanation
12567,1.0,1,Low Risk,Standard enrollment notification
16517,0.0,0,High Risk,Personalized phone call with HR and benefits explanation
13446,1.0,1,Low Risk,Standard enrollment notification
10793,0.98,1,Low Risk,Standard enrollment notification
16137,1.0,1,Low Risk,Standard enrollment notification
12566,0.0,0,High Risk,Personalized phone call with HR and benefits explanation
12835,1.0,1,Low Risk,Standard enrollment notification
17180,0.02,0,High Risk,Personalized phone call with HR and benefits explanation
19974,0.99,1,Low Risk,Standard enrollment notification
17258,0.98,1,Low Risk,Standard enrollment notification
14741,0.98,1,Low Risk,Standard enrollment notification
13807,0.03,0,High Risk,Personalized phone call with HR and benefits explanation
11696,0.05,0,High Risk,Personalized phone call with HR and benefits explanation
14148,0.1,0,High Risk,Personalized phone call with HR and benefits explanation
17709,0.94,1,Low Risk,Standard enrollment notification
15989,0.9,1,Low Risk,Standard enrollment notification
18455,0.99,1,Low Risk,Standard enrollment notification
15921,0.41,0,Medium Risk,Reminder email with enrollment benefits
11779,0.04,0,High Risk,Personalized phone call with HR and benefits explanation
12056,1.0,1,Low Risk,Standard enrollment notification
14771,0.98,1,Low Risk,Standard enrollment notification
18378,0.0,0,High Risk,Personalized phone call with HR and benefits explanation
12197,0.02,0,High Risk,Personalized phone call with HR and benefits explanation
19741,0.97,1,Low Risk,Standard enrollment notification
16805,0.99,1,Low Risk,Standard enrollment notification
13188,0.08,0,High Risk,Personalized phone call with HR and benefits explanation
11628,1.0,1,Low Risk,Standard enrollment notification
11332,1.0,1,Low Risk,Standard enrollment notification
12227,0.92,1,Low Risk,Standard enrollment notification
15662,0.99,1,Low Risk,Standard enrollment notification
17706,0.06,0,High Risk,Personalized phone call with HR and benefits explanation
14493,1.0,1,Low Risk,Standard enrollment notification
10279,0.01,0,High Risk,Personalized phone call with HR and benefits explanation
16914,0.89,1,Low Risk,Standard enrollment notification
14147,0.97,1,Low Risk,Standard enrollment notification
17165,0.97,1,Low Risk,Standard enrollment notification
14519,0.76,1,Low Risk,Standard enrollment notification
17302,0.98,1,Low Risk,Standard enrollment notification
19222,1.0,1,Low Risk,Standard enrollment notification
11729,0.97,1,Low Risk,Standard enrollment notification
10662,0.01,0,High Risk,Personalized phone call with HR and benefits explanation
14909,1.0,1,Low Risk,Standard enrollment notification
18050,1.0,1,Low Risk,Standard enrollment notification
17889,1.0,1,Low Risk,Standard enrollment notification
14159,1.0,1,Low Risk,Standard enrollment notification
10435,0.96,1,Low Risk,Standard enrollment notification
11272,1.0,1,Low Risk,Standard enrollment notification
10078,0.99,1,Low Risk,Standard enrollment notification
16422,0.01,0,High Risk,Personalized phone call with HR and benefits explanation
16753,0.08,0,High Risk,Personalized phone call with HR and benefits explanation
11257,0.16,0,High Risk,Personalized phone call with HR and benefits explanation
11047,0.07,0,High Risk,Personalized phone call with HR and benefits explanation
14920,0.03,0,High Risk,Personalized phone call with HR and benefits explanation
12939,1.0,1,Low Risk,Standard enrollment notification
12744,0.85,1,Low Risk,Standard enrollment notification
16882,1.0,1,Low Risk,Standard enrollment notification
13785,1.0,1,Low Risk,Standard enrollment notification
16672,0.93,1,Low Risk,Standard enrollment notification
14782,0.99,1,Low Risk,Standard enrollment notification
19662,0.96,1,Low Risk,Standard enrollment notification
18322,1.0,1,Low Risk,Standard enrollment notification
10547,0.0,0,High Risk,Personalized phone call with HR and benefits explanation
19668,0.02,0,High Risk,Personalized phone call with HR and benefits explanation
13832,0.97,1,Low Risk,Standard enrollment notification
13916,0.0,0,High Risk,Personalized phone call with HR and benefits explanation
13457,1.0,1,Low Risk,Standard enrollment notification
14008,0.02,0,High Risk,Personalized phone call with HR and benefits explanation
11125,0.16,0,High Risk,Personalized phone call with HR and benefits explanation
17423,0.03,0,High Risk,Personalized phone call with HR and benefits explanation
10768,0.04,0,High Risk,Personalized phone call with HR and benefits explanation
11175,0.3,0,Medium Risk,Reminder email with enrollment benefits
19232,1.0,1,Low Risk,Standard enrollment notification
17507,0.0,0,High Risk,Personalized phone call with HR and benefits explanation
18442,0.99,1,Low Risk,Standard enrollment notification
10263,1.0,1,Low Risk,Standard enrollment notification
11020,1.0,1,Low Risk,Standard enrollment notification
15048,0.89,1,Low Risk,Standard enrollment notification
13875,0.97,1,Low Risk,Standard enrollment notification
14739,0.97,1,Low Risk,Standard enrollment notification
11013,0.97,1,Low Risk,Standard enrollment notification
10737,1.0,1,Low Risk,Standard enrollment notification
12241,1.0,1,Low Risk,Standard enrollment notification
15705,0.01,0,High Risk,Personalized phone call with HR and benefits explanation
17261,1.0,1,Low Risk,Standard enrollment notification
15871,0.09,0,High Risk,Personalized phone call with HR and benefits explanation
14457,0.99,1,Low Risk,Standard enrollment notification
13869,0.98,1,Low Risk,Standard enrollment notification
13110,1.0,1,Low Risk,Standard enrollment notification
15654,0.98,1,Low Risk,Standard enrollment notification
15753,0.86,1,Low Risk,Standard enrollment notification
13007,0.99,1,Low Risk,Standard enrollment notification
14681,1.0,1,Low Risk,Standard enrollment notification
16706,1.0,1,Low Risk,Standard enrollment notification
12911,0.05,0,High Risk,Personalized phone call with HR and benefits explanation
14558,0.9,1,Low Risk,Standard enrollment notification
19870,1.0,1,Low Risk,Standard enrollment notification
14764,0.02,0,High Risk,Personalized phone call with HR and benefits explanation
13121,0.99,1,Low Risk,Standard enrollment notification
18463,1.0,1,Low Risk,Standard enrollment notification
14717,0.99,1,Low Risk,Standard enrollment notification
16782,0.04,0,High Risk,Personalized phone call with HR and benefits explanation
11506,1.0,1,Low Risk,Standard enrollment notification
16209,0.0,0,High Risk,Personalized phone call with HR and benefits explanation
15008,1.0,1,Low Risk,Standard enrollment notification
13241,0.95,1,Low Risk,Standard enrollment notification
14520,1.0,1,Low Risk,Standard enrollment notification
14236,0.93,1,Low Risk,Standard enrollment notification
10415,0.03,0,High Risk,Personalized phone call with HR and benefits explanation
17048,0.98,1,Low Risk,Standard enrollment notification
16920,1.0,1,Low Risk,Standard enrollment notification
11424,1.0,1,Low Risk,Standard enrollment notification
19342,1.0,1,Low Risk,Standard enrollment notification
16979,0.99,1,Low Risk,Standard enrollment notification
15631,0.0,0,High Risk,Personalized phone call with HR and benefits explanation
16176,0.07,0,High Risk,Personalized phone call with HR and benefits explanation
12300,1.0,1,Low Risk,Standard enrollment notification
11930,0.13,0,High Risk,Personalized phone call with HR and benefits explanation
15769,0.97,1,Low Risk,Standard enrollment notification
15028,0.0,0,High Risk,Personalized phone call with HR and benefits explanation
12509,0.97,1,Low Risk,Standard enrollment notification
10157,1.0,1,Low Risk,Standard enrollment notification
18394,0.99,1,Low Risk,Standard enrollment notification
19957,0.0,0,High Risk,Personalized phone call with HR and benefits explanation
19106,0.05,0,High Risk,Personalized phone call with HR and benefits explanation
16675,1.0,1,Low Risk,Standard enrollment notification
12541,1.0,1,Low Risk,Standard enrollment notification
10670,0.0,0,High Risk,Personalized phone call with HR and benefits explanation
11023,0.98,1,Low Risk,Standard enrollment notification
14646,0.96,1,Low Risk,Standard enrollment notification
15860,0.95,1,Low Risk,Standard enrollment notification
15221,0.72,1,Low Risk,Standard enrollment notification
19315,0.84,1,Low Risk,Standard enrollment notification
12321,0.95,1,Low Risk,Standard enrollment notification
19979,0.15,0,High Risk,Personalized phone call with HR and benefits explanation
11653,0.23,0,High Risk,Personalized phone call with HR and benefits explanation
10884,0.97,1,Low Risk,Standard enrollment notification
10034,0.03,0,High Risk,Personalized phone call with HR and benefits explanation
14104,0.96,1,Low Risk,Standard enrollment notification
15898,0.06,0,High Risk,Personalized phone call with HR and benefits explanation
10669,0.98,1,Low Risk,Standard enrollment notification
19473,1.0,1,Low Risk,Standard enrollment notification
12609,0.99,1,Low Risk,Standard enrollment notification
16959,1.0,1,Low Risk,Standard enrollment notification
11910,0.02,0,High Risk,Personalized phone call with HR and benefits explanation
18414,1.0,1,Low Risk,Standard enrollment notification
16817,0.13,0,High Risk,Personalized phone call with HR and benefits explanation
15096,0.05,0,High Risk,Personalized phone call with HR and benefits explanation
16903,0.01,0,High Risk,Personalized phone call with HR and benefits explanation
16738,0.0,0,High Risk,Personalized phone call with HR and benefits explanation
14172,1.0,1,Low Risk,Standard enrollment notification
12450,0.0,0,High Risk,Personalized phone call with HR and benefits explanation
13055,0.02,0,High Risk,Personalized phone call with HR and benefits explanation
17930,0.0,0,High Risk,Personalized phone call with HR and benefits explanation
18035,1.0,1,Low Risk,Standard enrollment notification
11494,0.99,1,Low Risk,Standard enrollment notification
15568,0.99,1,Low Risk,Standard enrollment notification
16138,0.1,0,High Risk,Personalized phone call with HR and benefits explanation
11737,0.0,0,High Risk,Personalized phone call with HR and benefits explanation
11880,0.98,1,Low Risk,Standard enrollment notification
10599,0.0,0,High Risk,Personalized phone call with HR and benefits explanation
16193,1.0,1,Low Risk,Standard enrollment notification
11259,0.02,0,High Risk,Personalized phone call with HR and benefits explanation
19346,0.99,1,Low Risk,Standard enrollment notification
17473,1.0,1,Low Risk,Standard enrollment notification
13306,1.0,1,Low Risk,Standard enrollment notification
19437,1.0,1,Low Risk,Standard enrollment notification
16487,0.98,1,Low Risk,Standard enrollment notification
17285,0.13,0,High Risk,Personalized phone call with HR and benefits explanation
17523,0.06,0,High Risk,Personalized phone call with HR and benefits explanation
10790,1.0,1,Low Risk,Standard enrollment notification
12881,0.08,0,High Risk,Personalized phone call with HR and benefits explanation
19363,0.03,0,High Risk,Personalized phone call with HR and benefits explanation
14757,0.03,0,High Risk,Personalized phone call with HR and benefits explanation
10295,0.35,0,Medium Risk,Reminder email with enrollment benefits
12958,0.93,1,Low Risk,Standard enrollment notification
11323,0.0,0,High Risk,Personalized phone call with HR and benefits explanation
15729,0.01,0,High Risk,Personalized phone call with HR and benefits explanation
18111,0.95,1,Low Risk,Standard enrollment notification
17405,1.0,1,Low Risk,Standard enrollment notification
12775,0.95,1,Low Risk,Standard enrollment notification
17317,0.99,1,Low Risk,Standard enrollment notification
17366,0.04,0,High Risk,Personalized phone call with HR and benefits explanation
17759,0.97,1,Low Risk,Standard enrollment notification
13174,0.97,1,Low Risk,Standard enrollment notification
18200,0.95,1,Low Risk,Standard enrollment notification
12488,1.0,1,Low Risk,Standard enrollment notification
16411,0.97,1,Low Risk,Standard enrollment notification
15779,0.11,0,High Risk,Personalized phone call with HR and benefits explanation
13085,1.0,1,Low Risk,Standard enrollment notification
13829,0.01,0,High Risk,Personalized phone call with HR and benefits explanation
10945,0.93,1,Low Risk,Standard enrollment notification
15967,0.02,0,High Risk,Personalized phone call with HR and benefits explanation
19951,0.99,1,Low Risk,Standard enrollment notification
14964,1.0,1,Low Risk,Standard enrollment notification
11146,0.97,1,Low Risk,Standard enrollment notification
19512,1.0,1,Low Risk,Standard enrollment notification
19713,0.96,1,Low Risk,Standard enrollment notification
10003,0.07,0,High Risk,Personalized phone call with HR and benefits explanation
18291,0.0,0,High Risk,Personalized phone call with HR and benefits explanation
16199,0.98,1,Low Risk,Standard enrollment notification
15061,0.97,1,Low Risk,Standard enrollment notification
19375,1.0,1,Low Risk,Standard enrollment notification
12534,1.0,1,Low Risk,Standard enrollment notification
19095,1.0,1,Low Risk,Standard enrollment notification
10654,0.05,0,High Risk,Personalized phone call with HR and benefits explanation
15457,1.0,1,Low Risk,Standard enrollment notification
16936,0.04,0,High Risk,Personalized phone call with HR and benefits explanation
17389,0.98,1,Low Risk,Standard enrollment notification
17794,0.97,1,Low Risk,Standard enrollment notification
13464,0.81,1,Low Risk,Standard enrollment notification
17570,0.92,1,Low Risk,Standard enrollment notification
10745,1.0,1,Low Risk,Standard enrollment notification
17717,0.11,0,High Risk,Personalized phone call with HR and benefits explanation
14356,0.14,0,High Risk,Personalized phone call with HR and benefits explanation
12590,0.87,1,Low Risk,Standard enrollment notification
14630,0.9,1,Low Risk,Standard enrollment notification
16202,0.96,1,Low Risk,Standard enrollment notification
12617,1.0,1,Low Risk,Standard enrollment notification
10634,0.98,1,Low Risk,Standard enrollment notification
14653,0.96,1,Low Risk,Standard enrollment notification
12969,0.93,1,Low Risk,Standard enrollment notification
13505,0.04,0,High Risk,Personalized phone call with HR and benefits explanation
18738,0.02,0,High Risk,Personalized phone call with HR and benefits explanation
10591,0.01,0,High Risk,Personalized phone call with HR and benefits explanation
18509,0.99,1,Low Risk,Standard enrollment notification
17376,0.98,1,Low Risk,Standard enrollment notification
10887,0.1,0,High Risk,Personalized phone call with HR and benefits explanation
13691,0.04,0,High Risk,Personalized phone call with HR and benefits explanation
14083,1.0,1,Low Risk,Standard enrollment notification
18569,1.0,1,Low Risk,Standard enrollment notification
13999,1.0,1,Low Risk,Standard enrollment notification
14592,1.0,1,Low Risk,Standard enrollment notification
13049,0.27,0,High Risk,Personalized phone call with HR and benefits explanation
16190,0.04,0,High Risk,Personalized phone call with HR and benefits explanation
10363,0.99,1,Low Risk,Standard enrollment notification
12028,1.0,1,Low Risk,Standard enrollment notification
18425,0.99,1,Low Risk,Standard enrollment notification
15247,0.97,1,Low Risk,Standard enrollment notification
10829,0.91,1,Low Risk,Standard enrollment notification
19887,0.02,0,High Risk,Personalized phone call with HR and benefits explanation
10644,0.05,0,High Risk,Personalized phone call with HR and benefits explanation
19522,1.0,1,Low Risk,Standard enrollment notification
16765,0.97,1,Low Risk,Standard enrollment notification
17670,0.96,1,Low Risk,Standard enrollment notification
11017,0.09,0,High Risk,Personalized phone call with HR and benefits explanation
10663,0.01,0,High Risk,Personalized phone call with HR and benefits explanation
15090,0.87,1,Low Risk,Standard enrollment notification
14745,0.97,1,Low Risk,Standard enrollment notification
12083,0.97,1,Low Risk,Standard enrollment notification
12168,0.03,0,High Risk,Personalized phone call with HR and benefits explanation
15809,0.93,1,Low Risk,Standard enrollment notification
10071,0.04,0,High Risk,Personalized phone call with HR and benefits explanation
19028,1.0,1,Low Risk,Standard enrollment notification
15181,0.0,0,High Risk,Personalized phone call with HR and benefits explanation
17626,0.01,0,High Risk,Personalized phone call with HR and benefits explanation
12627,0.05,0,High Risk,Personalized phone call with HR and benefits explanation
16739,1.0,1,Low Risk,Standard enrollment notification
19448,1.0,1,Low Risk,Standard enrollment notification
15783,1.0,1,Low Risk,Standard enrollment notification
16017,0.01,0,High Risk,Personalized phone call with HR and benefits explanation
13197,1.0,1,Low Risk,Standard enrollment notification
15409,1.0,1,Low Risk,Standard enrollment notification
16944,0.0,0,High Risk,Personalized phone call with HR and benefits explanation
12638,0.02,0,High Risk,Personalized phone call with HR and benefits explanation
19892,1.0,1,Low Risk,Standard enrollment notification
12222,1.0,1,Low Risk,Standard enrollment notification
19416,1.0,1,Low Risk,Standard enrollment notification
17547,0.91,1,Low Risk,Standard enrollment notification
17312,0.02,0,High Risk,Personalized phone call with HR and benefits explanation
15025,0.1,0,High Risk,Personalized phone call with HR and benefits explanation
17602,1.0,1,Low Risk,Standard enrollment notification
16175,1.0,1,Low Risk,Standard enrollment notification
19903,0.9,1,Low Risk,Standard enrollment notification
12896,0.99,1,Low Risk,Standard enrollment notification
14059,0.01,0,High Risk,Personalized phone call with HR and benefits explanation
19905,0.0,0,High Risk,Personalized phone call with HR and benefits explanation
18339,0.0,0,High Risk,Personalized phone call with HR and benefits explanation
12657,0.0,0,High Risk,Personalized phone call with HR and benefits explanation
18663,1.0,1,Low Risk,Standard enrollment notification
13413,1.0,1,Low Risk,Standard enrollment notification
18790,1.0,1,Low Risk,Standard enrollment notification
10010,0.02,0,High Risk,Personalized phone call with HR and benefits explanation
19065,0.01,0,High Risk,Personalized phone call with HR and benefits explanation
17225,1.0,1,Low Risk,Standard enrollment notification
12454,1.0,1,Low Risk,Standard enrollment notification
19439,0.01,0,High Risk,Personalized phone call with HR and benefits explanation
15575,0.07,0,High Risk,Personalized phone call with HR and benefits explanation
13066,1.0,1,Low Risk,Standard enrollment notification
16748,1.0,1,Low Risk,Standard enrollment notification
15534,1.0,1,Low Risk,Standard enrollment notification
11957,0.92,1,Low Risk,Standard enrollment notification
18479,0.08,0,High Risk,Personalized phone call with HR and benefits explanation
17246,1.0,1,Low Risk,Standard enrollment notification
17460,0.89,1,Low Risk,Standard enrollment notification
19749,0.01,0,High Risk,Personalized phone call with HR and benefits explanation
19562,0.01,0,High Risk,Personalized phone call with HR and benefits explanation
11483,0.01,0,High Risk,Personalized phone call with HR and benefits explanation
14245,0.95,1,Low Risk,Standard enrollment notification
18336,0.98,1,Low Risk,Standard enrollment notification
12731,1.0,1,Low Risk,Standard enrollment notification
17548,0.95,1,Low Risk,Standard enrollment notification
12494,0.99,1,Low Risk,Standard enrollment notification
14127,0.92,1,Low Risk,Standard enrollment notification
18968,0.91,1,Low Risk,Standard enrollment notification
10285,0.01,0,High Risk,Personalized phone call with HR and benefits explanation
13418,0.98,1,Low Risk,Standard enrollment notification
12037,0.18,0,High Risk,Personalized phone call with HR and benefits explanation
10821,1.0,1,Low Risk,Standard enrollment notification
19619,0.24,0,High Risk,Personalized phone call with HR and benefits explanation
16752,0.01,0,High Risk,Personalized phone call with HR and benefits explanation
13877,0.95,1,Low Risk,Standard enrollment notification
18054,0.87,1,Low Risk,Standard enrollment notification
18521,1.0,1,Low Risk,Standard enrollment notification
10525,0.97,1,Low Risk,Standard enrollment notification
10892,0.92,1,Low Risk,Standard enrollment notification
13593,0.84,1,Low Risk,Standard enrollment notification
16812,0.98,1,Low Risk,Standard enrollment notification
14671,1.0,1,Low Risk,Standard enrollment notification
16865,0.12,0,High Risk,Personalized phone call with HR and benefits explanation
17884,0.99,1,Low Risk,Standard enrollment notification
11530,0.05,0,High Risk,Personalized phone call with HR and benefits explanation
12943,0.91,1,Low Risk,Standard enrollment notification
10499,0.97,1,Low Risk,Standard enrollment notification
12547,0.98,1,Low Risk,Standard enrollment notification
12783,0.99,1,Low Risk,Standard enrollment notification
15080,0.09,0,High Risk,Personalized phone call with HR and benefits explanation
15980,0.97,1,Low Risk,Standard enrollment notification
14247,0.02,0,High Risk,Personalized phone call with HR and benefits explanation
10380,0.0,0,High Risk,Personalized phone call with HR and benefits explanation
12581,0.07,0,High Risk,Personalized phone call with HR and benefits explanation
15197,0.98,1,Low Risk,Standard enrollment notification
14865,0.02,0,High Risk,Personalized phone call with HR and benefits explanation
19323,0.98,1,Low Risk,Standard enrollment notification
17528,0.01,0,High Risk,Personalized phone call with HR and benefits explanation
10191,0.0,0,High Risk,Personalized phone call with HR and benefits explanation
17853,0.98,1,Low Risk,Standard enrollment notification
11721,0.01,0,High Risk,Personalized phone call with HR and benefits explanation
18410,0.85,1,Low Risk,Standard enrollment notification
16643,0.88,1,Low Risk,Standard enrollment notification
10021,0.17,0,High Risk,Personalized phone call with HR and benefits explanation
17238,0.01,0,High Risk,Personalized phone call with HR and benefits explanation
16575,1.0,1,Low Risk,Standard enrollment notification
13889,0.09,0,High Risk,Personalized phone call with HR and benefits explanation
12867,0.08,0,High Risk,Personalized phone call with HR and benefits explanation
12047,0.98,1,Low Risk,Standard enrollment notification
17509,0.95,1,Low Risk,Standard enrollment notification
19068,0.11,0,High Risk,Personalized phone call with HR and benefits explanation
15103,0.96,1,Low Risk,Standard enrollment notification
17450,0.0,0,High Risk,Personalized phone call with HR and benefits explanation
18901,1.0,1,Low Risk,Standard enrollment notification
18648,1.0,1,Low Risk,Standard enrollment notification
19308,0.97,1,Low Risk,Standard enrollment notification
17416,0.01,0,High Risk,Personalized phone call with HR and benefits explanation
10190,0.03,0,High Risk,Personalized phone call with HR and benefits explanation
18399,1.0,1,Low Risk,Standard enrollment notification
14907,1.0,1,Low Risk,Standard enrollment notification
10151,0.13,0,High Risk,Personalized phone call with HR and benefits explanation
16624,0.92,1,Low Risk,Standard enrollment notification
10023,0.88,1,Low Risk,Standard enrollment notification
11976,1.0,1,Low Risk,Standard enrollment notification
19886,0.96,1,Low Risk,Standard enrollment notification
18854,0.96,1,Low Risk,Standard enrollment notification
15428,1.0,1,Low Risk,Standard enrollment notification
16513,0.0,0,High Risk,Personalized phone call with HR and benefits explanation
17009,1.0,1,Low Risk,Standard enrollment notification
14754,0.08,0,High Risk,Personalized phone call with HR and benefits explanation
12356,1.0,1,Low Risk,Standard enrollment notification
17290,0.96,1,Low Risk,Standard enrollment notification
17792,1.0,1,Low Risk,Standard enrollment notification
11383,0.0,0,High Risk,Personalized phone call with HR and benefits explanation
11808,1.0,1,Low Risk,Standard enrollment notification
18863,1.0,1,Low Risk,Standard enrollment notification
12799,0.06,0,High Risk,Personalized phone call with HR and benefits explanation
10551,0.06,0,High Risk,Personalized phone call with HR and benefits explanation
16197,0.06,0,High Risk,Personalized phone call with HR and benefits explanation
12707,0.13,0,High Risk,Personalized phone call with HR and benefits explanation
18300,0.93,1,Low Risk,Standard enrollment notification
11289,0.95,1,Low Risk,Standard enrollment notification
16431,0.07,0,High Risk,Personalized phone call with HR and benefits explanation
19547,1.0,1,Low Risk,Standard enrollment notification
15036,1.0,1,Low Risk,Standard enrollment notification
17403,0.97,1,Low Risk,Standard enrollment notification
12818,0.05,0,High Risk,Personalized phone call with HR and benefits explanation
18270,0.02,0,High Risk,Personalized phone call with HR and benefits explanation
17483,0.06,0,High Risk,Personalized phone call with HR and benefits explanation
17616,0.07,0,High Risk,Personalized phone call with HR and benefits explanation
15999,0.97,1,Low Risk,Standard enrollment notification
19610,0.95,1,Low Risk,Standard enrollment notification
19329,0.14,0,High Risk,Personalized phone call with HR and benefits explanation
12104,1.0,1,Low Risk,Standard enrollment notification
15624,0.98,1,Low Risk,Standard enrollment notification
14437,0.99,1,Low Risk,Standard enrollment notification
12415,0.9,1,Low Risk,Standard enrollment notification
14991,0.81,1,Low Risk,Standard enrollment notification
12830,1.0,1,Low Risk,Standard enrollment notification
13604,0.0,0,High Risk,Personalized phone call with HR and benefits explanation
14517,0.99,1,Low Risk,Standard enrollment notification
14858,0.01,0,High Risk,Personalized phone call with HR and benefits explanation
13516,0.76,1,Low Risk,Standard enrollment notification
12390,0.98,1,Low Risk,Standard enrollment notification
16990,0.19,0,High Risk,Personalized phone call with HR and benefits explanation
17367,0.06,0,High Risk,Personalized phone call with HR and benefits explanation
10865,0.0,0,High Risk,Personalized phone call with HR and benefits explanation
11869,1.0,1,Low Risk,Standard enrollment notification
14085,0.9,1,Low Risk,Standard enrollment notification
10504,1.0,1,Low Risk,Standard enrollment notification
13442,0.06,0,High Risk,Personalized phone call with HR and benefits explanation
15675,1.0,1,Low Risk,Standard enrollment notification
19021,0.99,1,Low Risk,Standard enrollment notification
13805,0.16,0,High Risk,Personalized phone call with HR and benefits explanation
10770,1.0,1,Low Risk,Standard enrollment notification
10885,0.03,0,High Risk,Personalized phone call with HR and benefits explanation
15657,0.99,1,Low Risk,Standard enrollment notification
16628,0.01,0,High Risk,Personalized phone call with HR and benefits explanation
19168,0.94,1,Low Risk,Standard enrollment notification
16612,0.0,0,High Risk,Personalized phone call with HR and benefits explanation
12527,0.14,0,High Risk,Personalized phone call with HR and benefits explanation
18781,0.0,0,High Risk,Personalized phone call with HR and benefits explanation
12441,0.85,1,Low Risk,Standard enrollment notification
14006,0.01,0,High Risk,Personalized phone call with HR and benefits explanation
11287,0.07,0,High Risk,Personalized phone call with HR and benefits explanation
19102,0.09,0,High Risk,Personalized phone call with HR and benefits explanation
15389,0.93,1,Low Risk,Standard enrollment notification
13594,0.98,1,Low Risk,Standard enrollment notification
10711,0.03,0,High Risk,Personalized phone call with HR and benefits explanation
12341,1.0,1,Low Risk,Standard enrollment notification
11867,1.0,1,Low Risk,Standard enrollment notification
10099,1.0,1,Low Risk,Standard enrollment notification
14987,0.11,0,High Risk,Personalized phone call with HR and benefits explanation
11402,0.98,1,Low Risk,Standard enrollment notification
11983,1.0,1,Low Risk,Standard enrollment notification
16701,1.0,1,Low Risk,Standard enrollment notification
18814,0.97,1,Low Risk,Standard enrollment notification
15932,0.75,1,Low Risk,Standard enrollment notification
15136,0.05,0,High Risk,Personalized phone call with HR and benefits explanation
14354,1.0,1,Low Risk,Standard enrollment notification
14893,0.11,0,High Risk,Personalized phone call with HR and benefits explanation
12596,1.0,1,Low Risk,Standard enrollment notification
15052,1.0,1,Low Risk,Standard enrollment notification
15159,0.0,0,High Risk,Personalized phone call with HR and benefits explanation
16540,0.02,0,High Risk,Personalized phone call with HR and benefits explanation
11251,0.97,1,Low Risk,Standard enrollment notification
14674,0.07,0,High Risk,Personalized phone call with HR and benefits explanation
11466,0.95,1,Low Risk,Standard enrollment notification
18098,1.0,1,Low Risk,Standard enrollment notification
19658,0.99,1,Low Risk,Standard enrollment notification
15727,0.99,1,Low Risk,Standard enrollment notification
11399,0.0,0,High Risk,Personalized phone call with HR and benefits explanation
14767,0.13,0,High Risk,Personalized phone call with HR and benefits explanation
15359,0.02,0,High Risk,Personalized phone call with HR and benefits explanation
15523,0.97,1,Low Risk,Standard enrollment notification
12762,0.95,1,Low Risk,Standard enrollment notification
16415,0.26,0,High Risk,Personalized phone call with HR and benefits explanation
16257,0.1,0,High Risk,Personalized phone call with HR and benefits explanation
14368,0.97,1,Low Risk,Standard enrollment notification
12023,0.89,1,Low Risk,Standard enrollment notification
11197,0.12,0,High Risk,Personalized phone call with HR and benefits explanation
14513,0.99,1,Low Risk,Standard enrollment notification
11134,0.15,0,High Risk,Personalized phone call with HR and benefits explanation
12286,0.91,1,Low Risk,Standard enrollment notification
18484,1.0,1,Low Risk,Standard enrollment notification
15659,1.0,1,Low Risk,Standard enrollment notification
17414,0.97,1,Low Risk,Standard enrollment notification
16878,1.0,1,Low Risk,Standard enrollment notification
15400,1.0,1,Low Risk,Standard enrollment notification
13452,0.99,1,Low Risk,Standard enrollment notification
17545,0.0,0,High Risk,Personalized phone call with HR and benefits explanation
11012,0.0,0,High Risk,Personalized phone call with HR and benefits explanation
12644,0.0,0,High Risk,Personalized phone call with HR and benefits explanation
17222,0.24,0,High Risk,Personalized phone call with HR and benefits explanation
19598,0.01,0,High Risk,Personalized phone call with HR and benefits explanation
17249,0.95,1,Low Risk,Standard enrollment notification
11237,0.99,1,Low Risk,Standard enrollment notification
15800,0.99,1,Low Risk,Standard enrollment notification
19555,0.12,0,High Risk,Personalized phone call with HR and benefits explanation
14995,0.01,0,High Risk,Personalized phone call with HR and benefits explanation
19503,0.09,0,High Risk,Personalized phone call with HR and benefits explanation
17186,0.04,0,High Risk,Personalized phone call with HR and benefits explanation
19553,0.02,0,High Risk,Personalized phone call with HR and benefits explanation
13447,0.03,0,High Risk,Personalized phone call with HR and benefits explanation
14297,0.93,1,Low Risk,Standard enrollment notification
15824,0.0,0,High Risk,Personalized phone call with HR and benefits explanation
19105,1.0,1,Low Risk,Standard enrollment notification
16822,0.01,0,High Risk,Personalized phone call with HR and benefits explanation
11843,1.0,1,Low Risk,Standard enrollment notification
10735,1.0,1,Low Risk,Standard enrollment notification
10463,1.0,1,Low Risk,Standard enrollment notification
12740,0.15,0,High Risk,Personalized phone call with HR and benefits explanation
11207,0.96,1,Low Risk,Standard enrollment notification
16825,0.12,0,High Risk,Personalized phone call with HR and benefits explanation
12320,0.98,1,Low Risk,Standard enrollment notification
13065,0.99,1,Low Risk,Standard enrollment notification
10600,0.01,0,High Risk,Personalized phone call with HR and benefits explanation
18262,0.01,0,High Risk,Personalized phone call with HR and benefits explanation
13352,1.0,1,Low Risk,Standard enrollment notification
19382,0.99,1,Low Risk,Standard enrollment notification
13545,0.07,0,High Risk,Personalized phone call with HR and benefits explanation
10401,1.0,1,Low Risk,Standard enrollment notification
13322,0.88,1,Low Risk,Standard enrollment notification
16451,1.0,1,Low Risk,Standard enrollment notification
11777,0.97,1,Low Risk,Standard enrollment notification
19380,0.07,0,High Risk,Personalized phone call with HR and benefits explanation
10515,1.0,1,Low Risk,Standard enrollment notification
13163,0.02,0,High Risk,Personalized phone call with HR and benefits explanation
15141,0.86,1,Low Risk,Standard enrollment notification
16627,1.0,1,Low Risk,Standard enrollment notification
19371,0.0,0,High Risk,Personalized phone call with HR and benefits explanation
12545,0.99,1,Low Risk,Standard enrollment notification
17599,1.0,1,Low Risk,Standard enrollment notification
17263,0.08,0,High Risk,Personalized phone call with HR and benefits explanation
15246,0.05,0,High Risk,Personalized phone call with HR and benefits explanation
10815,0.03,0,High Risk,Personalized phone call with HR and benefits explanation
19202,0.93,1,Low Risk,Standard enrollment notification
18769,1.0,1,Low Risk,Standard enrollment notification
12207,0.14,0,High Risk,Personalized phone call with HR and benefits explanation
12753,0.93,1,Low Risk,Standard enrollment notification
14988,1.0,1,Low Risk,Standard enrollment notification
18739,0.96,1,Low Risk,Standard enrollment notification
19025,0.97,1,Low Risk,Standard enrollment notification
10704,1.0,1,Low Risk,Standard enrollment notification
10830,0.96,1,Low Risk,Standard enrollment notification
16523,0.08,0,High Risk,Personalized phone call with HR and benefits explanation
11036,0.02,0,High Risk,Personalized phone call with HR and benefits explanation
19452,0.97,1,Low Risk,Standard enrollment notification
10220,0.98,1,Low Risk,Standard enrollment notification
18555,0.84,1,Low Risk,Standard enrollment notification
13549,0.03,0,High Risk,Personalized phone call with HR and benefits explanation
19895,1.0,1,Low Risk,Standard enrollment notification
17138,0.01,0,High Risk,Personalized phone call with HR and benefits explanation
19252,0.06,0,High Risk,Personalized phone call with HR and benefits explanation
17835,1.0,1,Low Risk,Standard enrollment notification
16379,0.1,0,High Risk,Personalized phone call with HR and benefits explanation
19097,1.0,1,Low Risk,Standard enrollment notification
10017,0.99,1,Low Risk,Standard enrollment notification
19408,0.97,1,Low Risk,Standard enrollment notification
13644,1.0,1,Low Risk,Standard enrollment notification
12787,0.03,0,High Risk,Personalized phone call with HR and benefits explanation
10822,1.0,1,Low Risk,Standard enrollment notification
14624,0.03,0,High Risk,Personalized phone call with HR and benefits explanation
12678,0.96,1,Low Risk,Standard enrollment notification
15606,0.04,0,High Risk,Personalized phone call with HR and benefits explanation
14009,0.03,0,High Risk,Personalized phone call with HR and benefits explanation
15511,0.99,1,Low Risk,Standard enrollment notification
10517,1.0,1,Low Risk,Standard enrollment notification
16712,1.0,1,Low Risk,Standard enrollment notification
12049,0.07,0,High Risk,Personalized phone call with HR and benefits explanation
15839,0.91,1,Low Risk,Standard enrollment notification
19637,0.09,0,High Risk,Personalized phone call with HR and benefits explanation
17785,0.97,1,Low Risk,Standard enrollment notification
19060,0.02,0,High Risk,Personalized phone call with HR and benefits explanation
10601,1.0,1,Low Risk,Standard enrollment notification
12750,0.03,0,High Risk,Personalized phone call with HR and benefits explanation
18892,0.02,0,High Risk,Personalized phone call with HR and benefits explanation
13256,0.07,0,High Risk,Personalized phone call with HR and benefits explanation
17139,0.04,0,High Risk,Personalized phone call with HR and benefits explanation
17189,0.02,0,High Risk,Personalized phone call with HR and benefits explanation
12840,0.01,0,High Risk,Personalized phone call with HR and benefits explanation
16897,0.9,1,Low Risk,Standard enrollment notification
13236,0.0,0,High Risk,Personalized phone call with HR and benefits explanation
15600,0.02,0,High Risk,Personalized phone call with HR and benefits explanation
19044,0.96,1,Low Risk,Standard enrollment notification
19037,0.02,0,High Risk,Personalized phone call with HR and benefits explanation
17109,0.08,0,High Risk,Personalized phone call with HR and benefits explanation
17233,0.99,1,Low Risk,Standard enrollment notification
13037,0.01,0,High Risk,Personalized phone call with HR and benefits explanation
14951,0.01,0,High Risk,Personalized phone call with HR and benefits explanation
10488,0.99,1,Low Risk,Standard enrollment notification
14967,0.99,1,Low Risk,Standard enrollment notification
10593,0.98,1,Low Risk,Standard enrollment notification
11609,0.01,0,High Risk,Personalized phone call with HR and benefits explanation
18439,0.9,1,Low Risk,Standard enrollment notification
16538,0.99,1,Low Risk,Standard enrollment notification
18002,0.96,1,Low Risk,Standard enrollment notification
14196,0.77,1,Low Risk,Standard enrollment notification
17127,0.75,1,Low Risk,Standard enrollment notification
18733,0.11,0,High Risk,Personalized phone call with HR and benefits explanation
12075,0.99,1,Low Risk,Standard enrollment notification
19608,1.0,1,Low Risk,Standard enrollment notification
10358,0.0,0,High Risk,Personalized phone call with HR and benefits explanation
12850,0.03,0,High Risk,Personalized phone call with HR and benefits explanation
14849,1.0,1,Low Risk,Standard enrollment notification
13366,0.95,1,Low Risk,Standard enrollment notification
16841,1.0,1,Low Risk,Standard enrollment notification
10312,0.0,0,High Risk,Personalized phone call with HR and benefits explanation
13315,0.01,0,High Risk,Personalized phone call with HR and benefits explanation
13131,0.99,1,Low Risk,Standard enrollment notification
10254,0.95,1,Low Risk,Standard enrollment notification
14112,1.0,1,Low Risk,Standard enrollment notification
11962,0.0,0,High Risk,Personalized phone call with HR and benefits explanation
14300,0.03,0,High Risk,Personalized phone call with HR and benefits explanation
14133,0.99,1,Low Risk,Standard enrollment notification
13405,0.99,1,Low Risk,Standard enrollment notification
10436,1.0,1,Low Risk,Standard enrollment notification
10590,0.95,1,Low Risk,Standard enrollment notification
14002,0.95,1,Low Risk,Standard enrollment notification
16062,0.24,0,High Risk,Personalized phone call with HR and benefits explanation
13123,0.93,1,Low Risk,Standard enrollment notification
16855,1.0,1,Low Risk,Standard enrollment notification
12383,0.03,0,High Risk,Personalized phone call with HR and benefits explanation
16165,1.0,1,Low Risk,Standard enrollment notification
10013,0.97,1,Low Risk,Standard enrollment notification
14753,0.04,0,High Risk,Personalized phone call with HR and benefits explanation
15545,0.99,1,Low Risk,Standard enrollment notification
13804,0.01,0,High Risk,Personalized phone call with HR and benefits explanation
16584,0.99,1,Low Risk,Standard enrollment notification
19204,1.0,1,Low Risk,Standard enrollment notification
11531,0.0,0,High Risk,Personalized phone call with HR and benefits explanation
14637,1.0,1,Low Risk,Standard enrollment notification
13263,1.0,1,Low Risk,Standard enrollment notification
17207,0.0,0,High Risk,Personalized phone call with HR and benefits explanation
19138,0.05,0,High Risk,Personalized phone call with HR and benefits explanation
15022,1.0,1,Low Risk,Standard enrollment notification
13580,0.03,0,High Risk,Personalized phone call with HR and benefits explanation
11221,1.0,1,Low Risk,Standard enrollment notification
17899,0.01,0,High Risk,Personalized phone call with HR and benefits explanation
11496,1.0,1,Low Risk,Standard enrollment notification
14616,0.07,0,High Risk,Personalized phone call with HR and benefits explanation
17947,0.04,0,High Risk,Personalized phone call with HR and benefits explanation
18842,0.99,1,Low Risk,Standard enrollment notification
16502,0.95,1,Low Risk,Standard enrollment notification
14108,0.02,0,High Risk,Personalized phone call with HR and benefits explanation
12528,0.06,0,High Risk,Personalized phone call with HR and benefits explanation
18170,0.01,0,High Risk,Personalized phone call with HR and benefits explanation
18127,0.99,1,Low Risk,Standard enrollment notification
17199,1.0,1,Low Risk,Standard enrollment notification
17807,0.0,0,High Risk,Personalized phone call with HR and benefits explanation
13386,1.0,1,Low Risk,Standard enrollment notification
19510,0.99,1,Low Risk,Standard enrollment notification
11879,0.99,1,Low Risk,Standard enrollment notification
13149,0.97,1,Low Risk,Standard enrollment notification
11508,0.01,0,High Risk,Personalized phone call with HR and benefits explanation
14131,0.98,1,Low Risk,Standard enrollment notification
13170,0.0,0,High Risk,Personalized phone call with HR and benefits explanation
18816,1.0,1,Low Risk,Standard enrollment notification
14802,0.97,1,Low Risk,Standard enrollment notification
11845,0.06,0,High Risk,Personalized phone call with HR and benefits explanation
13044,0.87,1,Low Risk,Standard enrollment notification
17951,0.0,0,High Risk,Personalized phone call with HR and benefits explanation
11981,0.02,0,High Risk,Personalized phone call with HR and benefits explanation
14536,1.0,1,Low Risk,Standard enrollment notification
15176,0.97,1,Low Risk,Standard enrollment notification
12118,0.06,0,High Risk,Personalized phone call with HR and benefits explanation
12640,1.0,1,Low Risk,Standard enrollment notification
18333,1.0,1,Low Risk,Standard enrollment notification
15021,0.92,1,Low Risk,Standard enrollment notification
13715,1.0,1,Low Risk,Standard enrollment notification
11689,0.04,0,High Risk,Personalized phone call with HR and benefits explanation
18765,0.0,0,High Risk,Personalized phone call with HR and benefits explanation
15116,0.88,1,Low Risk,Standard enrollment notification
15653,0.07,0,High Risk,Personalized phone call with HR and benefits explanation
10903,1.0,1,Low Risk,Standard enrollment notification
11135,0.03,0,High Risk,Personalized phone call with HR and benefits explanation
18288,0.98,1,Low Risk,Standard enrollment notification
11109,1.0,1,Low Risk,Standard enrollment notification
14974,0.02,0,High Risk,Personalized phone call with HR and benefits explanation
13060,0.98,1,Low Risk,Standard enrollment notification
17631,0.1,0,High Risk,Personalized phone call with HR and benefits explanation
19644,0.98,1,Low Risk,Standard enrollment notification
15492,0.1,0,High Risk,Personalized phone call with HR and benefits explanation
17839,0.91,1,Low Risk,Standard enrollment notification
16433,0.81,1,Low Risk,Standard enrollment notification
10769,0.95,1,Low Risk,Standard enrollment notification
14850,0.02,0,High Risk,Personalized phone call with HR and benefits explanation
19836,0.99,1,Low Risk,Standard enrollment notification
19480,0.99,1,Low Risk,Standard enrollment notification
10618,0.03,0,High Risk,Personalized phone call with HR and benefits explanation
19995,0.99,1,Low Risk,Standard enrollment notification
12139,0.07,0,High Risk,Personalized phone call with HR and benefits explanation
17604,0.95,1,Low Risk,Standard enrollment notification
10796,0.0,0,High Risk,Personalized phone call with HR and benefits explanation
14912,0.04,0,High Risk,Personalized phone call with HR and benefits explanation
13838,0.96,1,Low Risk,Standard enrollment notification
16986,0.95,1,Low Risk,Standard enrollment notification
18938,0.97,1,Low Risk,Standard enrollment notification
13876,0.97,1,Low Risk,Standard enrollment notification
14734,0.03,0,High Risk,Personalized phone call with HR and benefits explanation
18519,0.94,1,Low Risk,Standard enrollment notification
18119,0.02,0,High Risk,Personalized phone call with HR and benefits explanation
13841,1.0,1,Low Risk,Standard enrollment notification
17000,0.07,0,High Risk,Personalized phone call with HR and benefits explanation
11326,0.83,1,Low Risk,Standard enrollment notification
19691,0.97,1,Low Risk,Standard enrollment notification
12165,1.0,1,Low Risk,Standard enrollment notification
16726,0.04,0,High Risk,Personalized phone call with HR and benefits explanation
13757,0.99,1,Low Risk,Standard enrollment notification
12111,0.99,1,Low Risk,Standard enrollment notification
11088,0.99,1,Low Risk,Standard enrollment notification
14078,0.99,1,Low Risk,Standard enrollment notification
18089,1.0,1,Low Risk,Standard enrollment notification
14254,0.98,1,Low Risk,Standard enrollment notification
14535,0.01,0,High Risk,Personalized phone call with HR and benefits explanation
16760,0.03,0,High Risk,Personalized phone call with HR and benefits explanation
16713,0.99,1,Low Risk,Standard enrollment notification
17581,0.97,1,Low Risk,Standard enrollment notification
11570,0.96,1,Low Risk,Standard enrollment notification
18900,0.01,0,High Risk,Personalized phone call with HR and benefits explanation
11238,0.09,0,High Risk,Personalized phone call with HR and benefits explanation
19133,0.97,1,Low Risk,Standard enrollment notification
12305,0.17,0,High Risk,Personalized phone call with HR and benefits explanation
19447,0.86,1,Low Risk,Standard enrollment notification
11604,0.97,1,Low Risk,Standard enrollment notification
19710,1.0,1,Low Risk,Standard enrollment notification
17618,1.0,1,Low Risk,Standard enrollment notification
18998,0.99,1,Low Risk,Standard enrollment notification
18396,0.03,0,High Risk,Personalized phone call with HR and benefits explanation
17365,0.94,1,Low Risk,Standard enrollment notification
16306,1.0,1,Low Risk,Standard enrollment notification
16157,0.06,0,High Risk,Personalized phone call with HR and benefits explanation
14975,0.05,0,High Risk,Personalized phone call with HR and benefits explanation
11540,0.0,0,High Risk,Personalized phone call with HR and benefits explanation
16285,0.98,1,Low Risk,Standard enrollment notification
10909,0.0,0,High Risk,Personalized phone call with HR and benefits explanation
10848,0.97,1,Low Risk,Standard enrollment notification
10462,0.99,1,Low Risk,Standard enrollment notification
17257,0.99,1,Low Risk,Standard enrollment notification
10814,1.0,1,Low Risk,Standard enrollment notification
17986,0.95,1,Low Risk,Standard enrollment notification
11523,0.07,0,High Risk,Personalized phone call with HR and benefits explanation
15890,0.99,1,Low Risk,Standard enrollment notification
11055,0.98,1,Low Risk,Standard enrollment notification
15987,0.85,1,Low Risk,Standard enrollment notification
16561,0.0,0,High Risk,Personalized phone call with HR and benefits explanation
12219,0.98,1,Low Risk,Standard enrollment notification
11807,0.06,0,High Risk,Personalized phone call with HR and benefits explanation
13742,0.01,0,High Risk,Personalized phone call with HR and benefits explanation
19813,0.01,0,High Risk,Personalized phone call with HR and benefits explanation
14140,0.04,0,High Risk,Personalized phone call with HR and benefits explanation
15277,0.02,0,High Risk,Personalized phone call with HR and benefits explanation
18881,0.04,0,High Risk,Personalized phone call with HR and benefits explanation
13261,0.99,1,Low Risk,Standard enrollment notification
12158,0.98,1,Low Risk,Standard enrollment notification
14833,0.99,1,Low Risk,Standard enrollment notification
10777,1.0,1,Low Risk,Standard enrollment notification
12860,0.99,1,Low Risk,Standard enrollment notification
13927,0.0,0,High Risk,Personalized phone call with HR and benefits explanation
17767,0.11,0,High Risk,Personalized phone call with HR and benefits explanation
17362,0.0,0,High Risk,Personalized phone call with HR and benefits explanation
19058,0.0,0,High Risk,Personalized phone call with HR and benefits explanation
14786,1.0,1,Low Risk,Standard enrollment notification
13599,0.99,1,Low Risk,Standard enrollment notification
18644,1.0,1,Low Risk,Standard enrollment notification
11534,0.98,1,Low Risk,Standard enrollment notification
14288,1.0,1,Low Risk,Standard enrollment notification
12274,0.02,0,High Risk,Personalized phone call with HR and benefits explanation
14749,1.0,1,Low Risk,Standard enrollment notification
18340,0.88,1,Low Risk,Standard enrollment notification
18767,0.99,1,Low Risk,Standard enrollment notification
16184,0.93,1,Low Risk,Standard enrollment notification
13344,1.0,1,Low Risk,Standard enrollment notification
15555,0.15,0,High Risk,Personalized phone call with HR and benefits explanation
14434,0.0,0,High Risk,Personalized phone call with HR and benefits explanation
11943,1.0,1,Low Risk,Standard enrollment notification
14992,0.97,1,Low Risk,Standard enrollment notification
18557,0.98,1,Low Risk,Standard enrollment notification
11733,0.98,1,Low Risk,Standard enrollment notification
11504,0.94,1,Low Risk,Standard enrollment notification
18640,0.0,0,High Risk,Personalized phone call with HR and benefits explanation
18330,0.13,0,High Risk,Personalized phone call with HR and benefits explanation
14224,0.98,1,Low Risk,Standard enrollment notification
12166,0.89,1,Low Risk,Standard enrollment notification
16622,1.0,1,Low Risk,Standard enrollment notification
19960,1.0,1,Low Risk,Standard enrollment notification
10820,0.03,0,High Risk,Personalized phone call with HR and benefits explanation
18008,0.04,0,High Risk,Personalized phone call with HR and benefits explanation
18193,1.0,1,Low Risk,Standard enrollment notification
17817,0.01,0,High Risk,Personalized phone call with HR and benefits explanation
19171,0.99,1,Low Risk,Standard enrollment notification
13738,0.07,0,High Risk,Personalized phone call with HR and benefits explanation
10031,0.0,0,High Risk,Personalized phone call with HR and benefits explanation
16354,0.99,1,Low Risk,Standard enrollment notification
14014,1.0,1,Low Risk,Standard enrollment notification
11655,1.0,1,Low Risk,Standard enrollment notification
17729,0.08,0,High Risk,Personalized phone call with HR and benefits explanation
19418,0.02,0,High Risk,Personalized phone call with HR and benefits explanation
11469,0.01,0,High Risk,Personalized phone call with HR and benefits explanation
19281,0.99,1,Low Risk,Standard enrollment notification
18824,0.09,0,High Risk,Personalized phone call with HR and benefits explanation
11227,0.12,0,High Risk,Personalized phone call with HR and benefits explanation
13279,0.08,0,High Risk,Personalized phone call with HR and benefits explanation
17463,1.0,1,Low Risk,Standard enrollment notification
13563,0.01,0,High Risk,Personalized phone call with HR and benefits explanation
13800,0.06,0,High Risk,Personalized phone call with HR and benefits explanation
19122,0.98,1,Low Risk,Standard enrollment notification
18802,0.98,1,Low Risk,Standard enrollment notification
15024,0.99,1,Low Risk,Standard enrollment notification
10863,0.89,1,Low Risk,Standard enrollment notification
19295,1.0,1,Low Risk,Standard enrollment notification
19824,0.97,1,Low Risk,Standard enrollment notification
10451,0.97,1,Low Risk,Standard enrollment notification
18694,0.97,1,Low Risk,Standard enrollment notification
12914,1.0,1,Low Risk,Standard enrollment notification
17413,0.99,1,Low Risk,Standard enrollment notification
11120,0.01,0,High Risk,Personalized phone call with HR and benefits explanation
11914,0.95,1,Low Risk,Standard enrollment notification
15878,0.96,1,Low Risk,Standard enrollment notification
11787,0.03,0,High Risk,Personalized phone call with HR and benefits explanation
14421,0.97,1,Low Risk,Standard enrollment notification
10092,0.11,0,High Risk,Personalized phone call with HR and benefits explanation
18130,0.97,1,Low Risk,Standard enrollment notification
19425,0.03,0,High Risk,Personalized phone call with HR and benefits explanation
16773,1.0,1,Low Risk,Standard enrollment notification
14553,0.0,0,High Risk,Personalized phone call with HR and benefits explanation
11354,1.0,1,Low Risk,Standard enrollment notification
16322,0.94,1,Low Risk,Standard enrollment notification
12338,0.92,1,Low Risk,Standard enrollment notification
19379,0.97,1,Low Risk,Standard enrollment notification
10431,0.97,1,Low Risk,Standard enrollment notification
15755,0.95,1,Low Risk,Standard enrollment notification
13155,0.0,0,High Risk,Personalized phone call with HR and benefits explanation
19621,0.12,0,High Risk,Personalized phone call with HR and benefits explanation
18068,0.98,1,Low Risk,Standard enrollment notification
17673,0.0,0,High Risk,Personalized phone call with HR and benefits explanation
19584,0.98,1,Low Risk,Standard enrollment notification
17611,1.0,1,Low Risk,Standard enrollment notification
12063,1.0,1,Low Risk,Standard enrollment notification
15978,0.94,1,Low Risk,Standard enrollment notification
15833,1.0,1,Low Risk,Standard enrollment notification
10410,0.98,1,Low Risk,Standard enrollment notification
19721,0.03,0,High Risk,Personalized phone call with HR and benefits explanation
16187,0.2,0,High Risk,Personalized phone call with HR and benefits explanation
10137,1.0,1,Low Risk,Standard enrollment notification
13678,0.98,1,Low Risk,Standard enrollment notification
12926,0.99,1,Low Risk,Standard enrollment notification
17699,0.83,1,Low Risk,Standard enrollment notification
16225,0.98,1,Low Risk,Standard enrollment notification
16599,1.0,1,Low Risk,Standard enrollment notification
13721,1.0,1,Low Risk,Standard enrollment notification
15563,0.96,1,Low Risk,Standard enrollment notification
19172,0.0,0,High Risk,Personalized phone call with HR and benefits explanation
14898,1.0,1,Low Risk,Standard enrollment notification
18670,0.05,0,High Risk,Personalized phone call with HR and benefits explanation
19654,0.03,0,High Risk,Personalized phone call with HR and benefits explanation
19229,1.0,1,Low Risk,Standard enrollment notification
12901,1.0,1,Low Risk,Standard enrollment notification
10533,0.11,0,High Risk,Personalized phone call with HR and benefits explanation
12281,1.0,1,Low Risk,Standard enrollment notification
19739,0.81,1,Low Risk,Standard enrollment notification
19143,1.0,1,Low Risk,Standard enrollment notification
17498,0.99,1,Low Risk,Standard enrollment notification
18500,0.0,0,High Risk,Personalized phone call with HR and benefits explanation
13892,0.91,1,Low Risk,Standard enrollment notification
10340,0.99,1,Low Risk,Standard enrollment notification
14636,0.0,0,High Risk,Personalized phone call with HR and benefits explanation
15766,0.99,1,Low Risk,Standard enrollment notification
13598,0.02,0,High Risk,Personalized phone call with HR and benefits explanation
18561,0.92,1,Low Risk,Standard enrollment notification
17488,1.0,1,Low Risk,Standard enrollment notification
11048,1.0,1,Low Risk,Standard enrollment notification
16926,1.0,1,Low Risk,Standard enrollment notification
10035,0.11,0,High Risk,Personalized phone call with HR and benefits explanation
19353,0.0,0,High Risk,Personalized phone call with HR and benefits explanation
17467,0.09,0,High Risk,Personalized phone call with HR and benefits explanation
19989,1.0,1,Low Risk,Standard enrollment notification
15628,1.0,1,Low Risk,Standard enrollment notification
15000,1.0,1,Low Risk,Standard enrollment notification
17035,1.0,1,Low Risk,Standard enrollment notification
14359,0.96,1,Low Risk,Standard enrollment notification
11917,0.04,0,High Risk,Personalized phone call with HR and benefits explanation
15248,0.08,0,High Risk,Personalized phone call with HR and benefits explanation
18686,0.0,0,High Risk,Personalized phone call with HR and benefits explanation
16393,0.96,1,Low Risk,Standard enrollment notification
18777,0.03,0,High Risk,Personalized phone call with HR and benefits explanation
17052,0.96,1,Low Risk,Standard enrollment notification
16744,0.03,0,High Risk,Personalized phone call with HR and benefits explanation
18782,0.99,1,Low Risk,Standard enrollment notification
16480,0.99,1,Low Risk,Standard enrollment notification
16806,0.03,0,High Risk,Personalized phone call with HR and benefits explanation
16607,0.01,0,High Risk,Personalized phone call with HR and benefits explanation
16266,0.02,0,High Risk,Personalized phone call with HR and benefits explanation
12838,0.0,0,High Risk,Personalized phone call with HR and benefits explanation
13769,0.23,0,High Risk,Personalized phone call with HR and benefits explanation
16326,0.99,1,Low Risk,Standard enrollment notification
13681,0.0,0,High Risk,Personalized phone call with HR and benefits explanation
10498,0.94,1,Low Risk,Standard enrollment notification
11860,0.05,0,High Risk,Personalized phone call with HR and benefits explanation
12479,1.0,1,Low Risk,Standard enrollment notification
15104,0.91,1,Low Risk,Standard enrollment notification
15122,0.09,0,High Risk,Personalized phone call with HR and benefits explanation
13988,0.0,0,High Risk,Personalized phone call with HR and benefits explanation
17690,1.0,1,Low Risk,Standard enrollment notification
13080,0.99,1,Low Risk,Standard enrollment notification
16256,0.91,1,Low Risk,Standard enrollment notification
10998,0.95,1,Low Risk,Standard enrollment notification
16746,1.0,1,Low Risk,Standard enrollment notification
13684,0.0,0,High Risk,Personalized phone call with HR and benefits explanation
11663,0.96,1,Low Risk,Standard enrollment notification
13717,1.0,1,Low Risk,Standard enrollment notification
17544,1.0,1,Low Risk,Standard enrollment notification
19006,0.99,1,Low Risk,Standard enrollment notification
10235,1.0,1,Low Risk,Standard enrollment notification
13524,1.0,1,Low Risk,Standard enrollment notification
12082,0.06,0,High Risk,Personalized phone call with HR and benefits explanation
18080,0.15,0,High Risk,Personalized phone call with HR and benefits explanation
11118,0.06,0,High Risk,Personalized phone call with HR and benefits explanation
14047,0.12,0,High Risk,Personalized phone call with HR and benefits explanation
10199,1.0,1,Low Risk,Standard enrollment notification
18857,0.0,0,High Risk,Personalized phone call with HR and benefits explanation
16160,1.0,1,Low Risk,Standard enrollment notification
18473,0.96,1,Low Risk,Standard enrollment notification
17393,0.0,0,High Risk,Personalized phone call with HR and benefits explanation
13669,0.03,0,High Risk,Personalized phone call with HR and benefits explanation
15791,0.0,0,High Risk,Personalized phone call with HR and benefits explanation
15941,0.04,0,High Risk,Personalized phone call with HR and benefits explanation
10548,1.0,1,Low Risk,Standard enrollment notification
19764,0.0,0,High Risk,Personalized phone call with HR and benefits explanation
14038,0.9,1,Low Risk,Standard enrollment notification
17099,1.0,1,Low Risk,Standard enrollment notification
11888,1.0,1,Low Risk,Standard enrollment notification
13205,0.05,0,High Risk,Personalized phone call with HR and benefits explanation
10565,0.95,1,Low Risk,Standard enrollment notification
14791,0.0,0,High Risk,Personalized phone call with HR and benefits explanation
18451,0.99,1,Low Risk,Standard enrollment notification
15344,0.99,1,Low Risk,Standard enrollment notification
18623,1.0,1,Low Risk,Standard enrollment notification
13162,0.02,0,High Risk,Personalized phone call with HR and benefits explanation
12797,0.02,0,High Risk,Personalized phone call with HR and benefits explanation
10238,0.97,1,Low Risk,Standard enrollment notification
11051,0.04,0,High Risk,Personalized phone call with HR and benefits explanation
16740,0.92,1,Low Risk,Standard enrollment notification
14801,1.0,1,Low Risk,Standard enrollment notification
19799,1.0,1,Low Risk,Standard enrollment notification
15429,0.96,1,Low Risk,Standard enrollment notification
13396,0.0,0,High Risk,Personalized phone call with HR and benefits explanation
19169,0.98,1,Low Risk,Standard enrollment notification
13848,0.09,0,High Risk,Personalized phone call with HR and benefits explanation
10299,0.04,0,High Risk,Personalized phone call with HR and benefits explanation
13558,1.0,1,Low Risk,Standard enrollment notification
11117,0.0,0,High Risk,Personalized phone call with HR and benefits explanation
15496,0.98,1,Low Risk,Standard enrollment notification
11804,1.0,1,Low Risk,Standard enrollment notification
13043,0.0,0,High Risk,Personalized phone call with HR and benefits explanation
11439,1.0,1,Low Risk,Standard enrollment notification
17316,0.95,1,Low Risk,Standard enrollment notification
12979,0.99,1,Low Risk,Standard enrollment notification
14337,1.0,1,Low Risk,Standard enrollment notification
19513,0.99,1,Low Risk,Standard enrollment notification
15255,0.99,1,Low Risk,Standard enrollment notification
18760,0.95,1,Low Risk,Standard enrollment notification
10456,1.0,1,Low Risk,Standard enrollment notification
15540,1.0,1,Low Risk,Standard enrollment notification
12975,0.98,1,Low Risk,Standard enrollment notification
17741,0.0,0,High Risk,Personalized phone call with HR and benefits explanation
16802,0.99,1,Low Risk,Standard enrollment notification
17042,0.98,1,Low Risk,Standard enrollment notification
10106,0.99,1,Low Risk,Standard enrollment notification
11894,0.96,1,Low Risk,Standard enrollment notification
14824,1.0,1,Low Risk,Standard enrollment notification
18283,0.07,0,High Risk,Personalized phone call with HR and benefits explanation
15923,0.06,0,High Risk,Personalized phone call with HR and benefits explanation
13379,0.97,1,Low Risk,Standard enrollment notification
17278,1.0,1,Low Risk,Standard enrollment notification
12976,0.2,0,High Risk,Personalized phone call with HR and benefits explanation
17826,0.02,0,High Risk,Personalized phone call with HR and benefits explanation
10823,0.99,1,Low Risk,Standard enrollment notification
17298,0.02,0,High Risk,Personalized phone call with HR and benefits explanation
15712,0.0,0,High Risk,Personalized phone call with HR and benefits explanation
11006,1.0,1,Low Risk,Standard enrollment notification
14293,0.88,1,Low Risk,Standard enrollment notification
19370,0.0,0,High Risk,Personalized phone call with HR and benefits explanation
12654,1.0,1,Low Risk,Standard enrollment notification
16715,1.0,1,Low Risk,Standard enrollment notification
18343,0.07,0,High Risk,Personalized phone call with HR and benefits explanation
16482,1.0,1,Low Risk,Standard enrollment notification
19992,0.09,0,High Risk,Personalized phone call with HR and benefits explanation
19750,1.0,1,Low Risk,Standard enrollment notification
16971,0.97,1,Low Risk,Standard enrollment notification
16337,0.87,1,Low Risk,Standard enrollment notification
17340,1.0,1,Low Risk,Standard enrollment notification
10627,0.02,0,High Risk,Personalized phone call with HR and benefits explanation
16371,0.0,0,High Risk,Personalized phone call with HR and benefits explanation
11365,0.02,0,High Risk,Personalized phone call with HR and benefits explanation
13830,0.02,0,High Risk,Personalized phone call with HR and benefits explanation
19445,0.01,0,High Risk,Personalized phone call with HR and benefits explanation
10024,0.04,0,High Risk,Personalized phone call with HR and benefits explanation
19355,0.03,0,High Risk,Personalized phone call with HR and benefits explanation
19935,0.99,1,Low Risk,Standard enrollment notification
11944,1.0,1,Low Risk,Standard enrollment notification
18906,0.95,1,Low Risk,Standard enrollment notification
14527,0.98,1,Low Risk,Standard enrollment notification
10721,1.0,1,Low Risk,Standard enrollment notification
12844,0.01,0,High Risk,Personalized phone call with HR and benefits explanation
19146,0.91,1,Low Risk,Standard enrollment notification
13947,1.0,1,Low Risk,Standard enrollment notification
15775,1.0,1,Low Risk,Standard enrollment notification
17834,0.97,1,Low Risk,Standard enrollment notification
16412,1.0,1,Low Risk,Standard enrollment notification
19941,1.0,1,Low Risk,Standard enrollment notification
12878,1.0,1,Low Risk,Standard enrollment notification
15402,0.98,1,Low Risk,Standard enrollment notification
14168,0.02,0,High Risk,Personalized phone call with HR and benefits explanation
13910,1.0,1,Low Risk,Standard enrollment notification
11211,0.02,0,High Risk,Personalized phone call with HR and benefits explanation
16244,0.98,1,Low Risk,Standard enrollment notification
10179,0.96,1,Low Risk,Standard enrollment notification
19099,0.93,1,Low Risk,Standard enrollment notification
19971,0.04,0,High Risk,Personalized phone call with HR and benefits explanation
10620,0.84,1,Low Risk,Standard enrollment notification
18014,1.0,1,Low Risk,Standard enrollment notification
12624,0.97,1,Low Risk,Standard enrollment notification
12561,0.92,1,Low Risk,Standard enrollment notification
18742,1.0,1,Low Risk,Standard enrollment notification
18852,0.06,0,High Risk,Personalized phone call with HR and benefits explanation
14190,0.98,1,Low Risk,Standard enrollment notification
16924,0.99,1,Low Risk,Standard enrollment notification
14239,1.0,1,Low Risk,Standard enrollment notification
18899,0.96,1,Low Risk,Standard enrollment notification
19142,0.0,0,High Risk,Personalized phone call with HR and benefits explanation
16618,0.98,1,Low Risk,Standard enrollment notification
13772,0.99,1,Low Risk,Standard enrollment notification
11933,0.95,1,Low Risk,Standard enrollment notification
13036,0.94,1,Low Risk,Standard enrollment notification
17270,1.0,1,Low Risk,Standard enrollment notification
17478,1.0,1,Low Risk,Standard enrollment notification
18947,0.01,0,High Risk,Personalized phone call with HR and benefits explanation
17524,0.03,0,High Risk,Personalized phone call with HR and benefits explanation
18212,0.0,0,High Risk,Personalized phone call with HR and benefits explanation
19612,0.21,0,High Risk,Personalized phone call with HR and benefits explanation
10041,0.97,1,Low Risk,Standard enrollment notification
15982,0.01,0,High Risk,Personalized phone call with HR and benefits explanation
10827,0.99,1,Low Risk,Standard enrollment notification
14814,0.08,0,High Risk,Personalized phone call with HR and benefits explanation
16021,0.07,0,High Risk,Personalized phone call with HR and benefits explanation
13133,0.1,0,High Risk,Personalized phone call with HR and benefits explanation
17925,0.95,1,Low Risk,Standard enrollment notification
18646,0.97,1,Low Risk,Standard enrollment notification
18721,0.98,1,Low Risk,Standard enrollment notification
18585,0.02,0,High Risk,Personalized phone call with HR and benefits explanation
18383,0.0,0,High Risk,Personalized phone call with HR and benefits explanation
19922,1.0,1,Low Risk,Standard enrollment notification
19882,0.06,0,High Risk,Personalized phone call with HR and benefits explanation
10528,1.0,1,Low Risk,Standard enrollment notification
13490,0.99,1,Low Risk,Standard enrollment notification
16150,0.0,0,High Risk,Personalized phone call with HR and benefits explanation
13296,0.91,1,Low Risk,Standard enrollment notification
15754,0.97,1,Low Risk,Standard enrollment notification
12319,0.0,0,High Risk,Personalized phone call with HR and benefits explanation
16044,0.0,0,High Risk,Personalized phone call with HR and benefits explanation
12692,1.0,1,Low Risk,Standard enrollment notification
16279,0.97,1,Low Risk,Standard enrollment notification
14449,0.02,0,High Risk,Personalized phone call with HR and benefits explanation
10895,0.97,1,Low Risk,Standard enrollment notification
14586,1.0,1,Low Risk,Standard enrollment notification
14621,0.97,1,Low Risk,Standard enrollment notification
13972,0.14,0,High Risk,Personalized phone call with HR and benefits explanation
17520,0.0,0,High Risk,Personalized phone call with HR and benefits explanation
10911,0.01,0,High Risk,Personalized phone call with HR and benefits explanation
12542,0.0,0,High Risk,Personalized phone call with HR and benefits explanation
12006,1.0,1,Low Risk,Standard enrollment notification
14600,1.0,1,Low Risk,Standard enrollment notification
10559,1.0,1,Low Risk,Standard enrollment notification
10125,0.01,0,High Risk,Personalized phone call with HR and benefits explanation
11471,0.01,0,High Risk,Personalized phone call with HR and benefits explanation
15650,0.98,1,Low Risk,Standard enrollment notification
15381,0.94,1,Low Risk,Standard enrollment notification
19618,0.0,0,High Risk,Personalized phone call with HR and benefits explanation
17445,0.06,0,High Risk,Personalized phone call with HR and benefits explanation
15191,0.97,1,Low Risk,Standard enrollment notification
12019,0.1,0,High Risk,Personalized phone call with HR and benefits explanation
11775,0.02,0,High Risk,Personalized phone call with HR and benefits explanation
11213,0.0,0,High Risk,Personalized phone call with HR and benefits explanation
11184,0.06,0,High Risk,Personalized phone call with HR and benefits explanation
10225,0.0,0,High Risk,Personalized phone call with HR and benefits explanation
18486,0.99,1,Low Risk,Standard enrollment notification
11952,0.96,1,Low Risk,Standard enrollment notification
17250,0.1,0,High Risk,Personalized phone call with HR and benefits explanation
15137,0.98,1,Low Risk,Standard enrollment notification
10429,0.96,1,Low Risk,Standard enrollment notification
19904,0.0,0,High Risk,Personalized phone call with HR and benefits explanation
11372,0.95,1,Low Risk,Standard enrollment notification
15454,0.89,1,Low Risk,Standard enrollment notification
14781,1.0,1,Low Risk,Standard enrollment notification
19781,0.01,0,High Risk,Personalized phone call with HR and benefits explanation
13252,1.0,1,Low Risk,Standard enrollment notification
10828,1.0,1,Low Risk,Standard enrollment notification
13310,0.97,1,Low Risk,Standard enrollment notification
14729,0.04,0,High Risk,Personalized phone call with HR and benefits explanation
13745,1.0,1,Low Risk,Standard enrollment notification
15338,0.04,0,High Risk,Personalized phone call with HR and benefits explanation
12526,0.01,0,High Risk,Personalized phone call with HR and benefits explanation
11672,0.0,0,High Risk,Personalized phone call with HR and benefits explanation
15557,0.04,0,High Risk,Personalized phone call with HR and benefits explanation
15494,1.0,1,Low Risk,Standard enrollment notification
12859,0.0,0,High Risk,Personalized phone call with HR and benefits explanation
11278,0.0,0,High Risk,Personalized phone call with HR and benefits explanation
17279,1.0,1,Low Risk,Standard enrollment notification
10746,0.99,1,Low Risk,Standard enrollment notification
15845,0.01,0,High Risk,Personalized phone call with HR and benefits explanation
18611,1.0,1,Low Risk,Standard enrollment notification
14694,1.0,1,Low Risk,Standard enrollment notification
10142,0.02,0,High Risk,Personalized phone call with HR and benefits explanation
19113,0.0,0,High Risk,Personalized phone call with HR and benefits explanation
14901,0.07,0,High Risk,Personalized phone call with HR and benefits explanation
19002,0.04,0,High Risk,Personalized phone call with HR and benefits explanation
15302,0.99,1,Low Risk,Standard enrollment notification
18953,0.09,0,High Risk,Personalized phone call with HR and benefits explanation
18976,0.04,0,High Risk,Personalized phone call with HR and benefits explanation
12249,0.95,1,Low Risk,Standard enrollment notification
10455,1.0,1,Low Risk,Standard enrollment notification
14869,0.0,0,High Risk,Personalized phone call with HR and benefits explanation
16857,1.0,1,Low Risk,Standard enrollment notification
10507,0.0,0,High Risk,Personalized phone call with HR and benefits explanation
17407,0.03,0,High Risk,Personalized phone call with HR and benefits explanation
13652,0.07,0,High Risk,Personalized phone call with HR and benefits explanation
10441,0.0,0,High Risk,Personalized phone call with HR and benefits explanation
13251,1.0,1,Low Risk,Standard enrollment notification
16577,0.02,0,High Risk,Personalized phone call with HR and benefits explanation
11828,0.0,0,High Risk,Personalized phone call with HR and benefits explanation
10111,0.95,1,Low Risk,Standard enrollment notification
17296,1.0,1,Low Risk,Standard enrollment notification
12997,0.79,1,Low Risk,Standard enrollment notification
17107,0.99,1,Low Risk,Standard enrollment notification
13201,0.01,0,High Risk,Personalized phone call with HR and benefits explanation
11518,0.95,1,Low Risk,Standard enrollment notification
10985,1.0,1,Low Risk,Standard enrollment notification
10715,0.99,1,Low Risk,Standard enrollment notification
11746,1.0,1,Low Risk,Standard enrollment notification
15802,0.99,1,Low Risk,Standard enrollment notification
11583,1.0,1,Low Risk,Standard enrollment notification
15067,0.12,0,High Risk,Personalized phone call with HR and benefits explanation
12448,1.0,1,Low Risk,Standard enrollment notification
15939,1.0,1,Low Risk,Standard enrollment notification
19540,0.97,1,Low Risk,Standard enrollment notification
17969,0.15,0,High Risk,Personalized phone call with HR and benefits explanation
13099,0.95,1,Low Risk,Standard enrollment notification
18595,0.02,0,High Risk,Personalized phone call with HR and benefits explanation
10377,1.0,1,Low Risk,Standard enrollment notification
19679,0.01,0,High Risk,Personalized phone call with HR and benefits explanation
10206,0.03,0,High Risk,Personalized phone call with HR and benefits explanation
16308,0.0,0,High Risk,Personalized phone call with HR and benefits explanation
12195,0.02,0,High Risk,Personalized phone call with HR and benefits explanation
15473,0.97,1,Low Risk,Standard enrollment notification
17562,0.01,0,High Risk,Personalized phone call with HR and benefits explanation
18077,0.94,1,Low Risk,Standard enrollment notification
19568,0.99,1,Low Risk,Standard enrollment notification
12179,0.99,1,Low Risk,Standard enrollment notification
16033,0.07,0,High Risk,Personalized phone call with HR and benefits explanation
13702,0.1,0,High Risk,Personalized phone call with HR and benefits explanation
17082,1.0,1,Low Risk,Standard enrollment notification
16514,0.1,0,High Risk,Personalized phone call with HR and benefits explanation
13529,0.99,1,Low Risk,Standard enrollment notification
10419,1.0,1,Low Risk,Standard enrollment notification
10284,0.0,0,High Risk,Personalized phone call with HR and benefits explanation
13551,0.04,0,High Risk,Personalized phone call with HR and benefits explanation
14075,0.98,1,Low Risk,Standard enrollment notification
10872,0.03,0,High Risk,Personalized phone call with HR and benefits explanation
12146,0.0,0,High Risk,Personalized phone call with HR and benefits explanation
18937,0.95,1,Low Risk,Standard enrollment notification
10355,0.02,0,High Risk,Personalized phone call with HR and benefits explanation
19205,0.99,1,Low Risk,Standard enrollment notification
18518,1.0,1,Low Risk,Standard enrollment notification
12363,0.98,1,Low Risk,Standard enrollment notification
16770,0.97,1,Low Risk,Standard enrollment notification
19256,1.0,1,Low Risk,Standard enrollment notification
16854,0.01,0,High Risk,Personalized phone call with HR and benefits explanation
19053,0.97,1,Low Risk,Standard enrollment notification
15262,1.0,1,Low Risk,Standard enrollment notification
15756,1.0,1,Low Risk,Standard enrollment notification
11141,0.99,1,Low Risk,Standard enrollment notification
15693,0.98,1,Low Risk,Standard enrollment notification
16946,0.96,1,Low Risk,Standard enrollment notification
15566,0.99,1,Low Risk,Standard enrollment notification
19791,0.88,1,Low Risk,Standard enrollment notification
15698,0.99,1,Low Risk,Standard enrollment notification
14187,0.99,1,Low Risk,Standard enrollment notification
16544,0.03,0,High Risk,Personalized phone call with HR and benefits explanation
14555,0.09,0,High Risk,Personalized phone call with HR and benefits explanation
12024,0.0,0,High Risk,Personalized phone call with HR and benefits explanation
11634,0.06,0,High Risk,Personalized phone call with HR and benefits explanation
11639,0.03,0,High Risk,Personalized phone call with HR and benefits explanation
10779,0.01,0,High Risk,Personalized phone call with HR and benefits explanation
18883,0.29,0,High Risk,Personalized phone call with HR and benefits explanation
14522,0.08,0,High Risk,Personalized phone call with HR and benefits explanation
13736,0.04,0,High Risk,Personalized phone call with HR and benefits explanation
10376,1.0,1,Low Risk,Standard enrollment notification
12423,0.98,1,Low Risk,Standard enrollment notification
14980,1.0,1,Low Risk,Standard enrollment notification
15697,0.05,0,High Risk,Personalized phone call with HR and benefits explanation
14788,0.02,0,High Risk,Personalized phone call with HR and benefits explanation
19438,0.96,1,Low Risk,Standard enrollment notification
18851,1.0,1,Low Risk,Standard enrollment notification
16020,0.05,0,High Risk,Personalized phone call with HR and benefits explanation
17940,1.0,1,Low Risk,Standard enrollment notification
16954,0.02,0,High Risk,Personalized phone call with HR and benefits explanation
18304,0.02,0,High Risk,Personalized phone call with HR and benefits explanation
14414,1.0,1,Low Risk,Standard enrollment notification
13347,0.99,1,Low Risk,Standard enrollment notification
11169,1.0,1,Low Risk,Standard enrollment notification
18462,0.13,0,High Risk,Personalized phone call with HR and benefits explanation
11903,0.96,1,Low Risk,Standard enrollment notification
10631,0.99,1,Low Risk,Standard enrollment notification
14605,0.93,1,Low Risk,Standard enrollment notification
14330,0.02,0,High Risk,Personalized phone call with HR and benefits explanation
19554,0.02,0,High Risk,Personalized phone call with HR and benefits explanation
13209,0.99,1,Low Risk,Standard enrollment notification
12595,0.99,1,Low Risk,Standard enrollment notification
10177,0.99,1,Low Risk,Standard enrollment notification
13631,0.99,1,Low Risk,Standard enrollment notification
13898,1.0,1,Low Risk,Standard enrollment notification
19751,1.0,1,Low Risk,Standard enrollment notification
16870,0.99,1,Low Risk,Standard enrollment notification
19897,0.99,1,Low Risk,Standard enrollment notification
19716,0.97,1,Low Risk,Standard enrollment notification
14851,0.0,0,High Risk,Personalized phone call with HR and benefits explanation
14888,1.0,1,Low Risk,Standard enrollment notification
13787,0.05,0,High Risk,Personalized phone call with HR and benefits explanation
13934,0.93,1,Low Risk,Standard enrollment notification
11551,1.0,1,Low Risk,Standard enrollment notification
19155,0.02,0,High Risk,Personalized phone call with HR and benefits explanation
19078,0.02,0,High Risk,Personalized phone call with HR and benefits explanation
10126,0.0,0,High Risk,Personalized phone call with HR and benefits explanation
16896,0.06,0,High Risk,Personalized phone call with HR and benefits explanation
13782,1.0,1,Low Risk,Standard enrollment notification
19736,1.0,1,Low Risk,Standard enrollment notification
13367,1.0,1,Low Risk,Standard enrollment notification
19966,0.01,0,High Risk,Personalized phone call with HR and benefits explanation
11600,0.0,0,High Risk,Personalized phone call with HR and benefits explanation
11503,0.97,1,Low Risk,Standard enrollment notification
18714,1.0,1,Low Risk,Standard enrollment notification
17623,0.98,1,Low Risk,Standard enrollment notification
12015,0.97,1,Low Risk,Standard enrollment notification
13206,0.99,1,Low Risk,Standard enrollment notification
16858,0.99,1,Low Risk,Standard enrollment notification
17906,0.0,0,High Risk,Personalized phone call with HR and benefits explanation
12440,0.89,1,Low Risk,Standard enrollment notification
17701,0.96,1,Low Risk,Standard enrollment notification
18324,0.97,1,Low Risk,Standard enrollment notification
19301,1.0,1,Low Risk,Standard enrollment notification
11417,0.01,0,High Risk,Personalized phone call with HR and benefits explanation
15261,0.97,1,Low Risk,Standard enrollment notification
19141,1.0,1,Low Risk,Standard enrollment notification
18494,0.98,1,Low Risk,Standard enrollment notification
17252,0.01,0,High Risk,Personalized phone call with HR and benefits explanation
18893,0.11,0,High Risk,Personalized phone call with HR and benefits explanation
15265,0.89,1,Low Risk,Standard enrollment notification
11416,0.99,1,Low Risk,Standard enrollment notification
15004,0.99,1,Low Risk,Standard enrollment notification
14332,0.98,1,Low Risk,Standard enrollment notification
14397,0.98,1,Low Risk,Standard enrollment notification
12741,0.01,0,High Risk,Personalized phone call with HR and benefits explanation
17738,0.98,1,Low Risk,Standard enrollment notification
19161,0.1,0,High Risk,Personalized phone call with HR and benefits explanation
15926,0.97,1,Low Risk,Standard enrollment notification
14531,0.04,0,High Risk,Personalized phone call with HR and benefits explanation
11830,0.0,0,High Risk,Personalized phone call with HR and benefits explanation
18164,0.0,0,High Risk,Personalized phone call with HR and benefits explanation
17963,0.0,0,High Risk,Personalized phone call with HR and benefits explanation
16609,0.05,0,High Risk,Personalized phone call with HR and benefits explanation
18424,0.97,1,Low Risk,Standard enrollment notification
19671,0.98,1,Low Risk,Standard enrollment notification
14959,0.09,0,High Risk,Personalized phone call with HR and benefits explanation
18582,0.01,0,High Risk,Personalized phone call with HR and benefits explanation
15237,0.88,1,Low Risk,Standard enrollment notification
10873,0.05,0,High Risk,Personalized phone call with HR and benefits explanation
10936,0.06,0,High Risk,Personalized phone call with HR and benefits explanation
16455,0.94,1,Low Risk,Standard enrollment notification
17240,0.09,0,High Risk,Personalized phone call with HR and benefits explanation
17973,0.99,1,Low Risk,Standard enrollment notification
12746,1.0,1,Low Risk,Standard enrollment notification
18727,0.18,0,High Risk,Personalized phone call with HR and benefits explanation
11934,1.0,1,Low Risk,Standard enrollment notification
17415,0.01,0,High Risk,Personalized phone call with HR and benefits explanation
17409,0.78,1,Low Risk,Standard enrollment notification
16475,0.0,0,High Risk,Personalized phone call with HR and benefits explanation
16968,0.0,0,High Risk,Personalized phone call with HR and benefits explanation
18159,1.0,1,Low Risk,Standard enrollment notification
10929,0.97,1,Low Risk,Standard enrollment notification
17720,1.0,1,Low Risk,Standard enrollment notification
16010,0.09,0,High Risk,Personalized phone call with HR and benefits explanation
13863,0.12,0,High Risk,Personalized phone call with HR and benefits explanation
14378,0.99,1,Low Risk,Standard enrollment notification
19216,1.0,1,Low Risk,Standard enrollment notification
13002,0.04,0,High Risk,Personalized phone call with HR and benefits explanation
15870,0.96,1,Low Risk,Standard enrollment notification
15946,0.98,1,Low Risk,Standard enrollment notification
17689,0.94,1,Low Risk,Standard enrollment notification
11579,1.0,1,Low Risk,Standard enrollment notification
14436,0.01,0,High Risk,Personalized phone call with HR and benefits explanation
12510,0.99,1,Low Risk,Standard enrollment notification
10898,1.0,1,Low Risk,Standard enrollment notification
19096,0.11,0,High Risk,Personalized phone call with HR and benefits explanation
13957,0.01,0,High Risk,Personalized phone call with HR and benefits explanation
14492,0.97,1,Low Risk,Standard enrollment notification
14275,0.0,0,High Risk,Personalized phone call with HR and benefits explanation
18751,0.98,1,Low Risk,Standard enrollment notification
17132,0.08,0,High Risk,Personalized phone call with HR and benefits explanation
13019,0.04,0,High Risk,Personalized phone call with HR and benefits explanation
15164,0.98,1,Low Risk,Standard enrollment notification
10803,0.0,0,High Risk,Personalized phone call with HR and benefits explanation
11919,0.0,0,High Risk,Personalized phone call with HR and benefits explanation
17829,1.0,1,Low Risk,Standard enrollment notification
17443,0.0,0,High Risk,Personalized phone call with HR and benefits explanation
10207,0.0,0,High Risk,Personalized phone call with HR and benefits explanation
13100,0.99,1,Low Risk,Standard enrollment notification
14548,1.0,1,Low Risk,Standard enrollment notification
19180,0.92,1,Low Risk,Standard enrollment notification
12988,0.95,1,Low Risk,Standard enrollment notification
10070,0.97,1,Low Risk,Standard enrollment notification
12386,0.0,0,High Risk,Personalized phone call with HR and benefits explanation
19160,0.09,0,High Risk,Personalized phone call with HR and benefits explanation
17642,0.94,1,Low Risk,Standard enrollment notification
10993,0.95,1,Low Risk,Standard enrollment notification
13320,0.96,1,Low Risk,Standard enrollment notification
13374,0.99,1,Low Risk,Standard enrollment notification
16100,0.98,1,Low Risk,Standard enrollment notification
13665,0.98,1,Low Risk,Standard enrollment notification
19201,1.0,1,Low Risk,Standard enrollment notification
16716,0.0,0,High Risk,Personalized phone call with HR and benefits explanation
12167,0.99,1,Low Risk,Standard enrollment notification
15316,1.0,1,Low Risk,Standard enrollment notification
14031,0.91,1,Low Risk,Standard enrollment notification
10859,0.95,1,Low Risk,Standard enrollment notification
10466,0.99,1,Low Risk,Standard enrollment notification
19902,0.93,1,Low Risk,Standard enrollment notification
16134,0.05,0,High Risk,Personalized phone call with HR and benefits explanation
10297,1.0,1,Low Risk,Standard enrollment notification
15694,0.99,1,Low Risk,Standard enrollment notification
19767,0.98,1,Low Risk,Standard enrollment notification
11359,1.0,1,Low Risk,Standard enrollment notification
19176,0.0,0,High Risk,Personalized phone call with HR and benefits explanation
16265,0.0,0,High Risk,Personalized phone call with HR and benefits explanation
19890,0.96,1,Low Risk,Standard enrollment notification
16913,0.02,0,High Risk,Personalized phone call with HR and benefits explanation
17736,0.96,1,Low Risk,Standard enrollment notification
14676,1.0,1,Low Risk,Standard enrollment notification
19826,0.01,0,High Risk,Personalized phone call with HR and benefits explanation
16338,0.99,1,Low Risk,Standard enrollment notification
12571,0.13,0,High Risk,Personalized phone call with HR and benefits explanation
13903,0.94,1,Low Risk,Standard enrollment notification
12544,0.99,1,Low Risk,Standard enrollment notification
17932,1.0,1,Low Risk,Standard enrollment notification
12091,0.97,1,Low Risk,Standard enrollment notification
19005,0.04,0,High Risk,Personalized phone call with HR and benefits explanation
17698,0.11,0,High Risk,Personalized phone call with HR and benefits explanation
11256,1.0,1,Low Risk,Standard enrollment notification
12155,0.18,0,High Risk,Personalized phone call with HR and benefits explanation
11288,0.0,0,High Risk,Personalized phone call with HR and benefits explanation
12873,0.98,1,Low Risk,Standard enrollment notification
18043,0.99,1,Low Risk,Standard enrollment notification
16417,0.96,1,Low Risk,Standard enrollment notification
17718,0.0,0,High Risk,Personalized phone call with HR and benefits explanation
11519,0.98,1,Low Risk,Standard enrollment notification
12184,1.0,1,Low Risk,Standard enrollment notification
13026,0.09,0,High Risk,Personalized phone call with HR and benefits explanation
15119,1.0,1,Low Risk,Standard enrollment notification
19558,0.99,1,Low Risk,Standard enrollment notification
16762,0.0,0,High Risk,Personalized phone call with HR and benefits explanation
15909,0.99,1,Low Risk,Standard enrollment notification
19627,0.87,1,Low Risk,Standard enrollment notification
17966,0.1,0,High Risk,Personalized phone call with HR and benefits explanation
18847,1.0,1,Low Risk,Standard enrollment notification
18568,0.78,1,Low Risk,Standard enrollment notification
14036,0.0,0,High Risk,Personalized phone call with HR and benefits explanation
17192,0.08,0,High Risk,Personalized phone call with HR and benefits explanation
17870,1.0,1,Low Risk,Standard enrollment notification
12803,0.99,1,Low Risk,Standard enrollment notification
19620,0.98,1,Low Risk,Standard enrollment notification
13896,1.0,1,Low Risk,Standard enrollment notification
18743,0.98,1,Low Risk,Standard enrollment notification
10837,0.96,1,Low Risk,Standard enrollment notification
15867,1.0,1,Low Risk,Standard enrollment notification
15476,0.0,0,High Risk,Personalized phone call with HR and benefits explanation
10546,0.99,1,Low Risk,Standard enrollment notification
14612,1.0,1,Low Risk,Standard enrollment notification
12410,1.0,1,Low Risk,Standard enrollment notification
13210,0.0,0,High Risk,Personalized phone call with HR and benefits explanation
17721,1.0,1,Low Risk,Standard enrollment notification
18478,0.98,1,Low Risk,Standard enrollment notification
10430,0.96,1,Low Risk,Standard enrollment notification
14900,0.07,0,High Risk,Personalized phone call with HR and benefits explanation
19453,0.97,1,Low Risk,Standard enrollment notification
17361,0.0,0,High Risk,Personalized phone call with HR and benefits explanation
19549,0.0,0,High Risk,Personalized phone call with HR and benefits explanation
11980,0.01,0,High Risk,Personalized phone call with HR and benefits explanation
19557,0.98,1,Low Risk,Standard enrollment notification
18999,0.04,0,High Risk,Personalized phone call with HR and benefits explanation
12217,1.0,1,Low Risk,Standard enrollment notification
10269,0.99,1,Low Risk,Standard enrollment notification
13932,0.01,0,High Risk,Personalized phone call with HR and benefits explanation
19649,0.03,0,High Risk,Personalized phone call with HR and benefits explanation
10018,0.08,0,High Risk,Personalized phone call with HR and benefits explanation
16718,0.98,1,Low Risk,Standard enrollment notification
11152,0.9,1,Low Risk,Standard enrollment notification
14875,0.98,1,Low Risk,Standard enrollment notification
17977,0.03,0,High Risk,Personalized phone call with HR and benefits explanation
16372,0.99,1,Low Risk,Standard enrollment notification
10253,1.0,1,Low Risk,Standard enrollment notification
14740,0.02,0,High Risk,Personalized phone call with HR and benefits explanation
11505,0.99,1,Low Risk,Standard enrollment notification
13470,1.0,1,Low Risk,Standard enrollment notification
14193,0.96,1,Low Risk,Standard enrollment notification
16122,0.98,1,Low Risk,Standard enrollment notification
18388,0.12,0,High Risk,Personalized phone call with HR and benefits explanation
16367,1.0,1,Low Risk,Standard enrollment notification
19092,0.99,1,Low Risk,Standard enrollment notification
15299,0.36,0,Medium Risk,Reminder email with enrollment benefits
13536,0.98,1,Low Risk,Standard enrollment notification
12161,0.88,1,Low Risk,Standard enrollment notification
18524,1.0,1,Low Risk,Standard enrollment notification
16146,0.01,0,High Risk,Personalized phone call with HR and benefits explanation
15608,0.14,0,High Risk,Personalized phone call with HR and benefits explanation
16824,1.0,1,Low Risk,Standard enrollment notification
19682,1.0,1,Low Risk,Standard enrollment notification
11553,0.0,0,High Risk,Personalized phone call with HR and benefits explanation
10077,0.97,1,Low Risk,Standard enrollment notification
17421,0.24,0,High Risk,Personalized phone call with HR and benefits explanation
14985,0.97,1,Low Risk,Standard enrollment notification
19349,1.0,1,Low Risk,Standard enrollment notification
18437,0.05,0,High Risk,Personalized phone call with HR and benefits explanation
16837,0.0,0,High Risk,Personalized phone call with HR and benefits explanation
16680,0.99,1,Low Risk,Standard enrollment notification
13093,0.98,1,Low Risk,Standard enrollment notification
13958,0.81,1,Low Risk,Standard enrollment notification
19130,0.06,0,High Risk,Personalized phone call with HR and benefits explanation
18296,0.08,0,High Risk,Personalized phone call with HR and benefits explanation
15486,0.0,0,High Risk,Personalized phone call with HR and benefits explanation
13500,0.06,0,High Risk,Personalized phone call with HR and benefits explanation
11080,0.98,1,Low Risk,Standard enrollment notification
13915,0.04,0,High Risk,Personalized phone call with HR and benefits explanation
14944,0.99,1,Low Risk,Standard enrollment notification
17489,1.0,1,Low Risk,Standard enrollment notification
16673,0.11,0,High Risk,Personalized phone call with HR and benefits explanation
19432,0.07,0,High Risk,Personalized phone call with HR and benefits explanation
10561,0.06,0,High Risk,Personalized phone call with HR and benefits explanation
19680,1.0,1,Low Risk,Standard enrollment notification
18936,0.95,1,Low Risk,Standard enrollment notification
11482,1.0,1,Low Risk,Standard enrollment notification
13514,0.99,1,Low Risk,Standard enrollment notification
14118,0.01,0,High Risk,Personalized phone call with HR and benefits explanation
14539,0.0,0,High Risk,Personalized phone call with HR and benefits explanation
12123,1.0,1,Low Risk,Standard enrollment notification
16768,0.93,1,Low Risk,Standard enrollment notification
18656,0.01,0,High Risk,Personalized phone call with HR and benefits explanation
18441,0.07,0,High Risk,Personalized phone call with HR and benefits explanation
19778,0.0,0,High Risk,Personalized phone call with HR and benefits explanation
10908,0.91,1,Low Risk,Standard enrollment notification
11977,0.06,0,High Risk,Personalized phone call with HR and benefits explanation
13825,0.93,1,Low Risk,Standard enrollment notification
14331,0.08,0,High Risk,Personalized phone call with HR and benefits explanation
12198,0.04,0,High Risk,Personalized phone call with HR and benefits explanation
13968,0.03,0,High Risk,Personalized phone call with HR and benefits explanation
12229,0.84,1,Low Risk,Standard enrollment notification
18063,0.01,0,High Risk,Personalized phone call with HR and benefits explanation
16423,0.04,0,High Risk,Personalized phone call with HR and benefits explanation
17533,0.0,0,High Risk,Personalized phone call with HR and benefits explanation
13280,1.0,1,Low Risk,Standard enrollment notification
18784,0.02,0,High Risk,Personalized phone call with HR and benefits explanation
17645,0.12,0,High Risk,Personalized phone call with HR and benefits explanation
19640,0.9,1,Low Risk,Standard enrollment notification
16727,1.0,1,Low Risk,Standard enrollment notification
13860,0.0,0,High Risk,Personalized phone call with HR and benefits explanation
18817,0.99,1,Low Risk,Standard enrollment notification
17059,0.01,0,High Risk,Personalized phone call with HR and benefits explanation
19254,0.03,0,High Risk,Personalized phone call with HR and benefits explanation
13559,0.98,1,Low Risk,Standard enrollment notification
11636,0.21,0,High Risk,Personalized phone call with HR and benefits explanation
12062,0.11,0,High Risk,Personalized phone call with HR and benefits explanation
18061,0.86,1,Low Risk,Standard enrollment notification
14154,1.0,1,Low Risk,Standard enrollment notification
13761,1.0,1,Low Risk,Standard enrollment notification
19841,0.95,1,Low Risk,Standard enrollment notification
12193,0.98,1,Low Risk,Standard enrollment notification
11473,1.0,1,Low Risk,Standard enrollment notification
18844,0.95,1,Low Risk,Standard enrollment notification
11204,0.06,0,High Risk,Personalized phone call with HR and benefits explanation
11455,0.97,1,Low Risk,Standard enrollment notification
10647,1.0,1,Low Risk,Standard enrollment notification
18591,0.99,1,Low Risk,Standard enrollment notification
16883,1.0,1,Low Risk,Standard enrollment notification
19768,0.04,0,High Risk,Personalized phone call with HR and benefits explanation
15665,0.22,0,High Risk,Personalized phone call with HR and benefits explanation
13076,1.0,1,Low Risk,Standard enrollment notification
14562,0.94,1,Low Risk,Standard enrollment notification
13072,1.0,1,Low Risk,Standard enrollment notification
15686,0.95,1,Low Risk,Standard enrollment notification
13603,1.0,1,Low Risk,Standard enrollment notification
15105,1.0,1,Low Risk,Standard enrollment notification
18835,1.0,1,Low Risk,Standard enrollment notification
11580,1.0,1,Low Risk,Standard enrollment notification
11305,1.0,1,Low Risk,Standard enrollment notification
19820,0.95,1,Low Risk,Standard enrollment notification
15392,1.0,1,Low Risk,Standard enrollment notification
10347,0.08,0,High Risk,Personalized phone call with HR and benefits explanation
14599,0.99,1,Low Risk,Standard enrollment notification
15329,0.05,0,High Risk,Personalized phone call with HR and benefits explanation
11644,0.04,0,High Risk,Personalized phone call with HR and benefits explanation
12991,1.0,1,Low Risk,Standard enrollment notification
10834,0.98,1,Low Risk,Standard enrollment notification
17929,0.86,1,Low Risk,Standard enrollment notification
16237,0.0,0,High Risk,Personalized phone call with HR and benefits explanation
19125,0.98,1,Low Risk,Standard enrollment notification
18958,0.07,0,High Risk,Personalized phone call with HR and benefits explanation
11165,0.98,1,Low Risk,Standard enrollment notification
18597,0.93,1,Low Risk,Standard enrollment notification
13596,1.0,1,Low Risk,Standard enrollment notification
11293,1.0,1,Low Risk,Standard enrollment notification
15522,1.0,1,Low Risk,Standard enrollment notification
14639,0.99,1,Low Risk,Standard enrollment notification
11492,0.97,1,Low Risk,Standard enrollment notification
17288,0.0,0,High Risk,Personalized phone call with HR and benefits explanation
19007,0.08,0,High Risk,Personalized phone call with HR and benefits explanation
18594,0.95,1,Low Risk,Standard enrollment notification
17696,1.0,1,Low Risk,Standard enrollment notification
13051,0.0,0,High Risk,Personalized phone call with HR and benefits explanation
19012,0.0,0,High Risk,Personalized phone call with HR and benefits explanation
18012,0.96,1,Low Risk,Standard enrollment notification
14662,1.0,1,Low Risk,Standard enrollment notification
10264,0.03,0,High Risk,Personalized phone call with HR and benefits explanation
19486,1.0,1,Low Risk,Standard enrollment notification
15421,0.0,0,High Risk,Personalized phone call with HR and benefits explanation
10382,0.0,0,High Risk,Personalized phone call with HR and benefits explanation
14500,0.06,0,High Risk,Personalized phone call with HR and benefits explanation
10614,0.95,1,Low Risk,Standard enrollment notification
14135,0.0,0,High Risk,Personalized phone call with HR and benefits explanation
10216,0.06,0,High Risk,Personalized phone call with HR and benefits explanation
18457,0.99,1,Low Risk,Standard enrollment notification
19399,0.02,0,High Risk,Personalized phone call with HR and benefits explanation
15199,0.95,1,Low Risk,Standard enrollment notification
16075,1.0,1,Low Risk,Standard enrollment notification
18074,0.0,0,High Risk,Personalized phone call with HR and benefits explanation
13427,0.95,1,Low Risk,Standard enrollment notification
12866,0.97,1,Low Risk,Standard enrollment notification
13387,0.0,0,High Risk,Personalized phone call with HR and benefits explanation
11113,0.97,1,Low Risk,Standard enrollment notification
18706,0.93,1,Low Risk,Standard enrollment notification
17012,0.99,1,Low Risk,Standard enrollment notification
13404,0.87,1,Low Risk,Standard enrollment notification
18982,0.76,1,Low Risk,Standard enrollment notification
17840,1.0,1,Low Risk,Standard enrollment notification
11694,0.04,0,High Risk,Personalized phone call with HR and benefits explanation
15714,0.09,0,High Risk,Personalized phone call with HR and benefits explanation
19655,0.97,1,Low Risk,Standard enrollment notification
16284,0.03,0,High Risk,Personalized phone call with HR and benefits explanation
13056,1.0,1,Low Risk,Standard enrollment notification
10033,0.01,0,High Risk,Personalized phone call with HR and benefits explanation
15902,1.0,1,Low Risk,Standard enrollment notification
10115,0.93,1,Low Risk,Standard enrollment notification
14812,0.97,1,Low Risk,Standard enrollment notification
11028,1.0,1,Low Risk,Standard enrollment notification
16385,0.96,1,Low Risk,Standard enrollment notification
14917,1.0,1,Low Risk,Standard enrollment notification
19628,0.09,0,High Risk,Personalized phone call with HR and benefits explanation
19075,0.01,0,High Risk,Personalized phone call with HR and benefits explanation
13272,1.0,1,Low Risk,Standard enrollment notification
10587,0.14,0,High Risk,Personalized phone call with HR and benefits explanation
11348,0.94,1,Low Risk,Standard enrollment notification
19186,0.05,0,High Risk,Personalized phone call with HR and benefits explanation
11099,0.04,0,High Risk,Personalized phone call with HR and benefits explanation
15460,0.1,0,High Risk,Personalized phone call with HR and benefits explanation
10394,0.99,1,Low Risk,Standard enrollment notification
19475,0.86,1,Low Risk,Standard enrollment notification
18371,1.0,1,Low Risk,Standard enrollment notification
10725,0.99,1,Low Risk,Standard enrollment notification
17168,0.99,1,Low Risk,Standard enrollment notification
12446,0.74,1,Low Risk,Standard enrollment notification
15948,0.0,0,High Risk,Personalized phone call with HR and benefits explanation
13478,1.0,1,Low Risk,Standard enrollment notification
15619,0.98,1,Low Risk,Standard enrollment notification
12329,0.2,0,High Risk,Personalized phone call with HR and benefits explanation
14314,0.97,1,Low Risk,Standard enrollment notification
10305,0.96,1,Low Risk,Standard enrollment notification
11710,0.98,1,Low Risk,Standard enrollment notification
10984,1.0,1,Low Risk,Standard enrollment notification
14286,0.01,0,High Risk,Personalized phone call with HR and benefits explanation
19470,1.0,1,Low Risk,Standard enrollment notification
19166,0.98,1,Low Risk,Standard enrollment notification
15718,0.97,1,Low Risk,Standard enrollment notification
10554,0.16,0,High Risk,Personalized phone call with HR and benefits explanation
10544,0.0,0,High Risk,Personalized phone call with HR and benefits explanation
18361,1.0,1,Low Risk,Standard enrollment notification
13308,0.02,0,High Risk,Personalized phone call with HR and benefits explanation
11409,0.99,1,Low Risk,Standard enrollment notification
15477,0.97,1,Low Risk,Standard enrollment notification
17598,0.0,0,High Risk,Personalized phone call with HR and benefits explanation
11254,0.01,0,High Risk,Personalized phone call with HR and benefits explanation
14787,1.0,1,Low Risk,Standard enrollment notification
17397,0.99,1,Low Risk,Standard enrollment notification
14946,1.0,1,Low Risk,Standard enrollment notification
10999,0.28,0,High Risk,Personalized phone call with HR and benefits explanation
13129,0.02,0,High Risk,Personalized phone call with HR and benefits explanation
12788,1.0,1,Low Risk,Standard enrollment notification
17468,0.99,1,Low Risk,Standard enrollment notification
18402,1.0,1,Low Risk,Standard enrollment notification
14501,0.05,0,High Risk,Personalized phone call with HR and benefits explanation
15880,0.96,1,Low Risk,Standard enrollment notification
10667,1.0,1,Low Risk,Standard enrollment notification
17859,0.03,0,High Risk,Personalized phone call with HR and benefits explanation
12680,0.25,0,High Risk,Personalized phone call with HR and benefits explanation
11414,0.97,1,Low Risk,Standard enrollment notification
17831,0.01,0,High Risk,Personalized phone call with HR and benefits explanation
10529,0.0,0,High Risk,Personalized phone call with HR and benefits explanation
18848,0.99,1,Low Risk,Standard enrollment notification
19402,1.0,1,Low Risk,Standard enrollment notification
18966,0.0,0,High Risk,Personalized phone call with HR and benefits explanation
14444,0.0,0,High Risk,Personalized phone call with HR and benefits explanation
12061,0.99,1,Low Risk,Standard enrollment notification
10486,0.98,1,Low Risk,Standard enrollment notification
13592,0.0,0,High Risk,Personalized phone call with HR and benefits explanation
18675,0.99,1,Low Risk,Standard enrollment notification
13852,0.98,1,Low Risk,Standard enrollment notification
17280,0.0,0,High Risk,Personalized phone call with HR and benefits explanation
13858,0.97,1,Low Risk,Standard enrollment notification
10712,0.02,0,High Risk,Personalized phone call with HR and benefits explanation
19312,1.0,1,Low Risk,Standard enrollment notification
10862,0.97,1,Low Risk,Standard enrollment notification
16779,0.02,0,High Risk,Personalized phone call with HR and benefits explanation
12782,1.0,1,Low Risk,Standard enrollment notification
14200,1.0,1,Low Risk,Standard enrollment notification
13864,0.9,1,Low Risk,Standard enrollment notification
12918,0.08,0,High Risk,Personalized phone call with HR and benefits explanation
19182,0.97,1,Low Risk,Standard enrollment notification
19086,0.99,1,Low Risk,Standard enrollment notification
19830,0.04,0,High Risk,Personalized phone call with HR and benefits explanation
11549,0.0,0,High Risk,Personalized phone call with HR and benefits explanation
16299,0.16,0,High Risk,Personalized phone call with HR and benefits explanation
11598,0.98,1,Low Risk,Standard enrollment notification
17143,0.0,0,High Risk,Personalized phone call with HR and benefits explanation
19200,0.02,0,High Risk,Personalized phone call with HR and benefits explanation
14255,0.16,0,High Risk,Personalized phone call with HR and benefits explanation
19009,0.96,1,Low Risk,Standard enrollment notification
11468,1.0,1,Low Risk,Standard enrollment notification
10338,0.0,0,High Risk,Personalized phone call with HR and benefits explanation
13289,0.99,1,Low Risk,Standard enrollment notification
15574,0.98,1,Low Risk,Standard enrollment notification
17117,1.0,1,Low Risk,Standard enrollment notification
17731,0.04,0,High Risk,Personalized phone call with HR and benefits explanation
11526,0.99,1,Low Risk,Standard enrollment notification
17560,0.11,0,High Risk,Personalized phone call with HR and benefits explanation
18243,1.0,1,Low Risk,Standard enrollment notification
11124,0.99,1,Low Risk,Standard enrollment notification
19477,0.02,0,High Risk,Personalized phone call with HR and benefits explanation
10227,0.94,1,Low Risk,Standard enrollment notification
16477,0.01,0,High Risk,Personalized phone call with HR and benefits explanation
11029,1.0,1,Low Risk,Standard enrollment notification
13670,0.99,1,Low Risk,Standard enrollment notification
13904,0.01,0,High Risk,Personalized phone call with HR and benefits explanation
17769,0.92,1,Low Risk,Standard enrollment notification
19376,1.0,1,Low Risk,Standard enrollment notification
10556,0.0,0,High Risk,Personalized phone call with HR and benefits explanation
12138,1.0,1,Low Risk,Standard enrollment notification
19548,0.99,1,Low Risk,Standard enrollment notification
11341,0.95,1,Low Risk,Standard enrollment notification
17202,0.95,1,Low Risk,Standard enrollment notification
18960,1.0,1,Low Risk,Standard enrollment notification
19834,0.99,1,Low Risk,Standard enrollment notification
17017,0.96,1,Low Risk,Standard enrollment notification
13687,1.0,1,Low Risk,Standard enrollment notification
17799,0.94,1,Low Risk,Standard enrollment notification
12880,0.99,1,Low Risk,Standard enrollment notification
16442,1.0,1,Low Risk,Standard enrollment notification
17554,0.97,1,Low Risk,Standard enrollment notification
18245,0.03,0,High Risk,Personalized phone call with HR and benefits explanation
18850,0.05,0,High Risk,Personalized phone call with HR and benefits explanation
10708,0.05,0,High Risk,Personalized phone call with HR and benefits explanation
19190,0.03,0,High Risk,Personalized phone call with HR and benefits explanation
19674,0.1,0,High Risk,Personalized phone call with HR and benefits explanation
10490,1.0,1,Low Risk,Standard enrollment notification
13729,0.12,0,High Risk,Personalized phone call with HR and benefits explanation
14416,0.97,1,Low Risk,Standard enrollment notification
13659,0.97,1,Low Risk,Standard enrollment notification
10292,0.62,1,Low Risk,Standard enrollment notification
13833,0.06,0,High Risk,Personalized phone call with HR and benefits explanation
11172,1.0,1,Low Risk,Standard enrollment notification
13277,0.16,0,High Risk,Personalized phone call with HR and benefits explanation
15552,1.0,1,Low Risk,Standard enrollment notification
12777,0.1,0,High Risk,Personalized phone call with HR and benefits explanation
19771,0.1,0,High Risk,Personalized phone call with HR and benefits explanation
11656,0.96,1,Low Risk,Standard enrollment notification
15507,0.0,0,High Risk,Personalized phone call with HR and benefits explanation
12677,0.88,1,Low Risk,Standard enrollment notification
18400,0.1,0,High Risk,Personalized phone call with HR and benefits explanation
10022,0.02,0,High Risk,Personalized phone call with HR and benefits explanation
14423,1.0,1,Low Risk,Standard enrollment notification
19583,0.04,0,High Risk,Personalized phone call with HR and benefits explanation
10477,1.0,1,Low Risk,Standard enrollment notification
17989,0.0,0,High Risk,Personalized phone call with HR and benefits explanation
19031,0.99,1,Low Risk,Standard enrollment notification
17984,0.01,0,High Risk,Personalized phone call with HR and benefits explanation
12513,0.0,0,High Risk,Personalized phone call with HR and benefits explanation
12066,0.01,0,High Risk,Personalized phone call with HR and benefits explanation
10104,1.0,1,Low Risk,Standard enrollment notification
18229,0.95,1,Low Risk,Standard enrollment notification
19127,0.9,1,Low Risk,Standard enrollment notification
14632,1.0,1,Low Risk,Standard enrollment notification
17911,0.99,1,Low Risk,Standard enrollment notification
14635,1.0,1,Low Risk,Standard enrollment notification
10524,1.0,1,Low Risk,Standard enrollment notification
15089,0.99,1,Low Risk,Standard enrollment notification
16348,1.0,1,Low Risk,Standard enrollment notification
15927,0.99,1,Low Risk,Standard enrollment notification
15703,0.1,0,High Risk,Personalized phone call with HR and benefits explanation
18887,0.0,0,High Risk,Personalized phone call with HR and benefits explanation
14827,0.99,1,Low Risk,Standard enrollment notification
10067,1.0,1,Low Risk,Standard enrollment notification
17942,0.99,1,Low Risk,Standard enrollment notification
18749,1.0,1,Low Risk,Standard enrollment notification
13046,0.89,1,Low Risk,Standard enrollment notification
14336,0.0,0,High Risk,Personalized phone call with HR and benefits explanation
13900,0.99,1,Low Risk,Standard enrollment notification
16397,0.99,1,Low Risk,Standard enrollment notification
16245,0.99,1,Low Risk,Standard enrollment notification
11940,1.0,1,Low Risk,Standard enrollment notification
12667,0.07,0,High Risk,Personalized phone call with HR and benefits explanation
11397,0.05,0,High Risk,Personalized phone call with HR and benefits explanation
12869,0.0,0,High Risk,Personalized phone call with HR and benefits explanation
10752,0.01,0,High Risk,Personalized phone call with HR and benefits explanation
18634,1.0,1,Low Risk,Standard enrollment notification
18789,0.01,0,High Risk,Personalized phone call with HR and benefits explanation
14585,0.99,1,Low Risk,Standard enrollment notification
14066,0.09,0,High Risk,Personalized phone call with HR and benefits explanation
17343,0.93,1,Low Risk,Standard enrollment notification
15113,0.95,1,Low Risk,Standard enrollment notification
12107,0.99,1,Low Risk,Standard enrollment notification
12234,0.05,0,High Risk,Personalized phone call with HR and benefits explanation
18318,1.0,1,Low Risk,Standard enrollment notification
19693,0.0,0,High Risk,Personalized phone call with HR and benefits explanation
19715,0.95,1,Low Risk,Standard enrollment notification
17865,0.96,1,Low Risk,Standard enrollment notification
16416,0.05,0,High Risk,Personalized phone call with HR and benefits explanation
12004,0.02,0,High Risk,Personalized phone call with HR and benefits explanation
16347,0.01,0,High Risk,Personalized phone call with HR and benefits explanation
18605,1.0,1,Low Risk,Standard enrollment notification
13556,0.01,0,High Risk,Personalized phone call with HR and benefits explanation
10703,1.0,1,Low Risk,Standard enrollment notification
18955,0.05,0,High Risk,Personalized phone call with HR and benefits explanation
15821,1.0,1,Low Risk,Standard enrollment notification
10011,0.0,0,High Risk,Personalized phone call with HR and benefits explanation
17620,0.06,0,High Risk,Personalized phone call with HR and benefits explanation
12201,0.95,1,Low Risk,Standard enrollment notification
12098,1.0,1,Low Risk,Standard enrollment notification
15075,1.0,1,Low Risk,Standard enrollment notification
12273,0.99,1,Low Risk,Standard enrollment notification
18460,0.99,1,Low Risk,Standard enrollment notification
10775,0.08,0,High Risk,Personalized phone call with HR and benefits explanation
10760,0.0,0,High Risk,Personalized phone call with HR and benefits explanation
17176,0.0,0,High Risk,Personalized phone call with HR and benefits explanation
15708,0.1,0,High Risk,Personalized phone call with HR and benefits explanation
15033,1.0,1,Low Risk,Standard enrollment notification
16317,0.98,1,Low Risk,Standard enrollment notification
18256,0.99,1,Low Risk,Standard enrollment notification
16172,0.93,1,Low Risk,Standard enrollment notification
12966,0.99,1,Low Risk,Standard enrollment notification
14207,1.0,1,Low Risk,Standard enrollment notification
11607,0.99,1,Low Risk,Standard enrollment notification
14948,0.99,1,Low Risk,Standard enrollment notification
19040,0.07,0,High Risk,Personalized phone call with HR and benefits explanation
17089,0.97,1,Low Risk,Standard enrollment notification
10491,0.92,1,Low Risk,Standard enrollment notification
11191,0.98,1,Low Risk,Standard enrollment notification
14003,0.91,1,Low Risk,Standard enrollment notification
11090,1.0,1,Low Risk,Standard enrollment notification
14243,0.93,1,Low Risk,Standard enrollment notification
11480,0.0,0,High Risk,Personalized phone call with HR and benefits explanation
15896,0.02,0,High Risk,Personalized phone call with HR and benefits explanation
13202,0.91,1,Low Risk,Standard enrollment notification
16164,0.96,1,Low Risk,Standard enrollment notification
16003,0.02,0,High Risk,Personalized phone call with HR and benefits explanation
19392,1.0,1,Low Risk,Standard enrollment notification
17144,0.09,0,High Risk,Personalized phone call with HR and benefits explanation
15395,0.0,0,High Risk,Personalized phone call with HR and benefits explanation
12073,0.96,1,Low Risk,Standard enrollment notification
16840,0.98,1,Low Risk,Standard enrollment notification
15663,0.81,1,Low Risk,Standard enrollment notification
10072,0.9,1,Low Risk,Standard enrollment notification
18725,1.0,1,Low Risk,Standard enrollment notification
16705,0.74,1,Low Risk,Standard enrollment notification
16127,0.98,1,Low Risk,Standard enrollment notification
15239,0.96,1,Low Risk,Standard enrollment notification
11853,0.03,0,High Risk,Personalized phone call with HR and benefits explanation
12728,0.04,0,High Risk,Personalized phone call with HR and benefits explanation
16039,0.09,0,High Risk,Personalized phone call with HR and benefits explanation
19874,0.03,0,High Risk,Personalized phone call with HR and benefits explanation
19955,0.96,1,Low Risk,Standard enrollment notification
17184,1.0,1,Low Risk,Standard enrollment notification
14281,0.96,1,Low Risk,Standard enrollment notification
13849,0.96,1,Low Risk,Standard enrollment notification
17110,0.97,1,Low Risk,Standard enrollment notification
10825,0.98,1,Low Risk,Standard enrollment notification
10387,0.03,0,High Risk,Personalized phone call with HR and benefits explanation
15816,1.0,1,Low Risk,Standard enrollment notification
10348,0.96,1,Low Risk,Standard enrollment notification
13673,0.03,0,High Risk,Personalized phone call with HR and benefits explanation
16153,0.93,1,Low Risk,Standard enrollment notification
12808,0.01,0,High Risk,Personalized phone call with HR and benefits explanation
16866,1.0,1,Low Risk,Standard enrollment notification
17765,0.04,0,High Risk,Personalized phone call with HR and benefits explanation
18689,0.98,1,Low Risk,Standard enrollment notification
10469,0.95,1,Low Risk,Standard enrollment notification
11419,0.97,1,Low Risk,Standard enrollment notification
18671,1.0,1,Low Risk,Standard enrollment notification
14633,0.96,1,Low Risk,Standard enrollment notification
10342,0.02,0,High Risk,Personalized phone call with HR and benefits explanation
17796,0.99,1,Low Risk,Standard enrollment notification
11300,0.95,1,Low Risk,Standard enrollment notification
18912,0.9,1,Low Risk,Standard enrollment notification
16092,1.0,1,Low Risk,Standard enrollment notification
12228,1.0,1,Low Risk,Standard enrollment notification
11620,0.04,0,High Risk,Personalized phone call with HR and benefits explanation
15083,0.11,0,High Risk,Personalized phone call with HR and benefits explanation
19686,0.99,1,Low Risk,Standard enrollment notification
12491,0.97,1,Low Risk,Standard enrollment notification
18307,0.0,0,High Risk,Personalized phone call with HR and benefits explanation
13176,0.97,1,Low Risk,Standard enrollment notification
17433,1.0,1,Low Risk,Standard enrollment notification
19900,0.09,0,High Risk,Personalized phone call with HR and benefits explanation
11928,0.94,1,Low Risk,Standard enrollment notification
17873,1.0,1,Low Risk,Standard enrollment notification
10720,0.08,0,High Risk,Personalized phone call with HR and benefits explanation
12834,1.0,1,Low Risk,Standard enrollment notification
15180,0.98,1,Low Risk,Standard enrollment notification
17654,0.04,0,High Risk,Personalized phone call with HR and benefits explanation
16862,0.97,1,Low Risk,Standard enrollment notification
14013,0.0,0,High Risk,Personalized phone call with HR and benefits explanation
13181,1.0,1,Low Risk,Standard enrollment notification
18033,0.14,0,High Risk,Personalized phone call with HR and benefits explanation
11654,0.75,1,Low Risk,Standard enrollment notification
10750,0.99,1,Low Risk,Standard enrollment notification
10689,1.0,1,Low Risk,Standard enrollment notification
18791,1.0,1,Low Risk,Standard enrollment notification
12862,0.07,0,High Risk,Personalized phone call with HR and benefits explanation
18350,0.94,1,Low Risk,Standard enrollment notification
17113,0.0,0,High Risk,Personalized phone call with HR and benefits explanation
13373,0.99,1,Low Risk,Standard enrollment notification
13097,0.0,0,High Risk,Personalized phone call with HR and benefits explanation
11559,1.0,1,Low Risk,Standard enrollment notification
11082,0.1,0,High Risk,Personalized phone call with HR and benefits explanation
15017,0.99,1,Low Risk,Standard enrollment notification
13472,0.08,0,High Risk,Personalized phone call with HR and benefits explanation
19530,0.96,1,Low Risk,Standard enrollment notification
11854,0.18,0,High Risk,Personalized phone call with HR and benefits explanation
14958,0.22,0,High Risk,Personalized phone call with HR and benefits explanation
15311,0.95,1,Low Risk,Standard enrollment notification
16879,1.0,1,Low Risk,Standard enrollment notification
14945,1.0,1,Low Risk,Standard enrollment notification
14272,1.0,1,Low Risk,Standard enrollment notification
17137,0.02,0,High Risk,Personalized phone call with HR and benefits explanation
19501,0.01,0,High Risk,Personalized phone call with HR and benefits explanation
17640,0.98,1,Low Risk,Standard enrollment notification
15613,0.96,1,Low Risk,Standard enrollment notification
19389,0.0,0,High Risk,Personalized phone call with HR and benefits explanation
18658,0.95,1,Low Risk,Standard enrollment notification
19476,0.91,1,Low Risk,Standard enrollment notification
19835,0.96,1,Low Risk,Standard enrollment notification
15123,0.98,1,Low Risk,Standard enrollment notification
12660,0.05,0,High Risk,Personalized phone call with HR and benefits explanation
19853,0.0,0,High Risk,Personalized phone call with HR and benefits explanation
15391,0.98,1,Low Risk,Standard enrollment notification
12190,0.99,1,Low Risk,Standard enrollment notification
13990,0.02,0,High Risk,Personalized phone call with HR and benefits explanation
11532,0.97,1,Low Risk,Standard enrollment notification
10383,0.06,0,High Risk,Personalized phone call with HR and benefits explanation
12661,0.0,0,High Risk,Personalized phone call with HR and benefits explanation
15484,1.0,1,Low Risk,Standard enrollment notification
10339,0.12,0,High Risk,Personalized phone call with HR and benefits explanation
16818,0.98,1,Low Risk,Standard enrollment notification
12348,0.0,0,High Risk,Personalized phone call with HR and benefits explanation
17800,0.0,0,High Risk,Personalized phone call with HR and benefits explanation
11252,0.05,0,High Risk,Personalized phone call with HR and benefits explanation
11893,1.0,1,Low Risk,Standard enrollment notification
14053,0.0,0,High Risk,Personalized phone call with HR and benefits explanation
13671,1.0,1,Low Risk,Standard enrollment notification
10569,1.0,1,Low Risk,Standard enrollment notification
18326,0.03,0,High Risk,Personalized phone call with HR and benefits explanation
13454,0.99,1,Low Risk,Standard enrollment notification
18510,0.03,0,High Risk,Personalized phone call with HR and benefits explanation
18508,1.0,1,Low Risk,Standard enrollment notification
10437,0.95,1,Low Risk,Standard enrollment notification
11560,1.0,1,Low Risk,Standard enrollment notification
18433,0.0,0,High Risk,Personalized phone call with HR and benefits explanation
10656,0.02,0,High Risk,Personalized phone call with HR and benefits explanation
10555,0.97,1,Low Risk,Standard enrollment notification
14877,0.9,1,Low Risk,Standard enrollment notification
18757,0.0,0,High Risk,Personalized phone call with HR and benefits explanation
18264,1.0,1,Low Risk,Standard enrollment notification
12043,0.98,1,Low Risk,Standard enrollment notification
16629,1.0,1,Low Risk,Standard enrollment notification
15294,0.9,1,Low Risk,Standard enrollment notification
18066,1.0,1,Low Risk,Standard enrollment notification
18534,0.0,0,High Risk,Personalized phone call with HR and benefits explanation
17739,1.0,1,Low Risk,Standard enrollment notification
16084,0.99,1,Low Risk,Standard enrollment notification
14942,0.98,1,Low Risk,Standard enrollment notification
10603,0.97,1,Low Risk,Standard enrollment notification
16974,0.98,1,Low Risk,Standard enrollment notification
10612,0.04,0,High Risk,Personalized phone call with HR and benefits explanation
19770,0.98,1,Low Risk,Standard enrollment notification
12358,1.0,1,Low Risk,Standard enrollment notification
14205,0.99,1,Low Risk,Standard enrollment notification
17336,0.03,0,High Risk,Personalized phone call with HR and benefits explanation
14327,0.95,1,Low Risk,Standard enrollment notification
14040,0.0,0,High Risk,Personalized phone call with HR and benefits explanation
17114,0.0,0,High Risk,Personalized phone call with HR and benefits explanation
12472,0.04,0,High Risk,Personalized phone call with HR and benefits explanation
11734,0.97,1,Low Risk,Standard enrollment notification
19220,1.0,1,Low Risk,Standard enrollment notification
18076,0.01,0,High Risk,Personalized phone call with HR and benefits explanation
15399,1.0,1,Low Risk,Standard enrollment notification
14925,0.98,1,Low Risk,Standard enrollment notification
10152,0.95,1,Low Risk,Standard enrollment notification
19258,0.0,0,High Risk,Personalized phone call with HR and benefits explanation
14934,1.0,1,Low Risk,Standard enrollment notification
18873,0.95,1,Low Risk,Standard enrollment notification
15514,1.0,1,Low Risk,Standard enrollment notification
14266,1.0,1,Low Risk,Standard enrollment notification
15962,0.0,0,High Risk,Personalized phone call with HR and benefits explanation
16181,0.98,1,Low Risk,Standard enrollment notification
12074,0.01,0,High Risk,Personalized phone call with HR and benefits explanation
10783,0.9,1,Low Risk,Standard enrollment notification
14494,0.05,0,High Risk,Personalized phone call with HR and benefits explanation
13054,0.01,0,High Risk,Personalized phone call with HR and benefits explanation
10167,0.17,0,High Risk,Personalized phone call with HR and benefits explanation
13790,0.99,1,Low Risk,Standard enrollment notification
17074,0.02,0,High Risk,Personalized phone call with HR and benefits explanation
18667,0.07,0,High Risk,Personalized phone call with HR and benefits explanation
13459,1.0,1,Low Risk,Standard enrollment notification
19151,0.99,1,Low Risk,Standard enrollment notification
16106,0.97,1,Low Risk,Standard enrollment notification
15322,0.1,0,High Risk,Personalized phone call with HR and benefits explanation
15893,0.99,1,Low Risk,Standard enrollment notification
12490,1.0,1,Low Risk,Standard enrollment notification
15739,1.0,1,Low Risk,Standard enrollment notification
18578,0.06,0,High Risk,Personalized phone call with HR and benefits explanation
10143,1.0,1,Low Risk,Standard enrollment notification
15337,0.08,0,High Risk,Personalized phone call with HR and benefits explanation
11987,0.99,1,Low Risk,Standard enrollment notification
19495,0.02,0,High Risk,Personalized phone call with HR and benefits explanation
16549,0.99,1,Low Risk,Standard enrollment notification
12500,1.0,1,Low Risk,Standard enrollment notification
19194,0.75,1,Low Risk,Standard enrollment notification
14060,0.25,0,High Risk,Personalized phone call with HR and benefits explanation
13444,0.0,0,High Risk,Personalized phone call with HR and benefits explanation
13982,0.88,1,Low Risk,Standard enrollment notification
16558,0.01,0,High Risk,Personalized phone call with HR and benefits explanation
12694,0.92,1,Low Risk,Standard enrollment notification
16320,0.06,0,High Risk,Personalized phone call with HR and benefits explanation
14334,0.05,0,High Risk,Personalized phone call with HR and benefits explanation
10990,0.97,1,Low Risk,Standard enrollment notification
13423,0.99,1,Low Risk,Standard enrollment notification
19687,0.04,0,High Risk,Personalized phone call with HR and benefits explanation
11759,0.95,1,Low Risk,Standard enrollment notification
12370,1.0,1,Low Risk,Standard enrollment notification
11022,0.98,1,Low Risk,Standard enrollment notification
19103,0.16,0,High Risk,Personalized phone call with HR and benefits explanation
17191,0.0,0,High Risk,Personalized phone call with HR and benefits explanation
10867,0.01,0,High Risk,Personalized phone call with HR and benefits explanation
13021,0.01,0,High Risk,Personalized phone call with HR and benefits explanation
19516,0.0,0,High Risk,Personalized phone call with HR and benefits explanation
19431,0.99,1,Low Risk,Standard enrollment notification
17919,0.99,1,Low Risk,Standard enrollment notification
15416,1.0,1,Low Risk,Standard enrollment notification
17760,1.0,1,Low Risk,Standard enrollment notification
11698,0.01,0,High Risk,Personalized phone call with HR and benefits explanation
18587,0.0,0,High Risk,Personalized phone call with HR and benefits explanation
16314,0.06,0,High Risk,Personalized phone call with HR and benefits explanation
17057,0.03,0,High Risk,Personalized phone call with HR and benefits explanation
10328,0.09,0,High Risk,Personalized phone call with HR and benefits explanation
11446,0.01,0,High Risk,Personalized phone call with HR and benefits explanation
15897,0.89,1,Low Risk,Standard enrollment notification
15679,0.0,0,High Risk,Personalized phone call with HR and benefits explanation
10804,0.98,1,Low Risk,Standard enrollment notification
18450,0.83,1,Low Risk,Standard enrollment notification
13109,0.06,0,High Risk,Personalized phone call with HR and benefits explanation
15323,1.0,1,Low Risk,Standard enrollment notification
15300,0.99,1,Low Risk,Standard enrollment notification
11805,1.0,1,Low Risk,Standard enrollment notification
16984,1.0,1,Low Risk,Standard enrollment notification
12904,0.04,0,High Risk,Personalized phone call with HR and benefits explanation
18499,1.0,1,Low Risk,Standard enrollment notification
18600,1.0,1,Low Risk,Standard enrollment notification
18136,0.01,0,High Risk,Personalized phone call with HR and benefits explanation
14162,0.0,0,High Risk,Personalized phone call with HR and benefits explanation
16489,1.0,1,Low Risk,Standard enrollment notification
16204,0.97,1,Low Risk,Standard enrollment notification
18224,1.0,1,Low Risk,Standard enrollment notification
10402,0.97,1,Low Risk,Standard enrollment notification
15984,0.0,0,High Risk,Personalized phone call with HR and benefits explanation
13414,0.98,1,Low Risk,Standard enrollment notification
11347,0.88,1,Low Risk,Standard enrollment notification
17553,0.93,1,Low Risk,Standard enrollment notification
12392,0.09,0,High Risk,Personalized phone call with HR and benefits explanation
11268,0.02,0,High Risk,Personalized phone call with HR and benefits explanation
14902,0.1,0,High Risk,Personalized phone call with HR and benefits explanation
11444,1.0,1,Low Risk,Standard enrollment notification
15056,0.98,1,Low Risk,Standard enrollment notification
11393,0.95,1,Low Risk,Standard enrollment notification
10186,0.02,0,High Risk,Personalized phone call with HR and benefits explanation
18572,0.0,0,High Risk,Personalized phone call with HR and benefits explanation
15848,0.89,1,Low Risk,Standard enrollment notification
12086,1.0,1,Low Risk,Standard enrollment notification
18711,1.0,1,Low Risk,Standard enrollment notification
10097,0.0,0,High Risk,Personalized phone call with HR and benefits explanation
19072,0.92,1,Low Risk,Standard enrollment notification
12011,0.03,0,High Risk,Personalized phone call with HR and benefits explanation
12120,1.0,1,Low Risk,Standard enrollment notification
19157,0.99,1,Low Risk,Standard enrollment notification
17024,0.0,0,High Risk,Personalized phone call with HR and benefits explanation
19461,0.98,1,Low Risk,Standard enrollment notification
18832,0.24,0,High Risk,Personalized phone call with HR and benefits explanation
10002,0.99,1,Low Risk,Standard enrollment notification
14766,1.0,1,Low Risk,Standard enrollment notification
11753,0.02,0,High Risk,Personalized phone call with HR and benefits explanation
10470,0.03,0,High Risk,Personalized phone call with HR and benefits explanation
17856,0.13,0,High Risk,Personalized phone call with HR and benefits explanation
14673,0.07,0,High Risk,Personalized phone call with HR and benefits explanation
11660,0.77,1,Low Risk,Standard enrollment notification
13763,1.0,1,Low Risk,Standard enrollment notification
13239,1.0,1,Low Risk,Standard enrollment notification
17522,0.3,0,Medium Risk,Reminder email with enrollment benefits
13826,0.03,0,High Risk,Personalized phone call with HR and benefits explanation
11477,0.96,1,Low Risk,Standard enrollment notification
10261,0.01,0,High Risk,Personalized phone call with HR and benefits explanation
13159,0.99,1,Low Risk,Standard enrollment notification
14026,1.0,1,Low Risk,Standard enrollment notification
18158,1.0,1,Low Risk,Standard enrollment notification
19881,0.0,0,High Risk,Personalized phone call with HR and benefits explanation
11378,0.97,1,Low Risk,Standard enrollment notification
16636,1.0,1,Low Risk,Standard enrollment notification
13042,0.08,0,High Risk,Personalized phone call with HR and benefits explanation
15720,0.1,0,High Risk,Personalized phone call with HR and benefits explanation
19119,0.0,0,High Risk,Personalized phone call with HR and benefits explanation
17307,1.0,1,Low Risk,Standard enrollment notification
11222,0.98,1,Low Risk,Standard enrollment notification
17952,0.96,1,Low Risk,Standard enrollment notification
18718,0.07,0,High Risk,Personalized phone call with HR and benefits explanation
10536,0.03,0,High Risk,Personalized phone call with HR and benefits explanation
16519,0.96,1,Low Risk,Standard enrollment notification
12213,1.0,1,Low Risk,Standard enrollment notification
16278,1.0,1,Low Risk,Standard enrollment notification
14058,0.02,0,High Risk,Personalized phone call with HR and benefits explanation
18626,0.04,0,High Risk,Personalized phone call with HR and benefits explanation
10944,0.99,1,Low Risk,Standard enrollment notification
16410,0.06,0,High Risk,Personalized phone call with HR and benefits explanation
14503,0.0,0,High Risk,Personalized phone call with HR and benefits explanation
10242,0.01,0,High Risk,Personalized phone call with HR and benefits explanation
15886,1.0,1,Low Risk,Standard enrollment notification
11927,0.99,1,Low Risk,Standard enrollment notification
17174,0.01,0,High Risk,Personalized phone call with HR and benefits explanation
12604,0.89,1,Low Risk,Standard enrollment notification
10527,0.98,1,Low Risk,Standard enrollment notification
13786,0.06,0,High Risk,Personalized phone call with HR and benefits explanation
15749,0.98,1,Low Risk,Standard enrollment notification
11160,1.0,1,Low Risk,Standard enrollment notification
18652,0.99,1,Low Risk,Standard enrollment notification
17909,0.02,0,High Risk,Personalized phone call with HR and benefits explanation
16608,0.97,1,Low Risk,Standard enrollment notification
12961,0.98,1,Low Risk,Standard enrollment notification
12253,0.95,1,Low Risk,Standard enrollment notification
12089,0.97,1,Low Risk,Standard enrollment notification
16642,0.31,0,Medium Risk,Reminder email with enrollment benefits
16233,0.96,1,Low Risk,Standard enrollment notification
16228,1.0,1,Low Risk,Standard enrollment notification
14526,0.05,0,High Risk,Personalized phone call with HR and benefits explanation
14294,1.0,1,Low Risk,Standard enrollment notification
16163,1.0,1,Low Risk,Standard enrollment notification
12326,0.0,0,High Risk,Personalized phone call with HR and benefits explanation
18890,1.0,1,Low Risk,Standard enrollment notification
19054,1.0,1,Low Risk,Standard enrollment notification
17432,0.09,0,High Risk,Personalized phone call with HR and benefits explanation
16904,1.0,1,Low Risk,Standard enrollment notification
19126,1.0,1,Low Risk,Standard enrollment notification
11479,0.89,1,Low Risk,Standard enrollment notification
14435,0.98,1,Low Risk,Standard enrollment notification
16171,1.0,1,Low Risk,Standard enrollment notification
13989,0.06,0,High Risk,Personalized phone call with HR and benefits explanation
16108,1.0,1,Low Risk,Standard enrollment notification
16771,0.04,0,High Risk,Personalized phone call with HR and benefits explanation
19809,1.0,1,Low Risk,Standard enrollment notification
14350,0.06,0,High Risk,Personalized phone call with HR and benefits explanation
17318,0.02,0,High Risk,Personalized phone call with HR and benefits explanation
10321,0.0,0,High Risk,Personalized phone call with HR and benefits explanation
16145,0.04,0,High Risk,Personalized phone call with HR and benefits explanation
18084,0.04,0,High Risk,Personalized phone call with HR and benefits explanation
15043,0.01,0,High Risk,Personalized phone call with HR and benefits explanation
14216,0.95,1,Low Risk,Standard enrollment notification
16552,0.0,0,High Risk,Personalized phone call with HR and benefits explanation
11085,1.0,1,Low Risk,Standard enrollment notification
18009,1.0,1,Low Risk,Standard enrollment notification
17429,0.1,0,High Risk,Personalized phone call with HR and benefits explanation
13653,0.02,0,High Risk,Personalized phone call with HR and benefits explanation
11192,0.99,1,Low Risk,Standard enrollment notification
13828,0.07,0,High Risk,Personalized phone call with HR and benefits explanation
10621,1.0,1,Low Risk,Standard enrollment notification
12099,1.0,1,Low Risk,Standard enrollment notification
14847,0.85,1,Low Risk,Standard enrollment notification
17090,0.93,1,Low Risk,Standard enrollment notification
18491,0.97,1,Low Risk,Standard enrollment notification
12804,0.87,1,Low Risk,Standard enrollment notification
15894,1.0,1,Low Risk,Standard enrollment notification
11865,0.16,0,High Risk,Personalized phone call with HR and benefits explanation
17776,0.92,1,Low Risk,Standard enrollment notification
16055,1.0,1,Low Risk,Standard enrollment notification
12296,0.89,1,Low Risk,Standard enrollment notification
11960,0.98,1,Low Risk,Standard enrollment notification
15874,0.03,0,High Risk,Personalized phone call with HR and benefits explanation
18104,0.01,0,High Risk,Personalized phone call with HR and benefits explanation
10578,0.11,0,High Risk,Personalized phone call with HR and benefits explanation
19756,0.92,1,Low Risk,Standard enrollment notification
15764,0.86,1,Low Risk,Standard enrollment notification
11396,0.98,1,Low Risk,Standard enrollment notification
18237,0.05,0,High Risk,Personalized phone call with HR and benefits explanation
16280,1.0,1,Low Risk,Standard enrollment notification
12755,0.08,0,High Risk,Personalized phone call with HR and benefits explanation
11806,0.97,1,Low Risk,Standard enrollment notification
12855,1.0,1,Low Risk,Standard enrollment notification
19296,1.0,1,Low Risk,Standard enrollment notification
13913,1.0,1,Low Risk,Standard enrollment notification
14367,0.0,0,High Risk,Personalized phone call with HR and benefits explanation
10171,0.02,0,High Risk,Personalized phone call with HR and benefits explanation
12042,1.0,1,Low Risk,Standard enrollment notification
14441,0.09,0,High Risk,Personalized phone call with HR and benefits explanation
11234,1.0,1,Low Risk,Standard enrollment notification
15912,0.99,1,Low Risk,Standard enrollment notification
18764,1.0,1,Low Risk,Standard enrollment notification
19139,0.0,0,High Risk,Personalized phone call with HR and benefits explanation
15170,0.99,1,Low Risk,Standard enrollment notification
17388,0.03,0,High Risk,Personalized phone call with HR and benefits explanation
19305,0.03,0,High Risk,Personalized phone call with HR and benefits explanation
19076,1.0,1,Low Risk,Standard enrollment notification
13820,1.0,1,Low Risk,Standard enrollment notification
18740,0.01,0,High Risk,Personalized phone call with HR and benefits explanation
15593,0.0,0,High Risk,Personalized phone call with HR and benefits explanation
12068,0.99,1,Low Risk,Standard enrollment notification
11276,0.0,0,High Risk,Personalized phone call with HR and benefits explanation
18903,0.99,1,Low Risk,Standard enrollment notification
19709,0.07,0,High Risk,Personalized phone call with HR and benefits explanation
13119,0.94,1,Low Risk,Standard enrollment notification
14396,0.02,0,High Risk,Personalized phone call with HR and benefits explanation
12950,0.0,0,High Risk,Personalized phone call with HR and benefits explanation
19854,1.0,1,Low Risk,Standard enrollment notification
11891,0.97,1,Low Risk,Standard enrollment notification
10678,0.99,1,Low Risk,Standard enrollment notification
13098,0.98,1,Low Risk,Standard enrollment notification
16267,1.0,1,Low Risk,Standard enrollment notification
17783,1.0,1,Low Risk,Standard enrollment notification
16398,0.97,1,Low Risk,Standard enrollment notification
19561,1.0,1,Low Risk,Standard enrollment notification
18385,0.88,1,Low Risk,Standard enrollment notification
16830,0.84,1,Low Risk,Standard enrollment notification
17958,1.0,1,Low Risk,Standard enrollment notification
11297,0.98,1,Low Risk,Standard enrollment notification
17629,1.0,1,Low Risk,Standard enrollment notification
14392,0.99,1,Low Risk,Standard enrollment notification
15167,0.97,1,Low Risk,Standard enrollment notification
14150,0.02,0,High Risk,Personalized phone call with HR and benefits explanation
19595,1.0,1,Low Risk,Standard enrollment notification
13401,1.0,1,Low Risk,Standard enrollment notification
12935,0.02,0,High Risk,Personalized phone call with HR and benefits explanation
12240,0.0,0,High Risk,Personalized phone call with HR and benefits explanation
13901,1.0,1,Low Risk,Standard enrollment notification
15649,0.98,1,Low Risk,Standard enrollment notification
18950,0.05,0,High Risk,Personalized phone call with HR and benefits explanation
13343,0.0,0,High Risk,Personalized phone call with HR and benefits explanation
16103,0.0,0,High Risk,Personalized phone call with HR and benefits explanation
10302,0.97,1,Low Risk,Standard enrollment notification
10366,0.98,1,Low Risk,Standard enrollment notification
19589,0.99,1,Low Risk,Standard enrollment notification
14199,1.0,1,Low Risk,Standard enrollment notification
16436,1.0,1,Low Risk,Standard enrollment notification
16889,0.11,0,High Risk,Personalized phone call with HR and benefits explanation
11046,1.0,1,Low Risk,Standard enrollment notification
12796,0.99,1,Low Risk,Standard enrollment notification
15144,0.05,0,High Risk,Personalized phone call with HR and benefits explanation
16828,0.12,0,High Risk,Personalized phone call with HR and benefits explanation
13695,0.99,1,Low Risk,Standard enrollment notification
17431,0.01,0,High Risk,Personalized phone call with HR and benefits explanation
10858,0.02,0,High Risk,Personalized phone call with HR and benefits explanation
14406,0.93,1,Low Risk,Standard enrollment notification
13006,0.99,1,Low Risk,Standard enrollment notification
11216,1.0,1,Low Risk,Standard enrollment notification
15584,1.0,1,Low Risk,Standard enrollment notification
18381,0.03,0,High Risk,Personalized phone call with HR and benefits explanation
13255,0.92,1,Low Risk,Standard enrollment notification
14471,1.0,1,Low Risk,Standard enrollment notification
15310,0.98,1,Low Risk,Standard enrollment notification
10545,1.0,1,Low Risk,Standard enrollment notification
15448,0.09,0,High Risk,Personalized phone call with HR and benefits explanation
14388,1.0,1,Low Risk,Standard enrollment notification
18586,0.96,1,Low Risk,Standard enrollment notification
13689,0.05,0,High Risk,Personalized phone call with HR and benefits explanation
14486,0.99,1,Low Risk,Standard enrollment notification
12870,0.14,0,High Risk,Personalized phone call with HR and benefits explanation
14947,0.92,1,Low Risk,Standard enrollment notification
17902,0.98,1,Low Risk,Standard enrollment notification
11871,0.94,1,Low Risk,Standard enrollment notification
15957,0.0,0,High Risk,Personalized phone call with HR and benefits explanation
19780,0.12,0,High Risk,Personalized phone call with HR and benefits explanation
15259,0.96,1,Low Risk,Standard enrollment notification
13232,0.01,0,High Risk,Personalized phone call with HR and benefits explanation
16261,0.09,0,High Risk,Personalized phone call with HR and benefits explanation
15016,0.98,1,Low Risk,Standard enrollment notification
19920,1.0,1,Low Risk,Standard enrollment notification
16359,0.01,0,High Risk,Personalized phone call with HR and benefits explanation
17161,0.01,0,High Risk,Personalized phone call with HR and benefits explanation
17031,0.0,0,High Risk,Personalized phone call with HR and benefits explanation
14507,0.0,0,High Risk,Personalized phone call with HR and benefits explanation
19849,0.94,1,Low Risk,Standard enrollment notification
15142,0.03,0,High Risk,Personalized phone call with HR and benefits explanation
11895,0.99,1,Low Risk,Standard enrollment notification
11185,0.97,1,Low Risk,Standard enrollment notification
13408,0.96,1,Low Risk,Standard enrollment notification
13005,1.0,1,Low Risk,Standard enrollment notification
11899,0.99,1,Low Risk,Standard enrollment notification
10833,1.0,1,Low Risk,Standard enrollment notification
16324,0.92,1,Low Risk,Standard enrollment notification
15900,0.96,1,Low Risk,Standard enrollment notification
10691,0.93,1,Low Risk,Standard enrollment notification
19080,1.0,1,Low Risk,Standard enrollment notification
16615,0.1,0,High Risk,Personalized phone call with HR and benefits explanation
16849,0.98,1,Low Risk,Standard enrollment notification
16456,1.0,1,Low Risk,Standard enrollment notification
13777,0.94,1,Low Risk,Standard enrollment notification
11513,1.0,1,Low Risk,Standard enrollment notification
16363,1.0,1,Low Risk,Standard enrollment notification
17771,0.97,1,Low Risk,Standard enrollment notification
19894,0.99,1,Low Risk,Standard enrollment notification
19411,0.01,0,High Risk,Personalized phone call with HR and benefits explanation
13883,0.98,1,Low Risk,Standard enrollment notification
11076,0.92,1,Low Risk,Standard enrollment notification
19847,0.01,0,High Risk,Personalized phone call with HR and benefits explanation
17587,0.0,0,High Risk,Personalized phone call with HR and benefits explanation
12203,0.0,0,High Risk,Personalized phone call with HR and benefits explanation
16454,1.0,1,Low Risk,Standard enrollment notification
16536,0.99,1,Low Risk,Standard enrollment notification
12112,0.97,1,Low Risk,Standard enrollment notification
14866,0.1,0,High Risk,Personalized phone call with HR and benefits explanation
18246,0.0,0,High Risk,Personalized phone call with HR and benefits explanation
16469,0.02,0,High Risk,Personalized phone call with HR and benefits explanation
19517,1.0,1,Low Risk,Standard enrollment notification
19695,0.92,1,Low Risk,Standard enrollment notification
17063,1.0,1,Low Risk,Standard enrollment notification
12603,0.98,1,Low Risk,Standard enrollment notification
11947,0.0,0,High Risk,Personalized phone call with HR and benefits explanation
14651,0.99,1,Low Risk,Standard enrollment notification
17379,0.01,0,High Risk,Personalized phone call with HR and benefits explanation
13986,0.0,0,High Risk,Personalized phone call with HR and benefits explanation
10753,1.0,1,Low Risk,Standard enrollment notification
17212,0.0,0,High Risk,Personalized phone call with HR and benefits explanation
11362,0.01,0,High Risk,Personalized phone call with HR and benefits explanation
17917,1.0,1,Low Risk,Standard enrollment notification
12683,0.96,1,Low Risk,Standard enrollment notification
15138,0.09,0,High Risk,Personalized phone call with HR and benefits explanation
13285,0.98,1,Low Risk,Standard enrollment notification
11836,0.93,1,Low Risk,Standard enrollment notification
19331,0.96,1,Low Risk,Standard enrollment notification
10364,0.0,0,High Risk,Personalized phone call with HR and benefits explanation
15253,0.03,0,High Risk,Personalized phone call with HR and benefits explanation
12765,1.0,1,Low Risk,Standard enrollment notification
11136,0.81,1,Low Risk,Standard enrollment notification
13213,0.98,1,Low Risk,Standard enrollment notification
16916,0.98,1,Low Risk,Standard enrollment notification
17508,0.99,1,Low Risk,Standard enrollment notification
13808,0.96,1,Low Risk,Standard enrollment notification
16524,0.97,1,Low Risk,Standard enrollment notification
11680,0.08,0,High Risk,Personalized phone call with HR and benefits explanation
14647,0.05,0,High Risk,Personalized phone call with HR and benefits explanation
13590,0.99,1,Low Risk,Standard enrollment notification
12357,0.96,1,Low Risk,Standard enrollment notification
19705,0.06,0,High Risk,Personalized phone call with HR and benefits explanation
18269,0.97,1,Low Risk,Standard enrollment notification
11623,0.0,0,High Risk,Personalized phone call with HR and benefits explanation
16617,0.92,1,Low Risk,Standard enrollment notification
16868,0.99,1,Low Risk,Standard enrollment notification
18997,0.0,0,High Risk,Personalized phone call with HR and benefits explanation
14335,0.98,1,Low Risk,Standard enrollment notification
14098,1.0,1,Low Risk,Standard enrollment notification
13015,0.99,1,Low Risk,Standard enrollment notification
14811,1.0,1,Low Risk,Standard enrollment notification
19029,0.98,1,Low Risk,Standard enrollment notification
14939,0.97,1,Low Risk,Standard enrollment notification
16592,0.98,1,Low Risk,Standard enrollment notification
12069,1.0,1,Low Risk,Standard enrollment notification
14390,0.05,0,High Risk,Personalized phone call with HR and benefits explanation
10880,0.0,0,High Risk,Personalized phone call with HR and benefits explanation
18662,1.0,1,Low Risk,Standard enrollment notification
16910,0.97,1,Low Risk,Standard enrollment notification
19500,0.96,1,Low Risk,Standard enrollment notification
15906,0.96,1,Low Risk,Standard enrollment notification
13798,0.93,1,Low Risk,Standard enrollment notification
14960,0.05,0,High Risk,Personalized phone call with HR and benefits explanation
10759,0.01,0,High Risk,Personalized phone call with HR and benefits explanation
13122,0.99,1,Low Risk,Standard enrollment notification
16352,0.97,1,Low Risk,Standard enrollment notification
12403,1.0,1,Low Risk,Standard enrollment notification
17096,0.98,1,Low Risk,Standard enrollment notification
12060,1.0,1,Low Risk,Standard enrollment notification
19766,0.06,0,High Risk,Personalized phone call with HR and benefits explanation
14479,0.12,0,High Risk,Personalized phone call with HR and benefits explanation
19396,1.0,1,Low Risk,Standard enrollment notification
12578,0.94,1,Low Risk,Standard enrollment notification
11912,0.0,0,High Risk,Personalized phone call with HR and benefits explanation
16742,0.01,0,High Risk,Personalized phone call with HR and benefits explanation
19866,0.93,1,Low Risk,Standard enrollment notification
11021,0.96,1,Low Risk,Standard enrollment notification
11074,0.8,1,Low Risk,Standard enrollment notification
15850,1.0,1,Low Risk,Standard enrollment notification
15256,0.0,0,High Risk,Personalized phone call with HR and benefits explanation
10059,0.02,0,High Risk,Personalized phone call with HR and benefits explanation
15423,0.96,1,Low Risk,Standard enrollment notification
19233,1.0,1,Low Risk,Standard enrollment notification
12295,0.0,0,High Risk,Personalized phone call with HR and benefits explanation
18353,0.97,1,Low Risk,Standard enrollment notification
18225,1.0,1,Low Risk,Standard enrollment notification
15335,0.03,0,High Risk,Personalized phone call with HR and benefits explanation
18944,1.0,1,Low Risk,Standard enrollment notification
17297,0.01,0,High Risk,Personalized phone call with HR and benefits explanation
12399,0.0,0,High Risk,Personalized phone call with HR and benefits explanation
17600,0.0,0,High Risk,Personalized phone call with HR and benefits explanation
16790,0.02,0,High Risk,Personalized phone call with HR and benefits explanation
17558,0.88,1,Low Risk,Standard enrollment notification
13134,0.99,1,Low Risk,Standard enrollment notification
11069,1.0,1,Low Risk,Standard enrollment notification
12530,0.98,1,Low Risk,Standard enrollment notification
11774,0.93,1,Low Risk,Standard enrollment notification
11478,0.02,0,High Risk,Personalized phone call with HR and benefits explanation
11514,0.98,1,Low Risk,Standard enrollment notification
16293,0.97,1,Low Risk,Standard enrollment notification
16708,1.0,1,Low Risk,Standard enrollment notification
13286,0.03,0,High Risk,Personalized phone call with HR and benefits explanation
14452,1.0,1,Low Risk,Standard enrollment notification
13069,1.0,1,Low Risk,Standard enrollment notification
15361,0.98,1,Low Risk,Standard enrollment notification
15165,1.0,1,Low Risk,Standard enrollment notification
19505,1.0,1,Low Risk,Standard enrollment notification
16292,1.0,1,Low Risk,Standard enrollment notification
18923,0.02,0,High Risk,Personalized phone call with HR and benefits explanation
19509,0.99,1,Low Risk,Standard enrollment notification
14613,0.07,0,High Risk,Personalized phone call with HR and benefits explanation
19697,0.03,0,High Risk,Personalized phone call with HR and benefits explanation
13290,0.8,1,Low Risk,Standard enrollment notification
11800,0.01,0,High Risk,Personalized phone call with HR and benefits explanation
18974,1.0,1,Low Risk,Standard enrollment notification
17879,0.98,1,Low Risk,Standard enrollment notification
18770,0.06,0,High Risk,Personalized phone call with HR and benefits explanation
12010,1.0,1,Low Risk,Standard enrollment notification
12501,0.99,1,Low Risk,Standard enrollment notification
19657,1.0,1,Low Risk,Standard enrollment notification
17243,0.04,0,High Risk,Personalized phone call with HR and benefits explanation
12192,0.97,1,Low Risk,Standard enrollment notification
10915,0.11,0,High Risk,Personalized phone call with HR and benefits explanation
14289,0.98,1,Low Risk,Standard enrollment notification
13796,0.97,1,Low Risk,Standard enrollment notification
13722,0.99,1,Low Risk,Standard enrollment notification
11337,1.0,1,Low Risk,Standard enrollment notification
17561,0.15,0,High Risk,Personalized phone call with HR and benefits explanation
14086,0.0,0,High Risk,Personalized phone call with HR and benefits explanation
15135,0.97,1,Low Risk,Standard enrollment notification
16275,0.22,0,High Risk,Personalized phone call with HR and benefits explanation
16056,0.0,0,High Risk,Personalized phone call with HR and benefits explanation
17092,0.0,0,High Risk,Personalized phone call with HR and benefits explanation
17201,0.08,0,High Risk,Personalized phone call with HR and benefits explanation
18220,0.94,1,Low Risk,Standard enrollment notification
15314,0.99,1,Low Risk,Standard enrollment notification
12682,0.05,0,High Risk,Personalized phone call with HR and benefits explanation
15615,1.0,1,Low Risk,Standard enrollment notification
12506,0.91,1,Low Risk,Standard enrollment notification
11304,0.96,1,Low Risk,Standard enrollment notification
14723,0.91,1,Low Risk,Standard enrollment notification
13806,0.93,1,Low Risk,Standard enrollment notification
11174,0.99,1,Low Risk,Standard enrollment notification
11433,0.99,1,Low Risk,Standard enrollment notification
11100,0.99,1,Low Risk,Standard enrollment notification
19519,0.0,0,High Risk,Personalized phone call with HR and benefits explanation
11909,0.12,0,High Risk,Personalized phone call with HR and benefits explanation
17108,0.98,1,Low Risk,Standard enrollment notification
13023,0.98,1,Low Risk,Standard enrollment notification
19385,0.04,0,High Risk,Personalized phone call with HR and benefits explanation
19285,0.99,1,Low Risk,Standard enrollment notification
19790,0.97,1,Low Risk,Standard enrollment notification
11406,0.0,0,High Risk,Personalized phone call with HR and benefits explanation
16007,0.0,0,High Risk,Personalized phone call with HR and benefits explanation
16295,0.97,1,Low Risk,Standard enrollment notification
19428,0.99,1,Low Risk,Standard enrollment notification
18314,0.94,1,Low Risk,Standard enrollment notification
19909,0.94,1,Low Risk,Standard enrollment notification
12814,0.01,0,High Risk,Personalized phone call with HR and benefits explanation
10310,1.0,1,Low Risk,Standard enrollment notification
15509,1.0,1,Low Risk,Standard enrollment notification
14091,0.01,0,High Risk,Personalized phone call with HR and benefits explanation
10776,0.91,1,Low Risk,Standard enrollment notification
14581,0.0,0,High Risk,Personalized phone call with HR and benefits explanation
15671,0.17,0,High Risk,Personalized phone call with HR and benefits explanation
10368,0.94,1,Low Risk,Standard enrollment notification
10571,0.0,0,High Risk,Personalized phone call with HR and benefits explanation
14100,0.97,1,Low Risk,Standard enrollment notification
14746,0.97,1,Low Risk,Standard enrollment notification
18294,1.0,1,Low Risk,Standard enrollment notification
17612,0.89,1,Low Risk,Standard enrollment notification
14538,0.98,1,Low Risk,Standard enrollment notification
11594,0.99,1,Low Risk,Standard enrollment notification
12264,0.97,1,Low Risk,Standard enrollment notification
19742,0.0,0,High Risk,Personalized phone call with HR and benefits explanation
18922,1.0,1,Low Risk,Standard enrollment notification
11542,0.99,1,Low Risk,Standard enrollment notification
19761,0.02,0,High Risk,Personalized phone call with HR and benefits explanation
18687,0.97,1,Low Risk,Standard enrollment notification
19806,1.0,1,Low Risk,Standard enrollment notification
19405,0.97,1,Low Risk,Standard enrollment notification
14645,0.94,1,Low Risk,Standard enrollment notification
19479,0.02,0,High Risk,Personalized phone call with HR and benefits explanation
15366,0.0,0,High Risk,Personalized phone call with HR and benefits explanation
11841,0.06,0,High Risk,Personalized phone call with HR and benefits explanation
18319,0.13,0,High Risk,Personalized phone call with HR and benefits explanation
16128,1.0,1,Low Risk,Standard enrollment notification
15042,0.95,1,Low Risk,Standard enrollment notification
15786,0.99,1,Low Risk,Standard enrollment notification
19199,0.83,1,Low Risk,Standard enrollment notification
10073,1.0,1,Low Risk,Standard enrollment notification
17071,0.02,0,High Risk,Personalized phone call with HR and benefits explanation
14830,0.99,1,Low Risk,Standard enrollment notification
18483,0.99,1,Low Risk,Standard enrollment notification
15091,0.1,0,High Risk,Personalized phone call with HR and benefits explanation
14859,0.02,0,High Risk,Personalized phone call with HR and benefits explanation
17864,0.99,1,Low Risk,Standard enrollment notification
16234,0.98,1,Low Risk,Standard enrollment notification
12836,1.0,1,Low Risk,Standard enrollment notification
14270,0.09,0,High Risk,Personalized phone call with HR and benefits explanation
16162,0.94,1,Low Risk,Standard enrollment notification
16953,0.98,1,Low Risk,Standard enrollment notification
15831,1.0,1,Low Risk,Standard enrollment notification
19485,0.01,0,High Risk,Personalized phone call with HR and benefits explanation
13737,0.06,0,High Risk,Personalized phone call with HR and benefits explanation
18979,0.9,1,Low Risk,Standard enrollment notification
16949,0.97,1,Low Risk,Standard enrollment notification
12512,1.0,1,Low Risk,Standard enrollment notification
17055,0.03,0,High Risk,Personalized phone call with HR and benefits explanation
17284,1.0,1,Low Risk,Standard enrollment notification
17272,0.03,0,High Risk,Personalized phone call with HR and benefits explanation
11781,1.0,1,Low Risk,Standard enrollment notification
16448,0.98,1,Low Risk,Standard enrollment notification
11776,0.99,1,Low Risk,Standard enrollment notification
11535,0.99,1,Low Risk,Standard enrollment notification
14935,0.32,0,Medium Risk,Reminder email with enrollment benefits
13106,0.02,0,High Risk,Personalized phone call with HR and benefits explanation
13766,0.92,1,Low Risk,Standard enrollment notification
13335,1.0,1,Low Risk,Standard enrollment notification
13597,1.0,1,Low Risk,Standard enrollment notification
14961,0.03,0,High Risk,Personalized phone call with HR and benefits explanation
13331,0.98,1,Low Risk,Standard enrollment notification
18095,0.06,0,High Risk,Personalized phone call with HR and benefits explanation
18612,0.0,0,High Risk,Personalized phone call with HR and benefits explanation
14913,0.94,1,Low Risk,Standard enrollment notification
17773,1.0,1,Low Risk,Standard enrollment notification
16000,1.0,1,Low Risk,Standard enrollment notification
14395,0.0,0,High Risk,Personalized phone call with HR and benefits explanation
14468,0.99,1,Low Risk,Standard enrollment notification
15996,0.01,0,High Risk,Personalized phone call with HR and benefits explanation
15390,0.99,1,Low Risk,Standard enrollment notification
14363,0.91,1,Low Risk,Standard enrollment notification
13963,0.14,0,High Risk,Personalized phone call with HR and benefits explanation
14257,0.96,1,Low Risk,Standard enrollment notification
11785,0.98,1,Low Risk,Standard enrollment notification
19042,0.02,0,High Risk,Personalized phone call with HR and benefits explanation
17206,0.89,1,Low Risk,Standard enrollment notification
11030,0.04,0,High Risk,Personalized phone call with HR and benefits explanation
10520,1.0,1,Low Risk,Standard enrollment notification
19313,0.98,1,Low Risk,Standard enrollment notification
12447,0.97,1,Low Risk,Standard enrollment notification
17211,1.0,1,Low Risk,Standard enrollment notification
15320,0.0,0,High Risk,Personalized phone call with HR and benefits explanation
11915,1.0,1,Low Risk,Standard enrollment notification
18632,0.01,0,High Risk,Personalized phone call with HR and benefits explanation
10239,1.0,1,Low Risk,Standard enrollment notification
17556,0.98,1,Low Risk,Standard enrollment notification
11610,0.18,0,High Risk,Personalized phone call with HR and benefits explanation
19899,1.0,1,Low Risk,Standard enrollment notification
17020,0.98,1,Low Risk,Standard enrollment notification
19067,0.01,0,High Risk,Personalized phone call with HR and benefits explanation
10396,0.01,0,High Risk,Personalized phone call with HR and benefits explanation
14191,0.99,1,Low Risk,Standard enrollment notification
18083,1.0,1,Low Risk,Standard enrollment notification
15936,1.0,1,Low Risk,Standard enrollment notification
15882,0.01,0,High Risk,Personalized phone call with HR and benefits explanation
11984,0.08,0,High Risk,Personalized phone call with HR and benefits explanation
11937,0.21,0,High Risk,Personalized phone call with HR and benefits explanation
13365,0.99,1,Low Risk,Standard enrollment notification
19045,1.0,1,Low Risk,Standard enrollment notification
12619,0.05,0,High Risk,Personalized phone call with HR and benefits explanation
16649,0.99,1,Low Risk,Standard enrollment notification
11034,0.01,0,High Risk,Personalized phone call with HR and benefits explanation
14181,0.0,0,High Risk,Personalized phone call with HR and benefits explanation
17687,0.92,1,Low Risk,Standard enrollment notification
19946,0.03,0,High Risk,Personalized phone call with HR and benefits explanation
14389,0.13,0,High Risk,Personalized phone call with HR and benefits explanation
15049,0.12,0,High Risk,Personalized phone call with HR and benefits explanation
10605,0.04,0,High Risk,Personalized phone call with HR and benefits explanation
18522,0.93,1,Low Risk,Standard enrollment notification
14978,0.97,1,Low Risk,Standard enrollment notification
13269,0.98,1,Low Risk,Standard enrollment notification
12805,0.1,0,High Risk,Personalized phone call with HR and benefits explanation
11432,0.0,0,High Risk,Personalized phone call with HR and benefits explanation
17998,0.98,1,Low Risk,Standard enrollment notification
12710,0.0,0,High Risk,Personalized phone call with HR and benefits explanation
13651,0.05,0,High Risk,Personalized phone call with HR and benefits explanation
17384,0.9,1,Low Risk,Standard enrollment notification
19469,0.05,0,High Risk,Personalized phone call with HR and benefits explanation
14903,1.0,1,Low Risk,Standard enrollment notification
14209,1.0,1,Low Risk,Standard enrollment notification
12366,0.96,1,Low Risk,Standard enrollment notification
11322,0.0,0,High Risk,Personalized phone call with HR and benefits explanation
16168,0.98,1,Low Risk,Standard enrollment notification
12577,0.01,0,High Risk,Personalized phone call with HR and benefits explanation
15044,0.03,0,High Risk,Personalized phone call with HR and benefits explanation
19271,0.97,1,Low Risk,Standard enrollment notification
15684,0.05,0,High Risk,Personalized phone call with HR and benefits explanation
16915,0.01,0,High Risk,Personalized phone call with HR and benefits explanation
15274,0.99,1,Low Risk,Standard enrollment notification
12642,0.92,1,Low Risk,Standard enrollment notification
19840,1.0,1,Low Risk,Standard enrollment notification
16689,0.92,1,Low Risk,Standard enrollment notification
18774,0.0,0,High Risk,Personalized phone call with HR and benefits explanation
14727,1.0,1,Low Risk,Standard enrollment notification
13755,1.0,1,Low Risk,Standard enrollment notification
15667,0.98,1,Low Risk,Standard enrollment notification
17357,0.09,0,High Risk,Personalized phone call with HR and benefits explanation
18735,0.96,1,Low Risk,Standard enrollment notification
18533,0.98,1,Low Risk,Standard enrollment notification
13433,0.03,0,High Risk,Personalized phone call with HR and benefits explanation
17688,1.0,1,Low Risk,Standard enrollment notification
19442,1.0,1,Low Risk,Standard enrollment notification
12684,0.96,1,Low Risk,Standard enrollment notification
13381,0.99,1,Low Risk,Standard enrollment notification
15711,0.05,0,High Risk,Personalized phone call with HR and benefits explanation
17326,0.02,0,High Risk,Personalized phone call with HR and benefits explanation
14319,0.03,0,High Risk,Personalized phone call with HR and benefits explanation
14074,0.95,1,Low Risk,Standard enrollment notification
19203,0.93,1,Low Risk,Standard enrollment notification
16253,1.0,1,Low Risk,Standard enrollment notification
18812,0.93,1,Low Risk,Standard enrollment notification
17091,0.07,0,High Risk,Personalized phone call with HR and benefits explanation
13933,0.07,0,High Risk,Personalized phone call with HR and benefits explanation
11743,0.01,0,High Risk,Personalized phone call with HR and benefits explanation
18734,1.0,1,Low Risk,Standard enrollment notification
10203,0.01,0,High Risk,Personalized phone call with HR and benefits explanation
17457,1.0,1,Low Risk,Standard enrollment notification
11878,0.02,0,High Risk,Personalized phone call with HR and benefits explanation
18715,0.95,1,Low Risk,Standard enrollment notification
16186,1.0,1,Low Risk,Standard enrollment notification
19440,0.04,0,High Risk,Personalized phone call with HR and benefits explanation
16259,0.99,1,Low Risk,Standard enrollment notification
18924,0.02,0,High Risk,Personalized phone call with HR and benefits explanation
11924,0.0,0,High Risk,Personalized phone call with HR and benefits explanation
19274,0.99,1,Low Risk,Standard enrollment notification
12842,1.0,1,Low Risk,Standard enrollment notification
14384,1.0,1,Low Risk,Standard enrollment notification
18335,0.09,0,High Risk,Personalized phone call with HR and benefits explanation
11925,0.98,1,Low Risk,Standard enrollment notification
18861,0.98,1,Low Risk,Standard enrollment notification
14210,0.08,0,High Risk,Personalized phone call with HR and benefits explanation
16466,0.99,1,Low Risk,Standard enrollment notification
18761,0.96,1,Low Risk,Standard enrollment notification
10028,0.98,1,Low Risk,Standard enrollment notification
18047,1.0,1,Low Risk,Standard enrollment notification
18516,0.32,0,Medium Risk,Reminder email with enrollment benefits
15206,0.07,0,High Risk,Personalized phone call with HR and benefits explanation
17913,1.0,1,Low Risk,Standard enrollment notification
17276,0.99,1,Low Risk,Standard enrollment notification
13569,0.87,1,Low Risk,Standard enrollment notification
17255,1.0,1,Low Risk,Standard enrollment notification
15321,1.0,1,Low Risk,Standard enrollment notification
17897,0.0,0,High Risk,Personalized phone call with HR and benefits explanation
13432,0.05,0,High Risk,Personalized phone call with HR and benefits explanation
17878,0.99,1,Low Risk,Standard enrollment notification
18259,0.0,0,High Risk,Personalized phone call with HR and benefits explanation
16493,0.99,1,Low Risk,Standard enrollment notification
12177,0.94,1,Low Risk,Standard enrollment notification
14622,1.0,1,Low Risk,Standard enrollment notification
12522,0.96,1,Low Risk,Standard enrollment notification
15570,0.94,1,Low Risk,Standard enrollment notification
19634,0.0,0,High Risk,Personalized phone call with HR and benefits explanation
13880,0.08,0,High Risk,Personalized phone call with HR and benefits explanation
14603,0.0,0,High Risk,Personalized phone call with HR and benefits explanation
13552,0.96,1,Low Risk,Standard enrollment notification
19888,1.0,1,Low Risk,Standard enrollment notification
19685,0.97,1,Low Risk,Standard enrollment notification
11224,0.99,1,Low Risk,Standard enrollment notification
12445,0.05,0,High Risk,Personalized phone call with HR and benefits explanation
17605,0.01,0,High Risk,Personalized phone call with HR and benefits explanation
12564,0.96,1,Low Risk,Standard enrollment notification
13313,1.0,1,Low Risk,Standard enrollment notification
19944,0.24,0,High Risk,Personalized phone call with HR and benefits explanation
15792,0.01,0,High Risk,Personalized phone call with HR and benefits explanation
19415,0.87,1,Low Risk,Standard enrollment notification
17036,1.0,1,Low Risk,Standard enrollment notification
13068,0.95,1,Low Risk,Standard enrollment notification
11627,1.0,1,Low Risk,Standard enrollment notification
11265,0.95,1,Low Risk,Standard enrollment notification
13970,0.15,0,High Risk,Personalized phone call with HR and benefits explanation
11965,0.97,1,Low Risk,Standard enrollment notification
18332,0.72,1,Low Risk,Standard enrollment notification
10878,1.0,1,Low Risk,Standard enrollment notification
19317,1.0,1,Low Risk,Standard enrollment notification
19833,0.97,1,Low Risk,Standard enrollment notification
15736,0.99,1,Low Risk,Standard enrollment notification
13479,0.08,0,High Risk,Personalized phone call with HR and benefits explanation
14110,0.91,1,Low Risk,Standard enrollment notification
10482,0.96,1,Low Risk,Standard enrollment notification
19773,0.96,1,Low Risk,Standard enrollment notification
19170,1.0,1,Low Risk,Standard enrollment notification
17890,0.99,1,Low Risk,Standard enrollment notification
17314,1.0,1,Low Risk,Standard enrollment notification
19114,0.98,1,Low Risk,Standard enrollment notification
16521,1.0,1,Low Risk,Standard enrollment notification
12553,0.99,1,Low Risk,Standard enrollment notification
19266,0.13,0,High Risk,Personalized phone call with HR and benefits explanation
19587,0.98,1,Low Risk,Standard enrollment notification
14954,1.0,1,Low Risk,Standard enrollment notification
16648,0.99,1,Low Risk,Standard enrollment notification
13130,0.03,0,High Risk,Personalized phone call with HR and benefits explanation
14143,0.01,0,High Risk,Personalized phone call with HR and benefits explanation
12919,0.02,0,High Risk,Personalized phone call with HR and benefits explanation
14042,0.98,1,Low Risk,Standard enrollment notification
19758,1.0,1,Low Risk,Standard enrollment notification
14996,0.89,1,Low Risk,Standard enrollment notification
19652,0.99,1,Low Risk,Standard enrollment notification
19722,0.0,0,High Risk,Personalized phone call with HR and benefits explanation
17398,0.0,0,High Risk,Personalized phone call with HR and benefits explanation
19061,0.91,1,Low Risk,Standard enrollment notification
18360,0.06,0,High Risk,Personalized phone call with HR and benefits explanation
11810,0.92,1,Low Risk,Standard enrollment notification
16318,1.0,1,Low Risk,Standard enrollment notification
10205,0.97,1,Low Risk,Standard enrollment notification
13510,0.98,1,Low Risk,Standard enrollment notification
11163,0.0,0,High Risk,Personalized phone call with HR and benefits explanation
16775,0.92,1,Low Risk,Standard enrollment notification
10087,0.01,0,High Risk,Personalized phone call with HR and benefits explanation
15966,0.27,0,High Risk,Personalized phone call with HR and benefits explanation
18417,0.34,0,Medium Risk,Reminder email with enrollment benefits
12208,0.05,0,High Risk,Personalized phone call with HR and benefits explanation
13047,0.04,0,High Risk,Personalized phone call with HR and benefits explanation
17748,1.0,1,Low Risk,Standard enrollment notification
14718,0.95,1,Low Risk,Standard enrollment notification
15910,0.08,0,High Risk,Personalized phone call with HR and benefits explanation
18263,1.0,1,Low Risk,Standard enrollment notification
18683,1.0,1,Low Risk,Standard enrollment notification
13981,1.0,1,Low Risk,Standard enrollment notification
18985,1.0,1,Low Risk,Standard enrollment notification
13976,1.0,1,Low Risk,Standard enrollment notification
17680,1.0,1,Low Risk,Standard enrollment notification
19051,0.96,1,Low Risk,Standard enrollment notification
11000,0.96,1,Low Risk,Standard enrollment notification
13173,0.03,0,High Risk,Personalized phone call with HR and benefits explanation
19173,1.0,1,Low Risk,Standard enrollment notification
15185,0.22,0,High Risk,Personalized phone call with HR and benefits explanation
10996,1.0,1,Low Risk,Standard enrollment notification
12402,0.02,0,High Risk,Personalized phone call with HR and benefits explanation
19599,0.98,1,Low Risk,Standard enrollment notification
18952,0.0,0,High Risk,Personalized phone call with HR and benefits explanation
11045,0.94,1,Low Risk,Standard enrollment notification
13822,0.12,0,High Risk,Personalized phone call with HR and benefits explanation
12008,1.0,1,Low Risk,Standard enrollment notification
15289,0.97,1,Low Risk,Standard enrollment notification
18666,0.82,1,Low Risk,Standard enrollment notification
14660,1.0,1,Low Risk,Standard enrollment notification
18709,0.95,1,Low Risk,Standard enrollment notification
13467,1.0,1,Low Risk,Standard enrollment notification
17215,0.01,0,High Risk,Personalized phone call with HR and benefits explanation
18745,1.0,1,Low Risk,Standard enrollment notification
14482,0.96,1,Low Risk,Standard enrollment notification
17493,0.99,1,Low Risk,Standard enrollment notification
14619,1.0,1,Low Risk,Standard enrollment notification
10592,0.95,1,Low Risk,Standard enrollment notification
18865,0.02,0,High Risk,Personalized phone call with HR and benefits explanation
12226,0.99,1,Low Risk,Standard enrollment notification
10519,0.02,0,High Risk,Personalized phone call with HR and benefits explanation
17871,0.98,1,Low Risk,Standard enrollment notification
15685,0.01,0,High Risk,Personalized phone call with HR and benefits explanation
14692,0.05,0,High Risk,Personalized phone call with HR and benefits explanation
13105,0.08,0,High Risk,Personalized phone call with HR and benefits explanation
18325,0.98,1,Low Risk,Standard enrollment notification
14063,0.98,1,Low Risk,Standard enrollment notification
16604,0.02,0,High Risk,Personalized phone call with HR and benefits explanation
15983,0.03,0,High Risk,Personalized phone call with HR and benefits explanation
11651,1.0,1,Low Risk,Standard enrollment notification
16057,0.1,0,High Risk,Personalized phone call with HR and benefits explanation
11817,1.0,1,Low Risk,Standard enrollment notification
14852,0.95,1,Low Risk,Standard enrollment notification
16899,1.0,1,Low Risk,Standard enrollment notification
12635,1.0,1,Low Risk,Standard enrollment notification
11328,0.98,1,Low Risk,Standard enrollment notification
14736,0.0,0,High Risk,Personalized phone call with HR and benefits explanation
11054,0.01,0,High Risk,Personalized phone call with HR and benefits explanation
10044,0.16,0,High Risk,Personalized phone call with HR and benefits explanation
10008,0.73,1,Low Risk,Standard enrollment notification
17907,0.1,0,High Risk,Personalized phone call with HR and benefits explanation
15591,0.96,1,Low Risk,Standard enrollment notification
10472,1.0,1,Low Risk,Standard enrollment notification
12323,0.0,0,High Risk,Personalized phone call with HR and benefits explanation
18092,0.01,0,High Risk,Personalized phone call with HR and benefits explanation
17644,0.96,1,Low Risk,Standard enrollment notification
14405,0.02,0,High Risk,Personalized phone call with HR and benefits explanation
10465,0.02,0,High Risk,Personalized phone call with HR and benefits explanation
14564,0.94,1,Low Risk,Standard enrollment notification
11692,1.0,1,Low Risk,Standard enrollment notification
12231,0.07,0,High Risk,Personalized phone call with HR and benefits explanation
17580,0.91,1,Low Risk,Standard enrollment notification
19954,0.01,0,High Risk,Personalized phone call with HR and benefits explanation
18258,0.97,1,Low Risk,Standard enrollment notification
11349,0.2,0,High Risk,Personalized phone call with HR and benefits explanation
12481,0.98,1,Low Risk,Standard enrollment notification
15529,0.09,0,High Risk,Personalized phone call with HR and benefits explanation
12150,0.02,0,High Risk,Personalized phone call with HR and benefits explanation
12097,0.98,1,Low Risk,Standard enrollment notification
16189,0.76,1,Low Risk,Standard enrollment notification
15092,0.97,1,Low Risk,Standard enrollment notification
16468,0.99,1,Low Risk,Standard enrollment notification
18467,1.0,1,Low Risk,Standard enrollment notification
17234,1.0,1,Low Risk,Standard enrollment notification
16206,0.58,1,Medium Risk,Reminder email with enrollment benefits
18537,0.08,0,High Risk,Personalized phone call with HR and benefits explanation
14226,0.99,1,Low Risk,Standard enrollment notification
14137,0.88,1,Low Risk,Standard enrollment notification
10850,0.95,1,Low Risk,Standard enrollment notification
11822,0.87,1,Low Risk,Standard enrollment notification
10418,0.82,1,Low Risk,Standard enrollment notification
13719,0.02,0,High Risk,Personalized phone call with HR and benefits explanation
18685,0.98,1,Low Risk,Standard enrollment notification
18803,0.99,1,Low Risk,Standard enrollment notification
14174,0.93,1,Low Risk,Standard enrollment notification
11923,0.02,0,High Risk,Personalized phone call with HR and benefits explanation
19338,0.02,0,High Risk,Personalized phone call with HR and benefits explanation
19639,1.0,1,Low Risk,Standard enrollment notification
15490,0.96,1,Low Risk,Standard enrollment notification
13762,0.02,0,High Risk,Personalized phone call with HR and benefits explanation
12103,0.08,0,High Risk,Personalized phone call with HR and benefits explanation
18825,0.98,1,Low Risk,Standard enrollment notification
14156,0.3,0,Medium Risk,Reminder email with enrollment benefits
12233,0.94,1,Low Risk,Standard enrollment notification
19456,0.0,0,High Risk,Personalized phone call with HR and benefits explanation
19631,0.0,0,High Risk,Personalized phone call with HR and benefits explanation
16302,0.0,0,High Risk,Personalized phone call with HR and benefits explanation
14932,1.0,1,Low Risk,Standard enrollment notification
10030,0.0,0,High Risk,Personalized phone call with HR and benefits explanation
11824,1.0,1,Low Risk,Standard enrollment notification
16921,0.96,1,Low Risk,Standard enrollment notification
13698,1.0,1,Low Risk,Standard enrollment notification
18419,1.0,1,Low Risk,Standard enrollment notification
13685,1.0,1,Low Risk,Standard enrollment notification
13345,0.0,0,High Risk,Personalized phone call with HR and benefits explanation
15969,0.1,0,High Risk,Personalized phone call with HR and benefits explanation
17994,1.0,1,Low Risk,Standard enrollment notification
18680,1.0,1,Low Risk,Standard enrollment notification
19083,0.97,1,Low Risk,Standard enrollment notification
18793,1.0,1,Low Risk,Standard enrollment notification
16512,0.92,1,Low Risk,Standard enrollment notification
13281,0.01,0,High Risk,Personalized phone call with HR and benefits explanation
16390,0.97,1,Low Risk,Standard enrollment notification
12948,0.02,0,High Risk,Personalized phone call with HR and benefits explanation
13168,0.88,1,Low Risk,Standard enrollment notification
18290,1.0,1,Low Risk,Standard enrollment notification
17005,0.0,0,High Risk,Personalized phone call with HR and benefits explanation
12413,0.95,1,Low Risk,Standard enrollment notification
16309,0.0,0,High Risk,Personalized phone call with HR and benefits explanation
12246,0.99,1,Low Risk,Standard enrollment notification
17585,0.0,0,High Risk,Personalized phone call with HR and benefits explanation
14607,0.92,1,Low Risk,Standard enrollment notification
10448,0.99,1,Low Risk,Standard enrollment notification
15773,0.01,0,High Risk,Personalized phone call with HR and benefits explanation
15994,0.98,1,Low Risk,Standard enrollment notification
16965,1.0,1,Low Risk,Standard enrollment notification
10015,1.0,1,Low Risk,Standard enrollment notification
14394,0.98,1,Low Risk,Standard enrollment notification
18513,1.0,1,Low Risk,Standard enrollment notification
15664,0.93,1,Low Risk,Standard enrollment notification
15505,0.01,0,High Risk,Personalized phone call with HR and benefits explanation
13795,1.0,1,Low Risk,Standard enrollment notification
16227,0.03,0,High Risk,Personalized phone call with HR and benefits explanation
18171,1.0,1,Low Risk,Standard enrollment notification
19575,0.98,1,Low Risk,Standard enrollment notification
12343,0.16,0,High Risk,Personalized phone call with HR and benefits explanation
10287,0.94,1,Low Risk,Standard enrollment notification
13844,0.0,0,High Risk,Personalized phone call with HR and benefits explanation
14219,0.99,1,Low Risk,Standard enrollment notification
12313,0.01,0,High Risk,Personalized phone call with HR and benefits explanation
15751,0.98,1,Low Risk,Standard enrollment notification
17271,0.9,1,Low Risk,Standard enrollment notification
14020,0.97,1,Low Risk,Standard enrollment notification
12053,0.99,1,Low Risk,Standard enrollment notification
18552,0.01,0,High Risk,Personalized phone call with HR and benefits explanation
16661,0.99,1,Low Risk,Standard enrollment notification
15005,0.99,1,Low Risk,Standard enrollment notification
14447,0.0,0,High Risk,Personalized phone call with HR and benefits explanation
19436,0.01,0,High Risk,Personalized phone call with HR and benefits explanation
10166,0.97,1,Low Risk,Standard enrollment notification
18517,0.98,1,Low Risk,Standard enrollment notification
16392,0.05,0,High Risk,Personalized phone call with HR and benefits explanation
11340,0.02,0,High Risk,Personalized phone call with HR and benefits explanation
17044,0.02,0,High Risk,Personalized phone call with HR and benefits explanation
11139,0.01,0,High Risk,Personalized phone call with HR and benefits explanation
16303,0.93,1,Low Risk,Standard enrollment notification
17754,1.0,1,Low Risk,Standard enrollment notification
19537,0.99,1,Low Risk,Standard enrollment notification
12189,1.0,1,Low Risk,Standard enrollment notification
13974,0.16,0,High Risk,Personalized phone call with HR and benefits explanation
15229,0.03,0,High Risk,Personalized phone call with HR and benefits explanation
10300,0.87,1,Low Risk,Standard enrollment notification
19803,0.07,0,High Risk,Personalized phone call with HR and benefits explanation
16542,0.03,0,High Risk,Personalized phone call with HR and benefits explanation
11616,1.0,1,Low Risk,Standard enrollment notification
15328,0.97,1,Low Risk,Standard enrollment notification
18942,0.87,1,Low Risk,Standard enrollment notification
15660,0.72,1,Low Risk,Standard enrollment notification
13082,0.03,0,High Risk,Personalized phone call with HR and benefits explanation
13143,1.0,1,Low Risk,Standard enrollment notification
16067,0.13,0,High Risk,Personalized phone call with HR and benefits explanation
11428,0.92,1,Low Risk,Standard enrollment notification
15244,1.0,1,Low Risk,Standard enrollment notification
15625,0.04,0,High Risk,Personalized phone call with HR and benefits explanation
14149,0.97,1,Low Risk,Standard enrollment notification
10847,0.97,1,Low Risk,Standard enrollment notification
13035,0.02,0,High Risk,Personalized phone call with HR and benefits explanation
19481,1.0,1,Low Risk,Standard enrollment notification
10032,0.95,1,Low Risk,Standard enrollment notification
18699,0.05,0,High Risk,Personalized phone call with HR and benefits explanation
10812,0.15,0,High Risk,Personalized phone call with HR and benefits explanation
19098,0.97,1,Low Risk,Standard enrollment notification
11485,0.97,1,Low Risk,Standard enrollment notification
13460,0.9,1,Low Risk,Standard enrollment notification
15856,0.99,1,Low Risk,Standard enrollment notification
12145,0.0,0,High Risk,Personalized phone call with HR and benefits explanation
19526,0.09,0,High Risk,Personalized phone call with HR and benefits explanation
16453,1.0,1,Low Risk,Standard enrollment notification
13192,0.03,0,High Risk,Personalized phone call with HR and benefits explanation
18617,0.96,1,Low Risk,Standard enrollment notification
17811,1.0,1,Low Risk,Standard enrollment notification
10331,1.0,1,Low Risk,Standard enrollment notification
13511,0.17,0,High Risk,Personalized phone call with HR and benefits explanation
19700,0.98,1,Low Risk,Standard enrollment notification
15612,0.0,0,High Risk,Personalized phone call with HR and benefits explanation
16875,1.0,1,Low Risk,Standard enrollment notification
11199,0.12,0,High Risk,Personalized phone call with HR and benefits explanation
15208,0.89,1,Low Risk,Standard enrollment notification
14424,0.04,0,High Risk,Personalized phone call with HR and benefits explanation
13952,0.02,0,High Risk,Personalized phone call with HR and benefits explanation
11089,0.97,1,Low Risk,Standard enrollment notification
19022,0.02,0,High Risk,Personalized phone call with HR and benefits explanation
12516,1.0,1,Low Risk,Standard enrollment notification
18196,1.0,1,Low Risk,Standard enrollment notification
13725,1.0,1,Low Risk,Standard enrollment notification
14041,0.96,1,Low Risk,Standard enrollment notification
17924,0.95,1,Low Risk,Standard enrollment notification
12460,0.86,1,Low Risk,Standard enrollment notification
10550,0.02,0,High Risk,Personalized phone call with HR and benefits explanation
19231,0.96,1,Low Risk,Standard enrollment notification
15582,0.93,1,Low Risk,Standard enrollment notification
12301,1.0,1,Low Risk,Standard enrollment notification
14361,0.11,0,High Risk,Personalized phone call with HR and benefits explanation
13096,0.13,0,High Risk,Personalized phone call with HR and benefits explanation
18511,1.0,1,Low Risk,Standard enrollment notification
18093,0.0,0,High Risk,Personalized phone call with HR and benefits explanation
10919,0.95,1,Low Risk,Standard enrollment notification
15161,0.01,0,High Risk,Personalized phone call with HR and benefits explanation
18908,0.08,0,High Risk,Personalized phone call with HR and benefits explanation
12602,0.06,0,High Risk,Personalized phone call with HR and benefits explanation
13634,0.03,0,High Risk,Personalized phone call with HR and benefits explanation
15098,0.12,0,High Risk,Personalized phone call with HR and benefits explanation
14631,0.03,0,High Risk,Personalized phone call with HR and benefits explanation
19802,0.98,1,Low Risk,Standard enrollment notification
14171,0.97,1,Low Risk,Standard enrollment notification
11889,0.97,1,Low Risk,Standard enrollment notification
18879,1.0,1,Low Risk,Standard enrollment notification
15806,0.04,0,High Risk,Personalized phone call with HR and benefits explanation
14862,0.89,1,Low Risk,Standard enrollment notification
16121,0.95,1,Low Risk,Standard enrollment notification
18214,1.0,1,Low Risk,Standard enrollment notification
11205,1.0,1,Low Risk,Standard enrollment notification
16525,0.98,1,Low Risk,Standard enrollment notification
12674,0.04,0,High Risk,Personalized phone call with HR and benefits explanation
15626,1.0,1,Low Risk,Standard enrollment notification
17358,0.99,1,Low Risk,Standard enrollment notification
16632,0.04,0,High Risk,Personalized phone call with HR and benefits explanation
13248,0.97,1,Low Risk,Standard enrollment notification
19591,0.85,1,Low Risk,Standard enrollment notification
14391,1.0,1,Low Risk,Standard enrollment notification
16074,0.16,0,High Risk,Personalized phone call with HR and benefits explanation
18529,1.0,1,Low Risk,Standard enrollment notification
10811,1.0,1,Low Risk,Standard enrollment notification
16786,1.0,1,Low Risk,Standard enrollment notification
19953,0.0,0,High Risk,Personalized phone call with HR and benefits explanation
11369,0.06,0,High Risk,Personalized phone call with HR and benefits explanation
11521,0.0,0,High Risk,Personalized phone call with HR and benefits explanation
19677,1.0,1,Low Risk,Standard enrollment notification
11206,0.97,1,Low Risk,Standard enrollment notification
17239,0.11,0,High Risk,Personalized phone call with HR and benefits explanation
12333,0.0,0,High Risk,Personalized phone call with HR and benefits explanation
14035,0.95,1,Low Risk,Standard enrollment notification
13850,0.01,0,High Risk,Personalized phone call with HR and benefits explanation
14227,0.19,0,High Risk,Personalized phone call with HR and benefits explanation
10860,0.0,0,High Risk,Personalized phone call with HR and benefits explanation
12034,1.0,1,Low Risk,Standard enrollment notification
11316,0.99,1,Low Risk,Standard enrollment notification
17123,0.98,1,Low Risk,Standard enrollment notification
14720,0.02,0,High Risk,Personalized phone call with HR and benefits explanation
17639,0.06,0,High Risk,Personalized phone call with HR and benefits explanation
14785,0.01,0,High Risk,Personalized phone call with HR and benefits explanation
10056,0.05,0,High Risk,Personalized phone call with HR and benefits explanation
11367,1.0,1,Low Risk,Standard enrollment notification
17294,0.94,1,Low Risk,Standard enrollment notification
13925,0.98,1,Low Risk,Standard enrollment notification
17505,0.04,0,High Risk,Personalized phone call with HR and benefits explanation
12507,1.0,1,Low Risk,Standard enrollment notification
17200,0.05,0,High Risk,Personalized phone call with HR and benefits explanation
15876,0.01,0,High Risk,Personalized phone call with HR and benefits explanation
17459,0.02,0,High Risk,Personalized phone call with HR and benefits explanation
11574,1.0,1,Low Risk,Standard enrollment notification
14889,0.03,0,High Risk,Personalized phone call with HR and benefits explanation
10309,0.85,1,Low Risk,Standard enrollment notification
16508,0.03,0,High Risk,Personalized phone call with HR and benefits explanation
10580,0.81,1,Low Risk,Standard enrollment notification
11706,0.09,0,High Risk,Personalized phone call with HR and benefits explanation
17277,1.0,1,Low Risk,Standard enrollment notification
16652,0.03,0,High Risk,Personalized phone call with HR and benefits explanation
15108,0.2,0,High Risk,Personalized phone call with HR and benefits explanation
18730,1.0,1,Low Risk,Standard enrollment notification
12995,0.06,0,High Risk,Personalized phone call with HR and benefits explanation
17179,0.9,1,Low Risk,Standard enrollment notification
15131,0.19,0,High Risk,Personalized phone call with HR and benefits explanation
15901,1.0,1,Low Risk,Standard enrollment notification
10697,0.06,0,High Risk,Personalized phone call with HR and benefits explanation
16478,0.99,1,Low Risk,Standard enrollment notification
16956,0.05,0,High Risk,Personalized phone call with HR and benefits explanation
16333,0.99,1,Low Risk,Standard enrollment notification
18549,0.02,0,High Risk,Personalized phone call with HR and benefits explanation
17064,1.0,1,Low Risk,Standard enrollment notification
15804,1.0,1,Low Risk,Standard enrollment notification
10958,0.01,0,High Risk,Personalized phone call with HR and benefits explanation
15915,0.98,1,Low Risk,Standard enrollment notification
17007,1.0,1,Low Risk,Standard enrollment notification
15270,1.0,1,Low Risk,Standard enrollment notification
16072,0.0,0,High Risk,Personalized phone call with HR and benefits explanation
10354,0.96,1,Low Risk,Standard enrollment notification
14828,1.0,1,Low Risk,Standard enrollment notification
14799,0.98,1,Low Risk,Standard enrollment notification
19606,1.0,1,Low Risk,Standard enrollment notification
16759,0.93,1,Low Risk,Standard enrollment notification
18763,0.97,1,Low Risk,Standard enrollment notification
18677,1.0,1,Low Risk,Standard enrollment notification
17282,1.0,1,Low Risk,Standard enrollment notification
13247,0.89,1,Low Risk,Standard enrollment notification
10502,0.96,1,Low Risk,Standard enrollment notification
19326,0.09,0,High Risk,Personalized phone call with HR and benefits explanation
19661,0.02,0,High Risk,Personalized phone call with HR and benefits explanation
11008,0.0,0,High Risk,Personalized phone call with HR and benefits explanation
17153,0.94,1,Low Risk,Standard enrollment notification
12172,0.4,0,Medium Risk,Reminder email with enrollment benefits
15384,0.91,1,Low Risk,Standard enrollment notification
14465,0.11,0,High Risk,Personalized phone call with HR and benefits explanation
19614,0.97,1,Low Risk,Standard enrollment notification
11319,0.02,0,High Risk,Personalized phone call with HR and benefits explanation
14590,1.0,1,Low Risk,Standard enrollment notification
14430,1.0,1,Low Risk,Standard enrollment notification
11476,1.0,1,Low Risk,Standard enrollment notification
16933,0.96,1,Low Risk,Standard enrollment notification
15318,0.99,1,Low Risk,Standard enrollment notification
18039,0.05,0,High Risk,Personalized phone call with HR and benefits explanation
19094,0.89,1,Low Risk,Standard enrollment notification
15832,0.97,1,Low Risk,Standard enrollment notification
14164,0.95,1,Low Risk,Standard enrollment notification
18096,1.0,1,Low Risk,Standard enrollment notification
11614,0.0,0,High Risk,Personalized phone call with HR and benefits explanation
15269,0.99,1,Low Risk,Standard enrollment notification
10426,0.98,1,Low Risk,Standard enrollment notification
17747,0.0,0,High Risk,Personalized phone call with HR and benefits explanation
18806,0.18,0,High Risk,Personalized phone call with HR and benefits explanation
18392,1.0,1,Low Risk,Standard enrollment notification
18560,0.99,1,Low Risk,Standard enrollment notification
10144,0.99,1,Low Risk,Standard enrollment notification
13821,0.06,0,High Risk,Personalized phone call with HR and benefits explanation
17725,0.22,0,High Risk,Personalized phone call with HR and benefits explanation
14346,1.0,1,Low Risk,Standard enrollment notification
18497,1.0,1,Low Risk,Standard enrollment notification
14789,0.01,0,High Risk,Personalized phone call with HR and benefits explanation
17662,0.97,1,Low Risk,Standard enrollment notification
19880,0.03,0,High Risk,Personalized phone call with HR and benefits explanation
14682,1.0,1,Low Risk,Standard enrollment notification
15370,0.0,0,High Risk,Personalized phone call with HR and benefits explanation
12310,0.0,0,High Risk,Personalized phone call with HR and benefits explanation
12113,1.0,1,Low Risk,Standard enrollment notification
10835,0.84,1,Low Risk,Standard enrollment notification
10594,1.0,1,Low Risk,Standard enrollment notification
17733,1.0,1,Low Risk,Standard enrollment notification
15009,0.94,1,Low Risk,Standard enrollment notification
12132,0.03,0,High Risk,Personalized phone call with HR and benefits explanation
10766,0.16,0,High Risk,Personalized phone call with HR and benefits explanation
19223,1.0,1,Low Risk,Standard enrollment notification
10147,0.91,1,Low Risk,Standard enrollment notification
10395,0.97,1,Low Risk,Standard enrollment notification
17702,1.0,1,Low Risk,Standard enrollment notification
13809,0.95,1,Low Risk,Standard enrollment notification
18238,1.0,1,Low Risk,Standard enrollment notification
17722,1.0,1,Low Risk,Standard enrollment notification
13495,0.1,0,High Risk,Personalized phone call with HR and benefits explanation
12185,1.0,1,Low Risk,Standard enrollment notification
13337,1.0,1,Low Risk,Standard enrollment notification
12160,0.98,1,Low Risk,Standard enrollment notification
16733,0.19,0,High Risk,Personalized phone call with HR and benefits explanation
17486,1.0,1,Low Risk,Standard enrollment notification
15713,0.0,0,High Risk,Personalized phone call with HR and benefits explanation
13411,0.08,0,High Risk,Personalized phone call with HR and benefits explanation
19001,0.92,1,Low Risk,Standard enrollment notification
13498,1.0,1,Low Risk,Standard enrollment notification
12072,1.0,1,Low Risk,Standard enrollment notification
11368,0.97,1,Low Risk,Standard enrollment notification
12365,0.99,1,Low Risk,Standard enrollment notification
17710,0.9,1,Low Risk,Standard enrollment notification
19844,0.88,1,Low Risk,Standard enrollment notification
13513,0.96,1,Low Risk,Standard enrollment notification
16365,0.11,0,High Risk,Personalized phone call with HR and benefits explanation
13502,0.91,1,Low Risk,Standard enrollment notification
14575,0.98,1,Low Risk,Standard enrollment notification
13142,0.0,0,High Risk,Personalized phone call with HR and benefits explanation
16042,0.99,1,Low Risk,Standard enrollment notification
11248,0.98,1,Low Risk,Standard enrollment notification
10075,0.95,1,Low Risk,Standard enrollment notification
15861,0.96,1,Low Risk,Standard enrollment notification
17335,0.14,0,High Risk,Personalized phone call with HR and benefits explanation
12397,0.01,0,High Risk,Personalized phone call with HR and benefits explanation
18306,0.99,1,Low Risk,Standard enrollment notification
10987,0.93,1,Low Risk,Standard enrollment notification
18348,0.02,0,High Risk,Personalized phone call with HR and benefits explanation
14844,0.0,0,High Risk,Personalized phone call with HR and benefits explanation
15960,1.0,1,Low Risk,Standard enrollment notification
18415,0.0,0,High Risk,Personalized phone call with HR and benefits explanation
15599,0.99,1,Low Risk,Standard enrollment notification
15762,0.98,1,Low Risk,Standard enrollment notification
17700,0.03,0,High Risk,Personalized phone call with HR and benefits explanation
14132,1.0,1,Low Risk,Standard enrollment notification
11762,1.0,1,Low Risk,Standard enrollment notification
14264,0.93,1,Low Risk,Standard enrollment notification
14213,0.01,0,High Risk,Personalized phone call with HR and benefits explanation
14044,1.0,1,Low Risk,Standard enrollment notification
10531,0.86,1,Low Risk,Standard enrollment notification
19622,0.01,0,High Risk,Personalized phone call with HR and benefits explanation
15125,0.98,1,Low Risk,Standard enrollment notification
13955,0.99,1,Low Risk,Standard enrollment notification
17815,0.94,1,Low Risk,Standard enrollment notification
15064,0.95,1,Low Risk,Standard enrollment notification
15721,0.98,1,Low Risk,Standard enrollment notification
10224,1.0,1,Low Risk,Standard enrollment notification
17908,0.99,1,Low Risk,Standard enrollment notification
19732,0.96,1,Low Risk,Standard enrollment notification
11780,0.98,1,Low Risk,Standard enrollment notification
11026,0.96,1,Low Risk,Standard enrollment notification
16569,0.21,0,High Risk,Personalized phone call with HR and benefits explanation
13779,1.0,1,Low Risk,Standard enrollment notification
18274,0.95,1,Low Risk,Standard enrollment notification
18772,0.97,1,Low Risk,Standard enrollment notification
12717,0.0,0,High Risk,Personalized phone call with HR and benefits explanation
16207,1.0,1,Low Risk,Standard enrollment notification
18703,0.97,1,Low Risk,Standard enrollment notification
16994,1.0,1,Low Risk,Standard enrollment notification
13483,1.0,1,Low Risk,Standard enrollment notification
14654,1.0,1,Low Risk,Standard enrollment notification
13403,0.31,0,Medium Risk,Reminder email with enrollment benefits
16254,1.0,1,Low Risk,Standard enrollment notification
15726,0.04,0,High Risk,Personalized phone call with HR and benefits explanation
16795,0.95,1,Low Risk,Standard enrollment notification
13870,0.99,1,Low Risk,Standard enrollment notification
15742,0.0,0,High Risk,Personalized phone call with HR and benefits explanation
15801,0.98,1,Low Risk,Standard enrollment notification
11379,1.0,1,Low Risk,Standard enrollment notification
17399,0.97,1,Low Risk,Standard enrollment notification
11552,1.0,1,Low Risk,Standard enrollment notification
13137,0.07,0,High Risk,Personalized phone call with HR and benefits explanation
18504,0.01,0,High Risk,Personalized phone call with HR and benefits explanation
11632,0.03,0,High Risk,Personalized phone call with HR and benefits explanation
14261,0.96,1,Low Risk,Standard enrollment notification
14454,1.0,1,Low Risk,Standard enrollment notification
16505,0.96,1,Low Risk,Standard enrollment notification
13811,0.98,1,Low Risk,Standard enrollment notification
15467,0.95,1,Low Risk,Standard enrollment notification
18925,1.0,1,Low Risk,Standard enrollment notification
15924,1.0,1,Low Risk,Standard enrollment notification
10129,1.0,1,Low Risk,Standard enrollment notification
11010,0.98,1,Low Risk,Standard enrollment notification
11291,0.0,0,High Risk,Personalized phone call with HR and benefits explanation
15343,1.0,1,Low Risk,Standard enrollment notification
10202,1.0,1,Low Risk,Standard enrollment notification
13696,0.88,1,Low Risk,Standard enrollment notification
17441,1.0,1,Low Risk,Standard enrollment notification
19856,0.98,1,Low Risk,Standard enrollment notification
15518,0.23,0,High Risk,Personalized phone call with HR and benefits explanation
15914,0.11,0,High Risk,Personalized phone call with HR and benefits explanation
10955,0.01,0,High Risk,Personalized phone call with HR and benefits explanation
14021,0.02,0,High Risk,Personalized phone call with HR and benefits explanation
12362,0.99,1,Low Risk,Standard enrollment notification
18150,0.98,1,Low Risk,Standard enrollment notification
14690,0.0,0,High Risk,Personalized phone call with HR and benefits explanation
18395,0.02,0,High Risk,Personalized phone call with HR and benefits explanation
18022,0.17,0,High Risk,Personalized phone call with HR and benefits explanation
10983,0.02,0,High Risk,Personalized phone call with HR and benefits explanation
13697,1.0,1,Low Risk,Standard enrollment notification
16143,0.99,1,Low Risk,Standard enrollment notification
16077,1.0,1,Low Risk,Standard enrollment notification
12381,1.0,1,Low Risk,Standard enrollment notification
12487,1.0,1,Low Risk,Standard enrollment notification
16471,1.0,1,Low Risk,Standard enrollment notification
13207,0.98,1,Low Risk,Standard enrollment notification
15959,0.93,1,Low Risk,Standard enrollment notification
13090,0.99,1,Low Risk,Standard enrollment notification
16167,0.04,0,High Risk,Personalized phone call with HR and benefits explanation
11188,0.72,1,Low Risk,Standard enrollment notification
16426,0.01,0,High Risk,Personalized phone call with HR and benefits explanation
16439,0.02,0,High Risk,Personalized phone call with HR and benefits explanation
14448,0.07,0,High Risk,Personalized phone call with HR and benefits explanation
17500,0.98,1,Low Risk,Standard enrollment notification
13920,1.0,1,Low Risk,Standard enrollment notification
11596,1.0,1,Low Risk,Standard enrollment notification
14093,0.02,0,High Risk,Personalized phone call with HR and benefits explanation
18235,0.99,1,Low Risk,Standard enrollment notification
19927,1.0,1,Low Risk,Standard enrollment notification
16246,0.05,0,High Risk,Personalized phone call with HR and benefits explanation
13348,0.05,0,High Risk,Personalized phone call with HR and benefits explanation
19538,1.0,1,Low Risk,Standard enrollment notification
15169,0.99,1,Low Risk,Standard enrollment notification
11274,0.09,0,High Risk,Personalized phone call with HR and benefits explanation
10575,1.0,1,Low Risk,Standard enrollment notification
10145,1.0,1,Low Risk,Standard enrollment notification
16273,1.0,1,Low Risk,Standard enrollment notification
18062,0.0,0,High Risk,Personalized phone call with HR and benefits explanation
16144,0.97,1,Low Risk,Standard enrollment notification
12621,0.96,1,Low Risk,Standard enrollment notification
14915,0.99,1,Low Risk,Standard enrollment notification
15995,0.98,1,Low Risk,Standard enrollment notification
19656,0.1,0,High Risk,Personalized phone call with HR and benefits explanation
14972,0.98,1,Low Risk,Standard enrollment notification
12771,0.99,1,Low Risk,Standard enrollment notification
14890,0.99,1,Low Risk,Standard enrollment notification
17323,0.95,1,Low Risk,Standard enrollment notification
17506,1.0,1,Low Risk,Standard enrollment notification
10989,0.22,0,High Risk,Personalized phone call with HR and benefits explanation
19433,0.04,0,High Risk,Personalized phone call with HR and benefits explanation
14481,0.99,1,Low Risk,Standard enrollment notification
17978,1.0,1,Low Risk,Standard enrollment notification
13851,1.0,1,Low Risk,Standard enrollment notification
16223,0.03,0,High Risk,Personalized phone call with HR and benefits explanation
16685,0.06,0,High Risk,Personalized phone call with HR and benefits explanation
13566,1.0,1,Low Risk,Standard enrollment notification
16504,0.0,0,High Risk,Personalized phone call with HR and benefits explanation
13888,0.24,0,High Risk,Personalized phone call with HR and benefits explanation
13297,0.98,1,Low Risk,Standard enrollment notification
14404,1.0,1,Low Risk,Standard enrollment notification
13462,0.93,1,Low Risk,Standard enrollment notification
14910,0.97,1,Low Risk,Standard enrollment notification
14138,1.0,1,Low Risk,Standard enrollment notification
18698,0.94,1,Low Risk,Standard enrollment notification
17957,0.98,1,Low Risk,Standard enrollment notification
18786,0.0,0,High Risk,Personalized phone call with HR and benefits explanation
18029,0.99,1,Low Risk,Standard enrollment notification
14795,0.97,1,Low Risk,Standard enrollment notification
10726,0.96,1,Low Risk,Standard enrollment notification
16064,1.0,1,Low Risk,Standard enrollment notification
12052,0.04,0,High Risk,Personalized phone call with HR and benefits explanation
15784,0.93,1,Low Risk,Standard enrollment notification
14312,0.13,0,High Risk,Personalized phone call with HR and benefits explanation
12147,1.0,1,Low Risk,Standard enrollment notification
12697,0.99,1,Low Risk,Standard enrollment notification
12483,0.96,1,Low Risk,Standard enrollment notification
11371,0.88,1,Low Risk,Standard enrollment notification
11567,1.0,1,Low Risk,Standard enrollment notification
17417,0.08,0,High Risk,Personalized phone call with HR and benefits explanation
19967,0.97,1,Low Risk,Standard enrollment notification
11517,0.1,0,High Risk,Personalized phone call with HR and benefits explanation
16845,0.08,0,High Risk,Personalized phone call with HR and benefits explanation
15863,0.0,0,High Risk,Personalized phone call with HR and benefits explanation
13628,0.0,0,High Risk,Personalized phone call with HR and benefits explanation
13309,0.01,0,High Risk,Personalized phone call with HR and benefits explanation
13732,0.87,1,Low Risk,Standard enrollment notification
11038,0.02,0,High Risk,Personalized phone call with HR and benefits explanation
12438,0.94,1,Low Risk,Standard enrollment notification
13000,0.98,1,Low Risk,Standard enrollment notification
11511,0.99,1,Low Risk,Standard enrollment notification
10412,1.0,1,Low Risk,Standard enrollment notification
19982,0.9,1,Low Risk,Standard enrollment notification
17775,0.11,0,High Risk,Personalized phone call with HR and benefits explanation
13260,1.0,1,Low Risk,Standard enrollment notification
15393,0.03,0,High Risk,Personalized phone call with HR and benefits explanation
11318,0.04,0,High Risk,Personalized phone call with HR and benefits explanation
17572,0.01,0,High Risk,Personalized phone call with HR and benefits explanation
13070,0.92,1,Low Risk,Standard enrollment notification
16646,0.01,0,High Risk,Personalized phone call with HR and benefits explanation
14672,0.06,0,High Risk,Personalized phone call with HR and benefits explanation
17988,0.98,1,Low Risk,Standard enrollment notification
14855,0.93,1,Low Risk,Standard enrollment notification
14891,1.0,1,Low Risk,Standard enrollment notification
18218,0.02,0,High Risk,Personalized phone call with HR and benefits explanation
13393,0.02,0,High Risk,Personalized phone call with HR and benefits explanation
15223,0.98,1,Low Risk,Standard enrollment notification
17674,0.99,1,Low Risk,Standard enrollment notification
10506,1.0,1,Low Risk,Standard enrollment notification
11561,0.05,0,High Risk,Personalized phone call with HR and benefits explanation
17539,0.04,0,High Risk,Personalized phone call with HR and benefits explanation
16611,0.96,1,Low Risk,Standard enrollment notification
17617,0.98,1,Low Risk,Standard enrollment notification
16405,1.0,1,Low Risk,Standard enrollment notification
18811,1.0,1,Low Risk,Standard enrollment notification
11121,0.04,0,High Risk,Personalized phone call with HR and benefits explanation
19825,0.01,0,High Risk,Personalized phone call with HR and benefits explanation
14683,0.07,0,High Risk,Personalized phone call with HR and benefits explanation
14708,1.0,1,Low Risk,Standard enrollment notification
17283,1.0,1,Low Risk,Standard enrollment notification
16570,0.98,1,Low Risk,Standard enrollment notification
13942,0.0,0,High Risk,Personalized phone call with HR and benefits explanation
12738,0.99,1,Low Risk,Standard enrollment notification
15632,0.97,1,Low Risk,Standard enrollment notification
18541,0.99,1,Low Risk,Standard enrollment notification
14982,0.0,0,High Risk,Personalized phone call with HR and benefits explanation
19924,0.2,0,High Risk,Personalized phone call with HR and benefits explanation
14879,1.0,1,Low Risk,Standard enrollment notification
12518,0.97,1,Low Risk,Standard enrollment notification
17190,0.06,0,High Risk,Personalized phone call with HR and benefits explanation
12549,0.92,1,Low Risk,Standard enrollment notification
18862,0.99,1,Low Risk,Standard enrollment notification
16554,0.05,0,High Risk,Personalized phone call with HR and benefits explanation
10409,0.98,1,Low Risk,Standard enrollment notification
13392,0.04,0,High Risk,Personalized phone call with HR and benefits explanation
18357,0.98,1,Low Risk,Standard enrollment notification
12292,0.99,1,Low Risk,Standard enrollment notification
12337,0.96,1,Low Risk,Standard enrollment notification
17823,0.11,0,High Risk,Personalized phone call with HR and benefits explanation
16069,0.98,1,Low Risk,Standard enrollment notification
15819,0.06,0,High Risk,Personalized phone call with HR and benefits explanation
15282,0.99,1,Low Risk,Standard enrollment notification
13771,1.0,1,Low Risk,Standard enrollment notification
17236,1.0,1,Low Risk,Standard enrollment notification
15964,0.98,1,Low Risk,Standard enrollment notification
15851,0.99,1,Low Risk,Standard enrollment notification
17471,1.0,1,Low Risk,Standard enrollment notification
15062,0.08,0,High Risk,Personalized phone call with HR and benefits explanation
12861,0.0,0,High Risk,Personalized phone call with HR and benefits explanation
12364,1.0,1,Low Risk,Standard enrollment notification
14625,0.0,0,High Risk,Personalized phone call with HR and benefits explanation
17322,0.99,1,Low Risk,Standard enrollment notification
16065,0.74,1,Low Risk,Standard enrollment notification
14124,0.04,0,High Risk,Personalized phone call with HR and benefits explanation
10275,1.0,1,Low Risk,Standard enrollment notification
17999,1.0,1,Low Risk,Standard enrollment notification
16277,1.0,1,Low Risk,Standard enrollment notification
17814,0.0,0,High Risk,Personalized phone call with HR and benefits explanation
16399,0.92,1,Low Risk,Standard enrollment notification
13383,0.0,0,High Risk,Personalized phone call with HR and benefits explanation
16734,0.02,0,High Risk,Personalized phone call with HR and benefits explanation
19284,0.97,1,Low Risk,Standard enrollment notification
13705,0.01,0,High Risk,Personalized phone call with HR and benefits explanation
10586,0.0,0,High Risk,Personalized phone call with HR and benefits explanation
10838,0.02,0,High Risk,Personalized phone call with HR and benefits explanation
14807,1.0,1,Low Risk,Standard enrollment notification
14400,0.02,0,High Risk,Personalized phone call with HR and benefits explanation
12616,0.02,0,High Risk,Personalized phone call with HR and benefits explanation
15347,0.96,1,Low Risk,Standard enrollment notification
17244,0.01,0,High Risk,Personalized phone call with HR and benefits explanation
11554,0.0,0,High Risk,Personalized phone call with HR and benefits explanation
10817,0.97,1,Low Risk,Standard enrollment notification
10303,0.01,0,High Risk,Personalized phone call with HR and benefits explanation
12620,0.04,0,High Risk,Personalized phone call with HR and benefits explanation
18142,0.0,0,High Risk,Personalized phone call with HR and benefits explanation
12486,0.0,0,High Risk,Personalized phone call with HR and benefits explanation
10567,0.03,0,High Risk,Personalized phone call with HR and benefits explanation
11064,0.03,0,High Risk,Personalized phone call with HR and benefits explanation
12820,1.0,1,Low Risk,Standard enrollment notification
10953,0.98,1,Low Risk,Standard enrollment notification
10160,1.0,1,Low Risk,Standard enrollment notification
10924,0.02,0,High Risk,Personalized phone call with HR and benefits explanation
17019,0.99,1,Low Risk,Standard enrollment notification
19471,0.06,0,High Risk,Personalized phone call with HR and benefits explanation
19876,0.06,0,High Risk,Personalized phone call with HR and benefits explanation
17900,0.98,1,Low Risk,Standard enrollment notification
11840,0.88,1,Low Risk,Standard enrollment notification
12057,0.06,0,High Risk,Personalized phone call with HR and benefits explanation
18682,0.0,0,High Risk,Personalized phone call with HR and benefits explanation
13714,0.98,1,Low Risk,Standard enrollment notification
14926,1.0,1,Low Risk,Standard enrollment notification
10386,0.98,1,Low Risk,Standard enrollment notification
12284,0.96,1,Low Risk,Standard enrollment notification
11825,0.04,0,High Risk,Personalized phone call with HR and benefits explanation
15485,0.05,0,High Risk,Personalized phone call with HR and benefits explanation
14420,0.06,0,High Risk,Personalized phone call with HR and benefits explanation
11589,0.97,1,Low Risk,Standard enrollment notification
12872,0.07,0,High Risk,Personalized phone call with HR and benefits explanation
13349,0.08,0,High Risk,Personalized phone call with HR and benefits explanation
15401,0.02,0,High Risk,Personalized phone call with HR and benefits explanation
14090,1.0,1,Low Risk,Standard enrollment notification
15889,0.0,0,High Risk,Personalized phone call with HR and benefits explanation
19800,1.0,1,Low Risk,Standard enrollment notification
19980,1.0,1,Low Risk,Standard enrollment notification
13161,1.0,1,Low Risk,Standard enrollment notification
10964,0.03,0,High Risk,Personalized phone call with HR and benefits explanation
10353,0.96,1,Low Risk,Standard enrollment notification
18991,1.0,1,Low Risk,Standard enrollment notification
16587,0.91,1,Low Risk,Standard enrollment notification
18194,1.0,1,Low Risk,Standard enrollment notification
19014,0.0,0,High Risk,Personalized phone call with HR and benefits explanation
10069,0.09,0,High Risk,Personalized phone call with HR and benefits explanation
18596,0.99,1,Low Risk,Standard enrollment notification
18117,0.95,1,Low Risk,Standard enrollment notification
17195,0.91,1,Low Risk,Standard enrollment notification
11162,1.0,1,Low Risk,Standard enrollment notification
10219,1.0,1,Low Risk,Standard enrollment notification
14274,1.0,1,Low Risk,Standard enrollment notification
11201,1.0,1,Low Risk,Standard enrollment notification
16073,0.97,1,Low Risk,Standard enrollment notification
12916,0.98,1,Low Risk,Standard enrollment notification
11757,0.0,0,High Risk,Personalized phone call with HR and benefits explanation
13487,0.91,1,Low Risk,Standard enrollment notification
16703,0.9,1,Low Risk,Standard enrollment notification
12720,0.01,0,High Risk,Personalized phone call with HR and benefits explanation
12242,0.0,0,High Risk,Personalized phone call with HR and benefits explanation
16025,0.05,0,High Risk,Personalized phone call with HR and benefits explanation
15594,1.0,1,Low Risk,Standard enrollment notification
13750,0.88,1,Low Risk,Standard enrollment notification
19207,0.96,1,Low Risk,Standard enrollment notification
10539,0.88,1,Low Risk,Standard enrollment notification
11331,0.73,1,Low Risk,Standard enrollment notification
12304,0.13,0,High Risk,Personalized phone call with HR and benefits explanation
11613,0.93,1,Low Risk,Standard enrollment notification
11489,1.0,1,Low Risk,Standard enrollment notification
11745,0.8,1,Low Risk,Standard enrollment notification
19406,0.99,1,Low Risk,Standard enrollment notification
19889,0.0,0,High Risk,Personalized phone call with HR and benefits explanation
11394,0.98,1,Low Risk,Standard enrollment notification
15406,0.9,1,Low Risk,Standard enrollment notification
13646,0.01,0,High Risk,Personalized phone call with HR and benefits explanation
15963,0.09,0,High Risk,Personalized phone call with HR and benefits explanation
13801,1.0,1,Low Risk,Standard enrollment notification
19240,0.13,0,High Risk,Personalized phone call with HR and benefits explanation
12813,0.96,1,Low Risk,Standard enrollment notification
12670,1.0,1,Low Risk,Standard enrollment notification
19110,0.13,0,High Risk,Personalized phone call with HR and benefits explanation
17845,0.03,0,High Risk,Personalized phone call with HR and benefits explanation
15214,0.94,1,Low Risk,Standard enrollment notification
13249,0.98,1,Low Risk,Standard enrollment notification
16864,0.04,0,High Risk,Personalized phone call with HR and benefits explanation
10574,0.05,0,High Risk,Personalized phone call with HR and benefits explanation
17749,0.96,1,Low Risk,Standard enrollment notification
18889,0.8,1,Low Risk,Standard enrollment notification
15508,0.98,1,Low Risk,Standard enrollment notification
11557,0.98,1,Low Risk,Standard enrollment notification
17266,0.01,0,High Risk,Personalized phone call with HR and benefits explanation
12599,1.0,1,Low Risk,Standard enrollment notification
15168,1.0,1,Low Risk,Standard enrollment notification
14158,1.0,1,Low Risk,Standard enrollment notification
12188,0.2,0,High Risk,Personalized phone call with HR and benefits explanation
14023,1.0,1,Low Risk,Standard enrollment notification
18454,1.0,1,Low Risk,Standard enrollment notification
18475,1.0,1,Low Risk,Standard enrollment notification
10259,0.0,0,High Risk,Personalized phone call with HR and benefits explanation
12665,1.0,1,Low Risk,Standard enrollment notification
19136,1.0,1,Low Risk,Standard enrollment notification
13234,0.04,0,High Risk,Personalized phone call with HR and benefits explanation
18918,0.01,0,High Risk,Personalized phone call with HR and benefits explanation
17015,0.04,0,High Risk,Personalized phone call with HR and benefits explanation
19048,0.1,0,High Risk,Personalized phone call with HR and benefits explanation
15249,0.0,0,High Risk,Personalized phone call with HR and benefits explanation
15443,0.94,1,Low Risk,Standard enrollment notification
18248,0.0,0,High Risk,Personalized phone call with HR and benefits explanation
13615,0.01,0,High Risk,Personalized phone call with HR and benefits explanation
19265,0.97,1,Low Risk,Standard enrollment notification
12215,1.0,1,Low Risk,Standard enrollment notification
15458,1.0,1,Low Risk,Standard enrollment notification
12936,0.01,0,High Risk,Personalized phone call with HR and benefits explanation
10889,0.88,1,Low Risk,Standard enrollment notification
12955,0.0,0,High Risk,Personalized phone call with HR and benefits explanation
11688,0.01,0,High Risk,Personalized phone call with HR and benefits explanation
11820,0.06,0,High Risk,Personalized phone call with HR and benefits explanation
13704,0.02,0,High Risk,Personalized phone call with HR and benefits explanation
11973,0.99,1,Low Risk,Standard enrollment notification
18114,0.94,1,Low Risk,Standard enrollment notification
18188,0.08,0,High Risk,Personalized phone call with HR and benefits explanation
18907,0.01,0,High Risk,Personalized phone call with HR and benefits explanation
15153,0.1,0,High Risk,Personalized phone call with HR and benefits explanation
17872,0.06,0,High Risk,Personalized phone call with HR and benefits explanation
19066,0.0,0,High Risk,Personalized phone call with HR and benefits explanation
14714,0.06,0,High Risk,Personalized phone call with HR and benefits explanation
18316,0.99,1,Low Risk,Standard enrollment notification
19244,0.09,0,High Risk,Personalized phone call with HR and benefits explanation
19316,0.0,0,High Risk,Personalized phone call with HR and benefits explanation
10981,0.08,0,High Risk,Personalized phone call with HR and benefits explanation
17833,0.91,1,Low Risk,Standard enrollment notification
15504,0.93,1,Low Risk,Standard enrollment notification
17262,0.95,1,Low Risk,Standard enrollment notification
17224,0.02,0,High Risk,Personalized phone call with HR and benefits explanation
18368,0.88,1,Low Risk,Standard enrollment notification
10582,0.9,1,Low Risk,Standard enrollment notification
15291,0.08,0,High Risk,Personalized phone call with HR and benefits explanation
12877,0.98,1,Low Risk,Standard enrollment notification
17136,0.05,0,High Risk,Personalized phone call with HR and benefits explanation
19192,0.08,0,High Risk,Personalized phone call with HR and benefits explanation
15976,0.96,1,Low Risk,Standard enrollment notification
11862,0.96,1,Low Risk,Standard enrollment notification
15447,0.97,1,Low Risk,Standard enrollment notification
13576,1.0,1,Low Risk,Standard enrollment notification
19729,1.0,1,Low Risk,Standard enrollment notification
14506,1.0,1,Low Risk,Standard enrollment notification
14772,1.0,1,Low Risk,Standard enrollment notification
10298,0.93,1,Low Risk,Standard enrollment notification
10926,0.03,0,High Risk,Personalized phone call with HR and benefits explanation
11591,1.0,1,Low Risk,Standard enrollment notification
17766,0.97,1,Low Risk,Standard enrollment notification
17491,0.99,1,Low Risk,Standard enrollment notification
11308,0.95,1,Low Risk,Standard enrollment notification
17038,1.0,1,Low Risk,Standard enrollment notification
14768,0.99,1,Low Risk,Standard enrollment notification
11673,0.97,1,Low Risk,Standard enrollment notification
12230,1.0,1,Low Risk,Standard enrollment notification
19478,0.0,0,High Risk,Personalized phone call with HR and benefits explanation
10294,0.99,1,Low Risk,Standard enrollment notification
16346,0.0,0,High Risk,Personalized phone call with HR and benefits explanation
14223,0.06,0,High Risk,Personalized phone call with HR and benefits explanation
12580,0.05,0,High Risk,Personalized phone call with HR and benefits explanation
17576,0.0,0,High Risk,Personalized phone call with HR and benefits explanation
16344,1.0,1,Low Risk,Standard enrollment notification
18315,1.0,1,Low Risk,Standard enrollment notification
10693,1.0,1,Low Risk,Standard enrollment notification
10687,1.0,1,Low Risk,Standard enrollment notification
10818,0.07,0,High Risk,Personalized phone call with HR and benefits explanation
10217,0.97,1,Low Risk,Standard enrollment notification
17935,0.99,1,Low Risk,Standard enrollment notification
13890,0.98,1,Low Risk,Standard enrollment notification
10323,0.99,1,Low Risk,Standard enrollment notification
16105,0.97,1,Low Risk,Standard enrollment notification
10479,0.01,0,High Risk,Personalized phone call with HR and benefits explanation
15379,1.0,1,Low Risk,Standard enrollment notification
15701,0.97,1,Low Risk,Standard enrollment notification
11890,1.0,1,Low Risk,Standard enrollment notification
15763,1.0,1,Low Risk,Standard enrollment notification
10813,1.0,1,Low Risk,Standard enrollment notification
17434,0.96,1,Low Risk,Standard enrollment notification
14347,0.97,1,Low Risk,Standard enrollment notification
16222,0.0,0,High Risk,Personalized phone call with HR and benefits explanation
13057,1.0,1,Low Risk,Standard enrollment notification
12376,1.0,1,Low Risk,Standard enrollment notification
14070,0.98,1,Low Risk,Standard enrollment notification
12033,0.03,0,High Risk,Personalized phone call with HR and benefits explanation
10968,1.0,1,Low Risk,Standard enrollment notification
19374,0.02,0,High Risk,Personalized phone call with HR and benefits explanation
10973,0.01,0,High Risk,Personalized phone call with HR and benefits explanation
16332,1.0,1,Low Risk,Standard enrollment notification
12705,0.01,0,High Risk,Personalized phone call with HR and benefits explanation
16300,1.0,1,Low Risk,Standard enrollment notification
17861,0.95,1,Low Risk,Standard enrollment notification
13375,0.92,1,Low Risk,Standard enrollment notification
19082,0.77,1,Low Risk,Standard enrollment notification
15602,0.96,1,Low Risk,Standard enrollment notification
12952,0.91,1,Low Risk,Standard enrollment notification
18702,1.0,1,Low Risk,Standard enrollment notification
10123,0.02,0,High Risk,Personalized phone call with HR and benefits explanation
17217,0.0,0,High Risk,Personalized phone call with HR and benefits explanation
19787,0.88,1,Low Risk,Standard enrollment notification
12101,0.99,1,Low Risk,Standard enrollment notification
10870,0.97,1,Low Risk,Standard enrollment notification
16791,0.1,0,High Risk,Personalized phone call with HR and benefits explanation
11999,1.0,1,Low Risk,Standard enrollment notification
13591,0.96,1,Low Risk,Standard enrollment notification
11157,1.0,1,Low Risk,Standard enrollment notification
13157,0.98,1,Low Risk,Standard enrollment notification
14429,0.95,1,Low Risk,Standard enrollment notification
15689,1.0,1,Low Risk,Standard enrollment notification
16481,0.99,1,Low Risk,Standard enrollment notification
11576,0.91,1,Low Risk,Standard enrollment notification
19672,1.0,1,Low Risk,Standard enrollment notification
18254,1.0,1,Low Risk,Standard enrollment notification
10473,1.0,1,Low Risk,Standard enrollment notification
14998,0.27,0,High Risk,Personalized phone call with HR and benefits explanation
13584,1.0,1,Low Risk,Standard enrollment notification
12933,0.95,1,Low Risk,Standard enrollment notification
15426,0.12,0,High Risk,Personalized phone call with HR and benefits explanation
18752,0.06,0,High Risk,Personalized phone call with HR and benefits explanation
13389,0.01,0,High Risk,Personalized phone call with HR and benefits explanation
12181,0.07,0,High Risk,Personalized phone call with HR and benefits explanation
14744,0.05,0,High Risk,Personalized phone call with HR and benefits explanation
19420,0.93,1,Low Risk,Standard enrollment notification
17126,0.9,1,Low Risk,Standard enrollment notification
15489,0.01,0,High Risk,Personalized phone call with HR and benefits explanation
11150,0.07,0,High Risk,Personalized phone call with HR and benefits explanation
11161,0.0,0,High Risk,Personalized phone call with HR and benefits explanation
18001,0.06,0,High Risk,Personalized phone call with HR and benefits explanation
10257,0.0,0,High Risk,Personalized phone call with HR and benefits explanation
10794,0.99,1,Low Risk,Standard enrollment notification
14874,0.01,0,High Risk,Personalized phone call with HR and benefits explanation
16198,0.09,0,High Risk,Personalized phone call with HR and benefits explanation
13856,0.01,0,High Risk,Personalized phone call with HR and benefits explanation
10558,0.12,0,High Risk,Personalized phone call with HR and benefits explanation
12900,0.99,1,Low Risk,Standard enrollment notification
13221,0.92,1,Low Risk,Standard enrollment notification
10262,1.0,1,Low Risk,Standard enrollment notification
13741,0.99,1,Low Risk,Standard enrollment notification
16763,1.0,1,Low Risk,Standard enrollment notification
18820,0.98,1,Low Risk,Standard enrollment notification
17228,0.0,0,High Risk,Personalized phone call with HR and benefits explanation
14306,0.95,1,Low Risk,Standard enrollment notification
14305,1.0,1,Low Risk,Standard enrollment notification
15245,0.04,0,High Risk,Personalized phone call with HR and benefits explanation
18801,1.0,1,Low Risk,Standard enrollment notification
16823,0.03,0,High Risk,Personalized phone call with HR and benefits explanation
10210,1.0,1,Low Risk,Standard enrollment notification
13799,0.96,1,Low Risk,Standard enrollment notification
13540,0.14,0,High Risk,Personalized phone call with HR and benefits explanation
10154,0.02,0,High Risk,Personalized phone call with HR and benefits explanation
11148,0.01,0,High Risk,Personalized phone call with HR and benefits explanation
11968,0.89,1,Low Risk,Standard enrollment notification
18154,0.99,1,Low Risk,Standard enrollment notification
12434,0.0,0,High Risk,Personalized phone call with HR and benefits explanation
10598,0.99,1,Low Risk,Standard enrollment notification
13138,0.98,1,Low Risk,Standard enrollment notification
16028,0.87,1,Low Risk,Standard enrollment notification
14777,1.0,1,Low Risk,Standard enrollment notification
19268,0.99,1,Low Risk,Standard enrollment notification
11566,0.99,1,Low Risk,Standard enrollment notification
16247,0.11,0,High Risk,Personalized phone call with HR and benefits explanation
17404,0.01,0,High Risk,Personalized phone call with HR and benefits explanation
16449,0.98,1,Low Risk,Standard enrollment notification
19179,1.0,1,Low Risk,Standard enrollment notification
17305,1.0,1,Low Risk,Standard enrollment notification
18418,0.99,1,Low Risk,Standard enrollment notification
19430,1.0,1,Low Risk,Standard enrollment notification
12244,0.99,1,Low Risk,Standard enrollment notification
11361,0.01,0,High Risk,Personalized phone call with HR and benefits explanation
13305,0.98,1,Low Risk,Standard enrollment notification
12325,0.99,1,Low Risk,Standard enrollment notification
18041,0.0,0,High Risk,Personalized phone call with HR and benefits explanation
11481,0.0,0,High Risk,Personalized phone call with HR and benefits explanation
11834,1.0,1,Low Risk,Standard enrollment notification
13662,1.0,1,Low Risk,Standard enrollment notification
17695,1.0,1,Low Risk,Standard enrollment notification
15124,0.97,1,Low Risk,Standard enrollment notification
14188,0.99,1,Low Risk,Standard enrollment notification
17472,0.97,1,Low Risk,Standard enrollment notification
17655,1.0,1,Low Risk,Standard enrollment notification
18886,0.96,1,Low Risk,Standard enrollment notification
15242,0.94,1,Low Risk,Standard enrollment notification
19532,0.99,1,Low Risk,Standard enrollment notification
15835,0.01,0,High Risk,Personalized phone call with HR and benefits explanation
11187,0.95,1,Low Risk,Standard enrollment notification
11908,1.0,1,Low Risk,Standard enrollment notification
14089,0.02,0,High Risk,Personalized phone call with HR and benefits explanation
12478,0.95,1,Low Risk,Standard enrollment notification
18209,0.01,0,High Risk,Personalized phone call with HR and benefits explanation
19605,0.99,1,Low Risk,Standard enrollment notification
16848,1.0,1,Low Risk,Standard enrollment notification
11487,1.0,1,Low Risk,Standard enrollment notification
11677,0.01,0,High Risk,Personalized phone call with HR and benefits explanation
12354,0.96,1,Low Risk,Standard enrollment notification
18849,0.99,1,Low Risk,Standard enrollment notification
11572,0.0,0,High Risk,Personalized phone call with HR and benefits explanation
15516,1.0,1,Low Risk,Standard enrollment notification
14496,0.0,0,High Risk,Personalized phone call with HR and benefits explanation
10619,0.12,0,High Risk,Personalized phone call with HR and benefits explanation
16224,1.0,1,Low Risk,Standard enrollment notification
16881,0.01,0,High Risk,Personalized phone call with HR and benefits explanation
12848,1.0,1,Low Risk,Standard enrollment notification
10868,0.97,1,Low Risk,Standard enrollment notification
12508,1.0,1,Low Risk,Standard enrollment notification
14983,0.96,1,Low Risk,Standard enrollment notification
14696,0.02,0,High Risk,Personalized phone call with HR and benefits explanation
18040,1.0,1,Low Risk,Standard enrollment notification
14419,1.0,1,Low Risk,Standard enrollment notification
17004,0.99,1,Low Risk,Standard enrollment notification
18650,1.0,1,Low Risk,Standard enrollment notification
17707,0.0,0,High Risk,Personalized phone call with HR and benefits explanation
10791,0.99,1,Low Risk,Standard enrollment notification
17786,0.96,1,Low Risk,Standard enrollment notification
17451,0.05,0,High Risk,Personalized phone call with HR and benefits explanation
13823,0.0,0,High Risk,Personalized phone call with HR and benefits explanation
17516,0.0,0,High Risk,Personalized phone call with HR and benefits explanation
17830,0.98,1,Low Risk,Standard enrollment notification
19577,0.87,1,Low Risk,Standard enrollment notification
12809,0.92,1,Low Risk,Standard enrollment notification
15051,0.91,1,Low Risk,Standard enrollment notification
13519,0.98,1,Low Risk,Standard enrollment notification
18926,0.96,1,Low Risk,Standard enrollment notification
13959,0.05,0,High Risk,Personalized phone call with HR and benefits explanation
17345,0.95,1,Low Risk,Standard enrollment notification
12134,0.0,0,High Risk,Personalized phone call with HR and benefits explanation
15053,0.01,0,High Risk,Personalized phone call with HR and benefits explanation
19950,0.98,1,Low Risk,Standard enrollment notification
12280,0.97,1,Low Risk,Standard enrollment notification
10660,0.99,1,Low Risk,Standard enrollment notification
12431,0.92,1,Low Risk,Standard enrollment notification
13752,0.97,1,Low Risk,Standard enrollment notification
19520,0.09,0,High Risk,Personalized phone call with HR and benefits explanation
12592,0.97,1,Low Risk,Standard enrollment notification
16316,0.93,1,Low Risk,Standard enrollment notification
10643,1.0,1,Low Risk,Standard enrollment notification
10169,0.91,1,Low Risk,Standard enrollment notification
11801,0.86,1,Low Risk,Standard enrollment notification
13395,0.99,1,Low Risk,Standard enrollment notification
11918,0.01,0,High Risk,Personalized phone call with HR and benefits explanation
10273,0.09,0,High Risk,Personalized phone call with HR and benefits explanation
19805,0.98,1,Low Risk,Standard enrollment notification
10495,1.0,1,Low Risk,Standard enrollment notification
16789,1.0,1,Low Risk,Standard enrollment notification
11913,0.0,0,High Risk,Personalized phone call with HR and benefits explanation
13647,0.1,0,High Risk,Personalized phone call with HR and benefits explanation
18231,0.27,0,High Risk,Personalized phone call with HR and benefits explanation
10307,0.59,1,Medium Risk,Reminder email with enrollment benefits
14103,1.0,1,Low Risk,Standard enrollment notification
10782,0.05,0,High Risk,Personalized phone call with HR and benefits explanation
15287,0.99,1,Low Risk,Standard enrollment notification
10535,0.19,0,High Risk,Personalized phone call with HR and benefits explanation
10584,0.98,1,Low Risk,Standard enrollment notification
11301,0.71,1,Low Risk,Standard enrollment notification
17061,1.0,1,Low Risk,Standard enrollment notification
17496,0.0,0,High Risk,Personalized phone call with HR and benefits explanation
18242,1.0,1,Low Risk,Standard enrollment notification
10317,0.97,1,Low Risk,Standard enrollment notification
16511,0.92,1,Low Risk,Standard enrollment notification
12565,0.05,0,High Risk,Personalized phone call with HR and benefits explanation
11795,0.96,1,Low Risk,Standard enrollment notification
16678,0.09,0,High Risk,Personalized phone call with HR and benefits explanation
19650,0.04,0,High Risk,Personalized phone call with HR and benefits explanation
18464,1.0,1,Low Risk,Standard enrollment notification
10549,1.0,1,Low Risk,Standard enrollment notification
11693,1.0,1,Low Risk,Standard enrollment notification
13526,0.97,1,Low Risk,Standard enrollment notification
13013,0.05,0,High Risk,Personalized phone call with HR and benefits explanation
11631,0.97,1,Low Risk,Standard enrollment notification
12391,0.99,1,Low Risk,Standard enrollment notification
14695,1.0,1,Low Risk,Standard enrollment notification
19087,0.0,0,High Risk,Personalized phone call with HR and benefits explanation
17705,0.37,0,Medium Risk,Reminder email with enrollment benefits
14488,0.1,0,High Risk,Personalized phone call with HR and benefits explanation
11260,0.87,1,Low Risk,Standard enrollment notification
18023,0.91,1,Low Risk,Standard enrollment notification
10810,0.02,0,High Risk,Personalized phone call with HR and benefits explanation
16389,1.0,1,Low Risk,Standard enrollment notification
11050,1.0,1,Low Risk,Standard enrollment notification
17391,1.0,1,Low Risk,Standard enrollment notification
10108,0.89,1,Low Risk,Standard enrollment notification
16250,1.0,1,Low Risk,Standard enrollment notification
18866,1.0,1,Low Risk,Standard enrollment notification
16787,0.01,0,High Risk,Personalized phone call with HR and benefits explanation
19459,0.0,0,High Risk,Personalized phone call with HR and benefits explanation
14606,0.05,0,High Risk,Personalized phone call with HR and benefits explanation
19282,0.03,0,High Risk,Personalized phone call with HR and benefits explanation
15456,1.0,1,Low Risk,Standard enrollment notification
11533,0.95,1,Low Risk,Standard enrollment notification
14963,0.97,1,Low Risk,Standard enrollment notification
10212,0.14,0,High Risk,Personalized phone call with HR and benefits explanation
13148,0.95,1,Low Risk,Standard enrollment notification
15157,1.0,1,Low Risk,Standard enrollment notification
12151,1.0,1,Low Risk,Standard enrollment notification
16996,0.98,1,Low Risk,Standard enrollment notification
11974,0.99,1,Low Risk,Standard enrollment notification
14686,1.0,1,Low Risk,Standard enrollment notification
18183,0.95,1,Low Risk,Standard enrollment notification
17608,0.97,1,Low Risk,Standard enrollment notification
18839,0.82,1,Low Risk,Standard enrollment notification
10772,0.95,1,Low Risk,Standard enrollment notification
17503,1.0,1,Low Risk,Standard enrollment notification
18896,0.98,1,Low Risk,Standard enrollment notification
11250,1.0,1,Low Risk,Standard enrollment notification
17891,1.0,1,Low Risk,Standard enrollment notification
17254,0.16,0,High Risk,Personalized phone call with HR and benefits explanation
19454,1.0,1,Low Risk,Standard enrollment notification
16574,0.95,1,Low Risk,Standard enrollment notification
16820,0.98,1,Low Risk,Standard enrollment notification
10710,0.09,0,High Risk,Personalized phone call with HR and benefits explanation
12673,0.98,1,Low Risk,Standard enrollment notification
14515,0.02,0,High Risk,Personalized phone call with HR and benefits explanation
11462,0.96,1,Low Risk,Standard enrollment notification
12546,1.0,1,Low Risk,Standard enrollment notification
17742,0.08,0,High Risk,Personalized phone call with HR and benefits explanation
17218,0.99,1,Low Risk,Standard enrollment notification
18423,0.03,0,High Risk,Personalized phone call with HR and benefits explanation
11357,0.88,1,Low Risk,Standard enrollment notification
13012,1.0,1,Low Risk,Standard enrollment notification
10852,1.0,1,Low Risk,Standard enrollment notification
11005,0.01,0,High Risk,Personalized phone call with HR and benefits explanation
11835,1.0,1,Low Risk,Standard enrollment notification
17904,0.98,1,Low Risk,Standard enrollment notification
19775,1.0,1,Low Risk,Standard enrollment notification
17743,0.05,0,High Risk,Personalized phone call with HR and benefits explanation
11317,0.03,0,High Risk,Personalized phone call with HR and benefits explanation
13328,1.0,1,Low Risk,Standard enrollment notification
11624,0.14,0,High Risk,Personalized phone call with HR and benefits explanation
13834,1.0,1,Low Risk,Standard enrollment notification
15745,0.04,0,High Risk,Personalized phone call with HR and benefits explanation
11279,1.0,1,Low Risk,Standard enrollment notification
19246,1.0,1,Low Risk,Standard enrollment notification
14146,0.89,1,Low Risk,Standard enrollment notification
18668,1.0,1,Low Risk,Standard enrollment notification
13147,1.0,1,Low Risk,Standard enrollment notification
15643,0.99,1,Low Risk,Standard enrollment notification
18528,1.0,1,Low Risk,Standard enrollment notification
17140,1.0,1,Low Risk,Standard enrollment notification
12618,1.0,1,Low Risk,Standard enrollment notification
13663,0.92,1,Low Risk,Standard enrollment notification
10089,0.98,1,Low Risk,Standard enrollment notification
10875,0.01,0,High Risk,Personalized phone call with HR and benefits explanation
18736,0.9,1,Low Risk,Standard enrollment notification
13001,1.0,1,Low Risk,Standard enrollment notification
12761,0.02,0,High Risk,Personalized phone call with HR and benefits explanation
11881,0.96,1,Low Risk,Standard enrollment notification
10107,0.99,1,Low Risk,Standard enrollment notification
10927,0.94,1,Low Risk,Standard enrollment notification
16366,0.96,1,Low Risk,Standard enrollment notification
10320,0.92,1,Low Risk,Standard enrollment notification
10879,0.98,1,Low Risk,Standard enrollment notification
16774,1.0,1,Low Risk,Standard enrollment notification
13995,0.91,1,Low Risk,Standard enrollment notification
14922,1.0,1,Low Risk,Standard enrollment notification
15387,0.98,1,Low Risk,Standard enrollment notification
13079,0.68,1,Low Risk,Standard enrollment notification
14731,1.0,1,Low Risk,Standard enrollment notification
14235,0.99,1,Low Risk,Standard enrollment notification
14260,0.01,0,High Risk,Personalized phone call with HR and benefits explanation
13727,0.07,0,High Risk,Personalized phone call with HR and benefits explanation
19852,0.99,1,Low Risk,Standard enrollment notification
19238,1.0,1,Low Risk,Standard enrollment notification
11751,1.0,1,Low Risk,Standard enrollment notification
17692,1.0,1,Low Risk,Standard enrollment notification
15152,1.0,1,Low Risk,Standard enrollment notification
13879,0.98,1,Low Risk,Standard enrollment notification
15865,0.97,1,Low Risk,Standard enrollment notification
15601,0.91,1,Low Risk,Standard enrollment notification
11044,0.0,0,High Risk,Personalized phone call with HR and benefits explanation
13011,1.0,1,Low Risk,Standard enrollment notification
15156,0.08,0,High Risk,Personalized phone call with HR and benefits explanation
16778,0.02,0,High Risk,Personalized phone call with HR and benefits explanation
17787,1.0,1,Low Risk,Standard enrollment notification
14591,0.9,1,Low Risk,Standard enrollment notification
14752,0.95,1,Low Risk,Standard enrollment notification
12965,0.99,1,Low Risk,Standard enrollment notification
18834,0.0,0,High Risk,Personalized phone call with HR and benefits explanation
10138,0.04,0,High Risk,Personalized phone call with HR and benefits explanation
19073,1.0,1,Low Risk,Standard enrollment notification
11098,1.0,1,Low Risk,Standard enrollment notification
19653,1.0,1,Low Risk,Standard enrollment notification
16550,0.02,0,High Risk,Personalized phone call with HR and benefits explanation
16472,0.37,0,Medium Risk,Reminder email with enrollment benefits
16462,0.99,1,Low Risk,Standard enrollment notification
15266,0.01,0,High Risk,Personalized phone call with HR and benefits explanation
12136,1.0,1,Low Risk,Standard enrollment notification
15459,0.0,0,High Risk,Personalized phone call with HR and benefits explanation
15079,0.94,1,Low Risk,Standard enrollment notification
13368,0.99,1,Low Risk,Standard enrollment notification
13730,0.93,1,Low Risk,Standard enrollment notification
10149,0.19,0,High Risk,Personalized phone call with HR and benefits explanation
10304,0.08,0,High Risk,Personalized phone call with HR and benefits explanation
15114,0.01,0,High Risk,Personalized phone call with HR and benefits explanation
15149,0.92,1,Low Risk,Standard enrollment notification
11271,0.97,1,Low Risk,Standard enrollment notification
11905,0.01,0,High Risk,Personalized phone call with HR and benefits explanation
12211,0.01,0,High Risk,Personalized phone call with HR and benefits explanation
14295,0.99,1,Low Risk,Standard enrollment notification
13843,1.0,1,Low Risk,Standard enrollment notification
13575,0.78,1,Low Risk,Standard enrollment notification
12876,1.0,1,Low Risk,Standard enrollment notification
15041,0.01,0,High Risk,Personalized phone call with HR and benefits explanation
12299,0.9,1,Low Risk,Standard enrollment notification
18676,0.03,0,High Risk,Personalized phone call with HR and benefits explanation
18156,1.0,1,Low Risk,Standard enrollment notification
15279,0.96,1,Low Risk,Standard enrollment notification
15436,0.05,0,High Risk,Personalized phone call with HR and benefits explanation
15128,0.12,0,High Risk,Personalized phone call with HR and benefits explanation
18984,0.04,0,High Risk,Personalized phone call with HR and benefits explanation
16529,0.0,0,High Risk,Personalized phone call with HR and benefits explanation
16895,1.0,1,Low Risk,Standard enrollment notification
11202,0.98,1,Low Risk,Standard enrollment notification
19975,1.0,1,Low Risk,Standard enrollment notification
13430,0.91,1,Low Risk,Standard enrollment notification
11866,0.97,1,Low Risk,Standard enrollment notification
19837,0.99,1,Low Risk,Standard enrollment notification
15576,1.0,1,Low Risk,Standard enrollment notification
17058,0.21,0,High Risk,Personalized phone call with HR and benefits explanation
15717,1.0,1,Low Risk,Standard enrollment notification
14999,0.93,1,Low Risk,Standard enrollment notification
12810,0.13,0,High Risk,Personalized phone call with HR and benefits explanation
18878,0.0,0,High Risk,Personalized phone call with HR and benefits explanation
14256,0.98,1,Low Risk,Standard enrollment notification
17529,0.03,0,High Risk,Personalized phone call with HR and benefits explanation
18753,0.99,1,Low Risk,Standard enrollment notification
12891,0.03,0,High Risk,Personalized phone call with HR and benefits explanation
13501,1.0,1,Low Risk,Standard enrollment notification
19872,0.02,0,High Risk,Personalized phone call with HR and benefits explanation
13380,0.96,1,Low Risk,Standard enrollment notification
13194,0.0,0,High Risk,Personalized phone call with HR and benefits explanation
11447,0.98,1,Low Risk,Standard enrollment notification
11953,0.91,1,Low Risk,Standard enrollment notification
17125,0.97,1,Low Risk,Standard enrollment notification
19115,0.05,0,High Risk,Personalized phone call with HR and benefits explanation
11625,0.85,1,Low Risk,Standard enrollment notification
18503,0.03,0,High Risk,Personalized phone call with HR and benefits explanation
16950,0.0,0,High Risk,Personalized phone call with HR and benefits explanation
11320,0.98,1,Low Risk,Standard enrollment notification
13532,0.02,0,High Risk,Personalized phone call with HR and benefits explanation
11664,0.98,1,Low Risk,Standard enrollment notification
10816,0.03,0,High Risk,Personalized phone call with HR and benefits explanation
14776,0.03,0,High Risk,Personalized phone call with HR and benefits explanation
19616,0.0,0,High Risk,Personalized phone call with HR and benefits explanation
11094,1.0,1,Low Risk,Standard enrollment notification
14177,0.97,1,Low Risk,Standard enrollment notification
11951,0.0,0,High Risk,Personalized phone call with HR and benefits explanation
13885,0.98,1,Low Risk,Standard enrollment notification
19524,0.97,1,Low Risk,Standard enrollment notification
19707,1.0,1,Low Risk,Standard enrollment notification
12801,0.97,1,Low Risk,Standard enrollment notification
11240,1.0,1,Low Risk,Standard enrollment notification
10330,0.0,0,High Risk,Personalized phone call with HR and benefits explanation
13103,0.97,1,Low Risk,Standard enrollment notification
18435,0.97,1,Low Risk,Standard enrollment notification
12543,0.99,1,Low Risk,Standard enrollment notification
14738,0.94,1,Low Risk,Standard enrollment notification
14793,0.98,1,Low Risk,Standard enrollment notification
16647,0.0,0,High Risk,Personalized phone call with HR and benefits explanation
12819,1.0,1,Low Risk,Standard enrollment notification
10754,0.97,1,Low Risk,Standard enrollment notification
14532,0.03,0,High Risk,Personalized phone call with HR and benefits explanation
11564,0.97,1,Low Risk,Standard enrollment notification
11935,1.0,1,Low Risk,Standard enrollment notification
17208,0.98,1,Low Risk,Standard enrollment notification
19795,1.0,1,Low Risk,Standard enrollment notification
13494,0.95,1,Low Risk,Standard enrollment notification
17713,0.07,0,High Risk,Personalized phone call with HR and benefits explanation
11857,0.0,0,High Risk,Personalized phone call with HR and benefits explanation
14698,1.0,1,Low Risk,Standard enrollment notification
13564,0.99,1,Low Risk,Standard enrollment notification
11014,0.99,1,Low Risk,Standard enrollment notification
16109,1.0,1,Low Risk,Standard enrollment notification
15483,0.97,1,Low Risk,Standard enrollment notification
10467,0.92,1,Low Risk,Standard enrollment notification
14029,0.95,1,Low Risk,Standard enrollment notification
10175,0.97,1,Low Risk,Standard enrollment notification
14881,1.0,1,Low Risk,Standard enrollment notification
10278,0.98,1,Low Risk,Standard enrollment notification
11070,0.0,0,High Risk,Personalized phone call with HR and benefits explanation
19217,0.99,1,Low Risk,Standard enrollment notification
15562,0.9,1,Low Risk,Standard enrollment notification
16867,0.97,1,Low Risk,Standard enrollment notification
15037,0.01,0,High Risk,Personalized phone call with HR and benefits explanation
16804,0.93,1,Low Risk,Standard enrollment notification
19546,1.0,1,Low Risk,Standard enrollment notification
15546,0.0,0,High Risk,Personalized phone call with HR and benefits explanation
15003,1.0,1,Low Risk,Standard enrollment notification
11714,0.0,0,High Risk,Personalized phone call with HR and benefits explanation
17641,0.07,0,High Risk,Personalized phone call with HR and benefits explanation
12612,1.0,1,Low Risk,Standard enrollment notification
17394,0.98,1,Low Risk,Standard enrollment notification
10389,0.95,1,Low Risk,Standard enrollment notification
18021,0.99,1,Low Risk,Standard enrollment notification
13496,1.0,1,Low Risk,Standard enrollment notification
14977,0.0,0,High Risk,Personalized phone call with HR and benefits explanation
13543,1.0,1,Low Risk,Standard enrollment notification
17289,0.91,1,Low Risk,Standard enrollment notification
17311,0.32,0,Medium Risk,Reminder email with enrollment benefits
10051,0.01,0,High Risk,Personalized phone call with HR and benefits explanation
16588,0.01,0,High Risk,Personalized phone call with HR and benefits explanation
14230,0.99,1,Low Risk,Standard enrollment notification
10483,0.01,0,High Risk,Personalized phone call with HR and benefits explanation
12252,0.97,1,Low Risk,Standard enrollment notification
14163,0.92,1,Low Risk,Standard enrollment notification
19814,1.0,1,Low Risk,Standard enrollment notification
15093,1.0,1,Low Risk,Standard enrollment notification
13104,0.02,0,High Risk,Personalized phone call with HR and benefits explanation
12930,1.0,1,Low Risk,Standard enrollment notification
16777,1.0,1,Low Risk,Standard enrollment notification
14970,0.99,1,Low Risk,Standard enrollment notification
10065,0.97,1,Low Risk,Standard enrollment notification
19740,0.03,0,High Risk,Personalized phone call with HR and benefits explanation
17574,0.0,0,High Risk,Personalized phone call with HR and benefits explanation
18969,1.0,1,Low Risk,Standard enrollment notification
14588,0.01,0,High Risk,Personalized phone call with HR and benefits explanation
16403,0.03,0,High Risk,Personalized phone call with HR and benefits explanation
16210,0.98,1,Low Risk,Standard enrollment notification
14617,1.0,1,Low Risk,Standard enrollment notification
13333,1.0,1,Low Risk,Standard enrollment notification
17588,0.05,0,High Risk,Personalized phone call with HR and benefits explanation
12816,0.91,1,Low Risk,Standard enrollment notification
13965,0.0,0,High Risk,Personalized phone call with HR and benefits explanation
17607,1.0,1,Low Risk,Standard enrollment notification
15382,0.98,1,Low Risk,Standard enrollment notification
15940,0.96,1,Low Risk,Standard enrollment notification
18917,0.98,1,Low Risk,Standard enrollment notification
13242,0.07,0,High Risk,Personalized phone call with HR and benefits explanation
12794,0.04,0,High Risk,Personalized phone call with HR and benefits explanation
15734,0.93,1,Low Risk,Standard enrollment notification
12525,0.25,0,High Risk,Personalized phone call with HR and benefits explanation
11736,0.14,0,High Risk,Personalized phone call with HR and benefits explanation
17961,0.95,1,Low Risk,Standard enrollment notification
13125,1.0,1,Low Risk,Standard enrollment notification
14941,0.97,1,Low Risk,Standard enrollment notification
17976,0.0,0,High Risk,Personalized phone call with HR and benefits explanation
10274,1.0,1,Low Risk,Standard enrollment notification
19779,0.99,1,Low Risk,Standard enrollment notification
17022,0.04,0,High Risk,Personalized phone call with HR and benefits explanation
19574,0.99,1,Low Risk,Standard enrollment notification
16556,0.15,0,High Risk,Personalized phone call with HR and benefits explanation
15579,0.01,0,High Risk,Personalized phone call with HR and benefits explanation
15497,0.0,0,High Risk,Personalized phone call with HR and benefits explanation
11453,1.0,1,Low Risk,Standard enrollment notification
12693,0.98,1,Low Risk,Standard enrollment notification
12768,1.0,1,Low Risk,Standard enrollment notification
18411,0.97,1,Low Risk,Standard enrollment notification
10240,1.0,1,Low Risk,Standard enrollment notification
11132,0.0,0,High Risk,Personalized phone call with HR and benefits explanation
17894,1.0,1,Low Risk,Standard enrollment notification
13265,1.0,1,Low Risk,Standard enrollment notification
15350,0.0,0,High Risk,Personalized phone call with HR and benefits explanation
15765,1.0,1,Low Risk,Standard enrollment notification
11384,0.91,1,Low Risk,Standard enrollment notification
13075,1.0,1,Low Risk,Standard enrollment notification
14861,0.98,1,Low Risk,Standard enrollment notification
11358,0.99,1,Low Risk,Standard enrollment notification
14872,1.0,1,Low Risk,Standard enrollment notification
12631,0.99,1,Low Risk,Standard enrollment notification
10625,0.0,0,High Risk,Personalized phone call with HR and benefits explanation
10840,1.0,1,Low Risk,Standard enrollment notification
14724,0.97,1,Low Risk,Standard enrollment notification
17664,0.97,1,Low Risk,Standard enrollment notification
10324,0.98,1,Low Risk,Standard enrollment notification
11868,0.0,0,High Risk,Personalized phone call with HR and benefits explanation
15257,0.97,1,Low Risk,Standard enrollment notification
12827,0.95,1,Low Risk,Standard enrollment notification
15173,0.93,1,Low Risk,Standard enrollment notification
17084,0.97,1,Low Risk,Standard enrollment notification
13928,0.94,1,Low Risk,Standard enrollment notification
18630,1.0,1,Low Risk,Standard enrollment notification
10120,0.11,0,High Risk,Personalized phone call with HR and benefits explanation
19692,0.99,1,Low Risk,Standard enrollment notification
19539,1.0,1,Low Risk,Standard enrollment notification
12378,0.03,0,High Risk,Personalized phone call with HR and benefits explanation
15911,0.99,1,Low Risk,Standard enrollment notification
17510,1.0,1,Low Risk,Standard enrollment notification
19219,0.93,1,Low Risk,Standard enrollment notification
13302,0.04,0,High Risk,Personalized phone call with HR and benefits explanation
17525,0.99,1,Low Risk,Standard enrollment notification
14173,0.0,0,High Risk,Personalized phone call with HR and benefits explanation
19093,0.95,1,Low Risk,Standard enrollment notification
17880,0.07,0,High Risk,Personalized phone call with HR and benefits explanation
19397,0.04,0,High Risk,Personalized phone call with HR and benefits explanation
19986,0.99,1,Low Risk,Standard enrollment notification
15038,1.0,1,Low Risk,Standard enrollment notification
16722,0.27,0,High Risk,Personalized phone call with HR and benefits explanation
14051,0.99,1,Low Risk,Standard enrollment notification
16964,0.13,0,High Risk,Personalized phone call with HR and benefits explanation
10553,0.99,1,Low Risk,Standard enrollment notification
10407,0.96,1,Low Risk,Standard enrollment notification
16214,1.0,1,Low Risk,Standard enrollment notification
13135,0.05,0,High Risk,Personalized phone call with HR and benefits explanation
13299,0.01,0,High Risk,Personalized phone call with HR and benefits explanation
17480,0.02,0,High Risk,Personalized phone call with HR and benefits explanation
12350,0.0,0,High Risk,Personalized phone call with HR and benefits explanation
15843,0.01,0,High Risk,Personalized phone call with HR and benefits explanation
17666,0.05,0,High Risk,Personalized phone call with HR and benefits explanation
10237,0.99,1,Low Risk,Standard enrollment notification
15782,1.0,1,Low Risk,Standard enrollment notification
16083,0.02,0,High Risk,Personalized phone call with HR and benefits explanation
16080,0.05,0,High Risk,Personalized phone call with HR and benefits explanation
17898,0.99,1,Low Risk,Standard enrollment notification
13164,0.97,1,Low Risk,Standard enrollment notification
10500,0.01,0,High Risk,Personalized phone call with HR and benefits explanation
14919,1.0,1,Low Risk,Standard enrollment notification
13626,0.01,0,High Risk,Personalized phone call with HR and benefits explanation
13128,1.0,1,Low Risk,Standard enrollment notification
18987,0.99,1,Low Risk,Standard enrollment notification
13359,0.35,0,Medium Risk,Reminder email with enrollment benefits
19183,0.99,1,Low Risk,Standard enrollment notification
17079,0.98,1,Low Risk,Standard enrollment notification
18583,1.0,1,Low Risk,Standard enrollment notification
14840,0.95,1,Low Risk,Standard enrollment notification
11218,1.0,1,Low Risk,Standard enrollment notification
10236,1.0,1,Low Risk,Standard enrollment notification
10332,1.0,1,Low Risk,Standard enrollment notification
14577,1.0,1,Low Risk,Standard enrollment notification
13189,1.0,1,Low Risk,Standard enrollment notification
17777,1.0,1,Low Risk,Standard enrollment notification
10045,0.86,1,Low Risk,Standard enrollment notification
17926,0.08,0,High Risk,Personalized phone call with HR and benefits explanation
14217,0.17,0,High Risk,Personalized phone call with HR and benefits explanation
13073,0.01,0,High Risk,Personalized phone call with HR and benefits explanation
17912,0.96,1,Low Risk,Standard enrollment notification
15023,0.98,1,Low Risk,Standard enrollment notification
16660,0.99,1,Low Risk,Standard enrollment notification
11595,0.07,0,High Risk,Personalized phone call with HR and benefits explanation
18416,1.0,1,Low Risk,Standard enrollment notification
14710,1.0,1,Low Risk,Standard enrollment notification
12892,0.95,1,Low Risk,Standard enrollment notification
11246,0.04,0,High Risk,Personalized phone call with HR and benefits explanation
17770,1.0,1,Low Risk,Standard enrollment notification
11541,0.03,0,High Risk,Personalized phone call with HR and benefits explanation
14626,0.99,1,Low Risk,Standard enrollment notification
10819,1.0,1,Low Risk,Standard enrollment notification
10156,0.92,1,Low Risk,Standard enrollment notification
17511,1.0,1,Low Risk,Standard enrollment notification
16745,1.0,1,Low Risk,Standard enrollment notification
18636,1.0,1,Low Risk,Standard enrollment notification
10249,0.05,0,High Risk,Personalized phone call with HR and benefits explanation
14015,0.0,0,High Risk,Personalized phone call with HR and benefits explanation
17610,0.99,1,Low Risk,Standard enrollment notification
15227,1.0,1,Low Risk,Standard enrollment notification
18175,0.99,1,Low Risk,Standard enrollment notification
18986,1.0,1,Low Risk,Standard enrollment notification
18120,0.28,0,High Risk,Personalized phone call with HR and benefits explanation
13190,0.97,1,Low Risk,Standard enrollment notification
12650,0.99,1,Low Risk,Standard enrollment notification
10629,0.96,1,Low Risk,Standard enrollment notification
11231,0.99,1,Low Risk,Standard enrollment notification
12340,0.0,0,High Risk,Personalized phone call with HR and benefits explanation
17708,0.02,0,High Risk,Personalized phone call with HR and benefits explanation
16831,1.0,1,Low Risk,Standard enrollment notification
17369,0.0,0,High Risk,Personalized phone call with HR and benefits explanation
11452,0.03,0,High Risk,Personalized phone call with HR and benefits explanation
11829,0.01,0,High Risk,Personalized phone call with HR and benefits explanation
19019,0.22,0,High Risk,Personalized phone call with HR and benefits explanation
11640,0.02,0,High Risk,Personalized phone call with HR and benefits explanation
13865,0.91,1,Low Risk,Standard enrollment notification
17938,1.0,1,Low Risk,Standard enrollment notification
13421,0.01,0,High Risk,Personalized phone call with HR and benefits explanation
13768,0.95,1,Low Risk,Standard enrollment notification
18728,1.0,1,Low Risk,Standard enrollment notification
15907,1.0,1,Low Risk,Standard enrollment notification
18347,0.97,1,Low Risk,Standard enrollment notification
15597,0.98,1,Low Risk,Standard enrollment notification
13150,0.2,0,High Risk,Personalized phone call with HR and benefits explanation
19504,1.0,1,Low Risk,Standard enrollment notification
18515,1.0,1,Low Risk,Standard enrollment notification
15807,0.92,1,Low Risk,Standard enrollment notification
14111,0.98,1,Low Risk,Standard enrollment notification
11799,0.03,0,High Risk,Personalized phone call with HR and benefits explanation
18275,0.05,0,High Risk,Personalized phone call with HR and benefits explanation
11989,0.03,0,High Risk,Personalized phone call with HR and benefits explanation
11575,0.1,0,High Risk,Personalized phone call with HR and benefits explanation
12724,0.97,1,Low Risk,Standard enrollment notification
12059,0.02,0,High Risk,Personalized phone call with HR and benefits explanation
19367,0.05,0,High Risk,Personalized phone call with HR and benefits explanation
14510,1.0,1,Low Risk,Standard enrollment notification
14262,1.0,1,Low Risk,Standard enrollment notification
19593,0.26,0,High Risk,Personalized phone call with HR and benefits explanation
16252,0.03,0,High Risk,Personalized phone call with HR and benefits explanation
10615,0.92,1,Low Risk,Standard enrollment notification
13094,0.03,0,High Risk,Personalized phone call with HR and benefits explanation
13451,1.0,1,Low Risk,Standard enrollment notification
11015,1.0,1,Low Risk,Standard enrollment notification
11717,0.0,0,High Risk,Personalized phone call with HR and benefits explanation
13906,0.0,0,High Risk,Personalized phone call with HR and benefits explanation
17501,0.01,0,High Risk,Personalized phone call with HR and benefits explanation
13419,0.06,0,High Risk,Personalized phone call with HR and benefits explanation
14652,0.96,1,Low Risk,Standard enrollment notification
13101,0.03,0,High Risk,Personalized phone call with HR and benefits explanation
16465,1.0,1,Low Risk,Standard enrollment notification
19848,0.84,1,Low Risk,Standard enrollment notification
11212,0.0,0,High Risk,Personalized phone call with HR and benefits explanation
19828,0.99,1,Low Risk,Standard enrollment notification
18827,1.0,1,Low Risk,Standard enrollment notification
19248,0.01,0,High Risk,Personalized phone call with HR and benefits explanation
18989,0.81,1,Low Risk,Standard enrollment notification
17087,0.98,1,Low Risk,Standard enrollment notification
15188,0.1,0,High Risk,Personalized phone call with HR and benefits explanation
14271,0.02,0,High Risk,Personalized phone call with HR and benefits explanation
12815,0.99,1,Low Risk,Standard enrollment notification
11081,0.0,0,High Risk,Personalized phone call with HR and benefits explanation
11608,0.9,1,Low Risk,Standard enrollment notification
18337,0.97,1,Low Risk,Standard enrollment notification
14242,0.97,1,Low Risk,Standard enrollment notification
10091,0.97,1,Low Risk,Standard enrollment notification
17847,0.01,0,High Risk,Personalized phone call with HR and benefits explanation
17931,1.0,1,Low Risk,Standard enrollment notification
10683,1.0,1,Low Risk,Standard enrollment notification
18042,0.0,0,High Risk,Personalized phone call with HR and benefits explanation
18286,0.99,1,Low Risk,Standard enrollment notification
19027,0.98,1,Low Risk,Standard enrollment notification
16053,1.0,1,Low Risk,Standard enrollment notification
16006,1.0,1,Low Risk,Standard enrollment notification
15132,0.03,0,High Risk,Personalized phone call with HR and benefits explanation
11401,0.98,1,Low Risk,Standard enrollment notification
17256,0.94,1,Low Risk,Standard enrollment notification
12263,1.0,1,Low Risk,Standard enrollment notification
13246,0.02,0,High Risk,Personalized phone call with HR and benefits explanation
19191,0.0,0,High Risk,Personalized phone call with HR and benefits explanation
10854,0.99,1,Low Risk,Standard enrollment notification
19335,1.0,1,Low Risk,Standard enrollment notification
17844,1.0,1,Low Risk,Standard enrollment notification
12275,1.0,1,Low Risk,Standard enrollment notification
17041,1.0,1,Low Risk,Standard enrollment notification
17563,0.98,1,Low Risk,Standard enrollment notification
14498,1.0,1,Low Risk,Standard enrollment notification
17573,0.0,0,High Risk,Personalized phone call with HR and benefits explanation
11104,0.0,0,High Risk,Personalized phone call with HR and benefits explanation
10085,0.1,0,High Risk,Personalized phone call with HR and benefits explanation
15953,0.01,0,High Risk,Personalized phone call with HR and benefits explanation
14211,0.13,0,High Risk,Personalized phone call with HR and benefits explanation
16815,0.06,0,High Risk,Personalized phone call with HR and benefits explanation
15682,0.03,0,High Risk,Personalized phone call with HR and benefits explanation
11568,0.99,1,Low Risk,Standard enrollment notification
17034,0.04,0,High Risk,Personalized phone call with HR and benefits explanation
15598,0.07,0,High Risk,Personalized phone call with HR and benefits explanation
11661,0.99,1,Low Risk,Standard enrollment notification
13765,0.99,1,Low Risk,Standard enrollment notification
13585,1.0,1,Low Risk,Standard enrollment notification
16952,1.0,1,Low Risk,Standard enrollment notification
12875,1.0,1,Low Risk,Standard enrollment notification
12885,0.09,0,High Risk,Personalized phone call with HR and benefits explanation
13008,0.97,1,Low Risk,Standard enrollment notification
11827,1.0,1,Low Risk,Standard enrollment notification
15930,0.98,1,Low Risk,Standard enrollment notification
12641,0.03,0,High Risk,Personalized phone call with HR and benefits explanation
15702,0.02,0,High Risk,Personalized phone call with HR and benefits explanation
18536,0.0,0,High Risk,Personalized phone call with HR and benefits explanation
16438,0.98,1,Low Risk,Standard enrollment notification
16323,0.0,0,High Risk,Personalized phone call with HR and benefits explanation
12708,0.01,0,High Risk,Personalized phone call with HR and benefits explanation
16159,0.04,0,High Risk,Personalized phone call with HR and benefits explanation
17855,1.0,1,Low Risk,Standard enrollment notification
19303,0.99,1,Low Risk,Standard enrollment notification
12214,0.03,0,High Risk,Personalized phone call with HR and benefits explanation
11360,0.94,1,Low Risk,Standard enrollment notification
12108,0.93,1,Low Risk,Standard enrollment notification
14806,0.0,0,High Risk,Personalized phone call with HR and benefits explanation
15975,0.02,0,High Risk,Personalized phone call with HR and benefits explanation
16821,1.0,1,Low Risk,Standard enrollment notification
19571,1.0,1,Low Risk,Standard enrollment notification
12829,0.05,0,High Risk,Personalized phone call with HR and benefits explanation
10425,0.02,0,High Risk,Personalized phone call with HR and benefits explanation
10293,0.99,1,Low Risk,Standard enrollment notification
11066,1.0,1,Low Risk,Standard enrollment notification
17018,0.98,1,Low Risk,Standard enrollment notification
15735,1.0,1,Low Risk,Standard enrollment notification
15109,0.86,1,Low Risk,Standard enrollment notification
17197,0.07,0,High Risk,Personalized phone call with HR and benefits explanation
10938,0.97,1,Low Risk,Standard enrollment notification
13780,0.0,0,High Risk,Personalized phone call with HR and benefits explanation
16894,0.66,1,Low Risk,Standard enrollment notification
18447,0.07,0,High Risk,Personalized phone call with HR and benefits explanation
19675,0.99,1,Low Risk,Standard enrollment notification
19137,1.0,1,Low Risk,Standard enrollment notification
19928,0.92,1,Low Risk,Standard enrollment notification
16281,1.0,1,Low Risk,Standard enrollment notification
13267,1.0,1,Low Risk,Standard enrollment notification
17347,1.0,1,Low Risk,Standard enrollment notification
17724,1.0,1,Low Risk,Standard enrollment notification
14820,0.99,1,Low Risk,Standard enrollment notification
10970,0.08,0,High Risk,Personalized phone call with HR and benefits explanation
10497,0.01,0,High Risk,Personalized phone call with HR and benefits explanation
15836,0.98,1,Low Risk,Standard enrollment notification
18530,0.98,1,Low Risk,Standard enrollment notification
14705,0.79,1,Low Risk,Standard enrollment notification
11149,0.25,0,High Risk,Personalized phone call with HR and benefits explanation
15810,0.97,1,Low Risk,Standard enrollment notification
19987,0.98,1,Low Risk,Standard enrollment notification
15006,1.0,1,Low Risk,Standard enrollment notification
13969,1.0,1,Low Risk,Standard enrollment notification
12152,0.0,0,High Risk,Personalized phone call with HR and benefits explanation
17762,0.0,0,High Risk,Personalized phone call with HR and benefits explanation
12492,0.95,1,Low Risk,Standard enrollment notification
14816,0.96,1,Low Risk,Standard enrollment notification
12825,0.97,1,Low Risk,Standard enrollment notification
15666,1.0,1,Low Risk,Standard enrollment notification
17039,0.05,0,High Risk,Personalized phone call with HR and benefits explanation
12276,0.1,0,High Risk,Personalized phone call with HR and benefits explanation
18627,0.11,0,High Risk,Personalized phone call with HR and benefits explanation
18168,1.0,1,Low Risk,Standard enrollment notification
15396,0.07,0,High Risk,Personalized phone call with HR and benefits explanation
16271,1.0,1,Low Risk,Standard enrollment notification
13756,0.29,0,High Risk,Personalized phone call with HR and benefits explanation
17918,0.0,0,High Risk,Personalized phone call with HR and benefits explanation
17205,1.0,1,Low Risk,Standard enrollment notification
13212,0.0,0,High Risk,Personalized phone call with HR and benefits explanation
14309,0.01,0,High Risk,Personalized phone call with HR and benefits explanation
14993,0.87,1,Low Risk,Standard enrollment notification
13541,0.0,0,High Risk,Personalized phone call with HR and benefits explanation
11942,0.0,0,High Risk,Personalized phone call with HR and benefits explanation
13600,1.0,1,Low Risk,Standard enrollment notification
15386,0.04,0,High Risk,Personalized phone call with HR and benefits explanation
19458,0.99,1,Low Risk,Standard enrollment notification
14439,1.0,1,Low Risk,Standard enrollment notification
12598,1.0,1,Low Risk,Standard enrollment notification
11411,1.0,1,Low Risk,Standard enrollment notification
11215,0.93,1,Low Risk,Standard enrollment notification
19159,0.92,1,Low Risk,Standard enrollment notification
19423,0.01,0,High Risk,Personalized phone call with HR and benefits explanation
16440,0.97,1,Low Risk,Standard enrollment notification
14792,0.01,0,High Risk,Personalized phone call with HR and benefits explanation
17597,0.95,1,Low Risk,Standard enrollment notification
16218,0.02,0,High Risk,Personalized phone call with HR and benefits explanation
10606,0.03,0,High Risk,Personalized phone call with HR and benefits explanation
18297,0.97,1,Low Risk,Standard enrollment notification
10646,1.0,1,Low Risk,Standard enrollment notification
15501,0.02,0,High Risk,Personalized phone call with HR and benefits explanation
13089,1.0,1,Low Risk,Standard enrollment notification
19212,0.98,1,Low Risk,Standard enrollment notification
18284,0.97,1,Low Risk,Standard enrollment notification
15209,1.0,1,Low Risk,Standard enrollment notification
12871,0.91,1,Low Risk,Standard enrollment notification
19101,0.05,0,High Risk,Personalized phone call with HR and benefits explanation
15571,1.0,1,Low Risk,Standard enrollment notification
15838,1.0,1,Low Risk,Standard enrollment notification
18431,0.04,0,High Risk,Personalized phone call with HR and benefits explanation
13141,0.09,0,High Risk,Personalized phone call with HR and benefits explanation
19135,0.97,1,Low Risk,Standard enrollment notification
19463,0.95,1,Low Risk,Standard enrollment notification
10939,1.0,1,Low Risk,Standard enrollment notification
15521,0.99,1,Low Risk,Standard enrollment notification
13230,0.28,0,High Risk,Personalized phone call with HR and benefits explanation
11863,1.0,1,Low Risk,Standard enrollment notification
11670,0.0,0,High Risk,Personalized phone call with HR and benefits explanation
18198,0.0,0,High Risk,Personalized phone call with HR and benefits explanation
14344,0.99,1,Low Risk,Standard enrollment notification
13944,0.05,0,High Risk,Personalized phone call with HR and benefits explanation
13014,0.97,1,Low Risk,Standard enrollment notification
10019,0.98,1,Low Risk,Standard enrollment notification
17575,0.04,0,High Risk,Personalized phone call with HR and benefits explanation
16578,0.17,0,High Risk,Personalized phone call with HR and benefits explanation
19004,1.0,1,Low Risk,Standard enrollment notification
19493,0.03,0,High Risk,Personalized phone call with HR and benefits explanation
15432,0.08,0,High Risk,Personalized phone call with HR and benefits explanation
18453,0.03,0,High Risk,Personalized phone call with HR and benefits explanation
11571,0.96,1,Low Risk,Standard enrollment notification
11744,1.0,1,Low Risk,Standard enrollment notification
17010,1.0,1,Low Risk,Standard enrollment notification
10521,0.98,1,Low Risk,Standard enrollment notification
13938,0.0,0,High Risk,Personalized phone call with HR and benefits explanation
11659,0.97,1,Low Risk,Standard enrollment notification
13473,0.07,0,High Risk,Personalized phone call with HR and benefits explanation
12476,1.0,1,Low Risk,Standard enrollment notification
13949,0.0,0,High Risk,Personalized phone call with HR and benefits explanation
13935,0.94,1,Low Risk,Standard enrollment notification
17154,0.91,1,Low Risk,Standard enrollment notification
10764,0.9,1,Low Risk,Standard enrollment notification
14704,0.98,1,Low Risk,Standard enrollment notification
17237,0.96,1,Low Risk,Standard enrollment notification
18028,1.0,1,Low Risk,Standard enrollment notification
14428,0.1,0,High Risk,Personalized phone call with HR and benefits explanation
17659,1.0,1,Low Risk,Standard enrollment notification
17730,0.96,1,Low Risk,Standard enrollment notification
11092,1.0,1,Low Risk,Standard enrollment notification
13609,0.02,0,High Risk,Personalized phone call with HR and benefits explanation
11102,0.82,1,Low Risk,Standard enrollment notification
17380,0.03,0,High Risk,Personalized phone call with HR and benefits explanation
10959,0.03,0,High Risk,Personalized phone call with HR and benefits explanation
10560,1.0,1,Low Risk,Standard enrollment notification
16991,0.99,1,Low Risk,Standard enrollment notification
16835,1.0,1,Low Risk,Standard enrollment notification
11520,0.0,0,High Risk,Personalized phone call with HR and benefits explanation
18840,0.99,1,Low Risk,Standard enrollment notification
16129,0.09,0,High Risk,Personalized phone call with HR and benefits explanation
12485,0.01,0,High Risk,Personalized phone call with HR and benefits explanation
16635,0.99,1,Low Risk,Standard enrollment notification
10367,0.98,1,Low Risk,Standard enrollment notification
16194,0.35,0,Medium Risk,Reminder email with enrollment benefits
17532,1.0,1,Low Risk,Standard enrollment notification
11949,1.0,1,Low Risk,Standard enrollment notification
19765,1.0,1,Low Risk,Standard enrollment notification
10809,0.02,0,High Risk,Personalized phone call with HR and benefits explanation
18204,0.96,1,Low Risk,Standard enrollment notification
15014,0.98,1,Low Risk,Standard enrollment notification
17686,0.94,1,Low Risk,Standard enrollment notification
16784,0.92,1,Low Risk,Standard enrollment notification
18369,0.0,0,High Risk,Personalized phone call with HR and benefits explanation
12570,1.0,1,Low Risk,Standard enrollment notification
13521,0.97,1,Low Risk,Standard enrollment notification
13283,0.0,0,High Risk,Personalized phone call with HR and benefits explanation
11665,0.0,0,High Risk,Personalized phone call with HR and benefits explanation
13371,0.09,0,High Risk,Personalized phone call with HR and benefits explanation
16967,0.0,0,High Risk,Personalized phone call with HR and benefits explanation
18116,1.0,1,Low Risk,Standard enrollment notification
16573,0.05,0,High Risk,Personalized phone call with HR and benefits explanation
17928,1.0,1,Low Risk,Standard enrollment notification
14253,0.99,1,Low Risk,Standard enrollment notification
16684,0.11,0,High Risk,Personalized phone call with HR and benefits explanation
13579,1.0,1,Low Risk,Standard enrollment notification
15947,0.99,1,Low Risk,Standard enrollment notification
16606,0.01,0,High Risk,Personalized phone call with HR and benefits explanation
12625,0.0,0,High Risk,Personalized phone call with HR and benefits explanation
16400,0.0,0,High Risk,Personalized phone call with HR and benefits explanation
16102,0.95,1,Low Risk,Standard enrollment notification
19378,0.9,1,Low Risk,Standard enrollment notification
11007,1.0,1,Low Risk,Standard enrollment notification
12050,1.0,1,Low Risk,Standard enrollment notification
14012,0.06,0,High Risk,Personalized phone call with HR and benefits explanation
10270,1.0,1,Low Risk,Standard enrollment notification
11994,0.01,0,High Risk,Personalized phone call with HR and benefits explanation
10266,0.12,0,High Risk,Personalized phone call with HR and benefits explanation
19107,1.0,1,Low Risk,Standard enrollment notification
18049,0.98,1,Low Risk,Standard enrollment notification
10291,1.0,1,Low Risk,Standard enrollment notification
12913,0.99,1,Low Risk,Standard enrollment notification
16543,0.91,1,Low Risk,Standard enrollment notification
19845,1.0,1,Low Risk,Standard enrollment notification
14142,0.0,0,High Risk,Personalized phone call with HR and benefits explanation
14258,1.0,1,Low Risk,Standard enrollment notification
16872,0.97,1,Low Risk,Standard enrollment notification
10289,1.0,1,Low Risk,Standard enrollment notification
17758,1.0,1,Low Risk,Standard enrollment notification
13108,1.0,1,Low Risk,Standard enrollment notification
18070,0.02,0,High Risk,Personalized phone call with HR and benefits explanation
16045,1.0,1,Low Risk,Standard enrollment notification
10576,0.18,0,High Risk,Personalized phone call with HR and benefits explanation
10851,1.0,1,Low Risk,Standard enrollment notification
17484,0.99,1,Low Risk,Standard enrollment notification
15351,0.05,0,High Risk,Personalized phone call with HR and benefits explanation
16230,1.0,1,Low Risk,Standard enrollment notification
13950,0.0,0,High Risk,Personalized phone call with HR and benefits explanation
19293,0.96,1,Low Risk,Standard enrollment notification
17802,0.0,0,High Risk,Personalized phone call with HR and benefits explanation
19400,1.0,1,Low Risk,Standard enrollment notification
11844,0.05,0,High Risk,Personalized phone call with HR and benefits explanation
11849,0.96,1,Low Risk,Standard enrollment notification
13948,0.09,0,High Risk,Personalized phone call with HR and benefits explanation
11695,0.95,1,Low Risk,Standard enrollment notification
14182,0.99,1,Low Risk,Standard enrollment notification
16370,0.93,1,Low Risk,Standard enrollment notification
10234,1.0,1,Low Risk,Standard enrollment notification
12648,1.0,1,Low Risk,Standard enrollment notification
11712,0.93,1,Low Risk,Standard enrollment notification
18375,1.0,1,Low Risk,Standard enrollment notification
15097,1.0,1,Low Risk,Standard enrollment notification
15738,0.98,1,Low Risk,Standard enrollment notification
15453,1.0,1,Low Risk,Standard enrollment notification
11463,0.01,0,High Risk,Personalized phone call with HR and benefits explanation
10050,0.88,1,Low Risk,Standard enrollment notification
16674,0.94,1,Low Risk,Standard enrollment notification
15355,0.0,0,High Risk,Personalized phone call with HR and benefits explanation
16005,0.99,1,Low Risk,Standard enrollment notification
17791,1.0,1,Low Risk,Standard enrollment notification
18299,0.97,1,Low Risk,Standard enrollment notification
10444,1.0,1,Low Risk,Standard enrollment notification
17657,0.02,0,High Risk,Personalized phone call with HR and benefits explanation
14743,0.06,0,High Risk,Personalized phone call with HR and benefits explanation
17181,0.07,0,High Risk,Personalized phone call with HR and benefits explanation
10727,1.0,1,Low Risk,Standard enrollment notification
12239,1.0,1,Low Risk,Standard enrollment notification
17933,0.15,0,High Risk,Personalized phone call with HR and benefits explanation
12331,0.03,0,High Risk,Personalized phone call with HR and benefits explanation
14126,0.87,1,Low Risk,Standard enrollment notification
10170,0.95,1,Low Risk,Standard enrollment notification
11002,0.99,1,Low Risk,Standard enrollment notification
13253,1.0,1,Low Risk,Standard enrollment notification
12149,0.08,0,High Risk,Personalized phone call with HR and benefits explanation
10198,0.14,0,High Risk,Personalized phone call with HR and benefits explanation
16123,0.98,1,Low Risk,Standard enrollment notification
13794,0.17,0,High Risk,Personalized phone call with HR and benefits explanation
10648,1.0,1,Low Risk,Standard enrollment notification
14141,1.0,1,Low Risk,Standard enrollment notification
12759,1.0,1,Low Risk,Standard enrollment notification
18566,0.98,1,Low Risk,Standard enrollment notification
18759,0.94,1,Low Risk,Standard enrollment notification
13486,0.0,0,High Risk,Personalized phone call with HR and benefits explanation
11156,0.98,1,Low Risk,Standard enrollment notification
14136,1.0,1,Low Risk,Standard enrollment notification
10974,0.97,1,Low Risk,Standard enrollment notification
13288,0.97,1,Low Risk,Standard enrollment notification
17152,0.83,1,Low Risk,Standard enrollment notification
13639,0.97,1,Low Risk,Standard enrollment notification
15883,0.99,1,Low Risk,Standard enrollment notification
15595,1.0,1,Low Risk,Standard enrollment notification
16601,0.08,0,High Risk,Personalized phone call with HR and benefits explanation
12309,0.97,1,Low Risk,Standard enrollment notification
16032,0.18,0,High Risk,Personalized phone call with HR and benefits explanation
12045,0.0,0,High Risk,Personalized phone call with HR and benefits explanation
14373,0.05,0,High Risk,Personalized phone call with HR and benefits explanation
14733,1.0,1,Low Risk,Standard enrollment notification
14719,0.05,0,High Risk,Personalized phone call with HR and benefits explanation
15956,1.0,1,Low Risk,Standard enrollment notification
10845,0.99,1,Low Risk,Standard enrollment notification
14490,1.0,1,Low Risk,Standard enrollment notification
17914,0.01,0,High Risk,Personalized phone call with HR and benefits explanation
10350,0.99,1,Low Risk,Standard enrollment notification
16669,1.0,1,Low Risk,Standard enrollment notification
10785,0.97,1,Low Risk,Standard enrollment notification
18240,0.0,0,High Risk,Personalized phone call with HR and benefits explanation
15752,0.9,1,Low Risk,Standard enrollment notification
14019,0.94,1,Low Risk,Standard enrollment notification
11440,0.07,0,High Risk,Personalized phone call with HR and benefits explanation
16098,0.96,1,Low Risk,Standard enrollment notification
15086,0.98,1,Low Risk,Standard enrollment notification
16886,1.0,1,Low Risk,Standard enrollment notification
17866,0.97,1,Low Risk,Standard enrollment notification
15407,0.04,0,High Risk,Personalized phone call with HR and benefits explanation
18226,0.09,0,High Risk,Personalized phone call with HR and benefits explanation
10788,0.07,0,High Risk,Personalized phone call with HR and benefits explanation
17685,0.01,0,High Risk,Personalized phone call with HR and benefits explanation
15140,1.0,1,Low Risk,Standard enrollment notification
14578,1.0,1,Low Risk,Standard enrollment notification
15340,0.97,1,Low Risk,Standard enrollment notification
18060,0.99,1,Low Risk,Standard enrollment notification
12628,0.99,1,Low Risk,Standard enrollment notification
16626,0.93,1,Low Risk,Standard enrollment notification
10932,0.97,1,Low Risk,Standard enrollment notification
12405,0.99,1,Low Risk,Standard enrollment notification
19878,0.97,1,Low Risk,Standard enrollment notification
11249,0.1,0,High Risk,Personalized phone call with HR and benefits explanation
14856,0.04,0,High Risk,Personalized phone call with HR and benefits explanation
10093,1.0,1,Low Risk,Standard enrollment notification
15512,1.0,1,Low Risk,Standard enrollment notification
15438,0.07,0,High Risk,Personalized phone call with HR and benefits explanation
12852,0.89,1,Low Risk,Standard enrollment notification
16424,0.0,0,High Risk,Personalized phone call with HR and benefits explanation
10765,0.0,0,High Risk,Personalized phone call with HR and benefits explanation
16749,1.0,1,Low Risk,Standard enrollment notification
15470,0.97,1,Low Risk,Standard enrollment notification
16048,0.0,0,High Risk,Personalized phone call with HR and benefits explanation
19921,0.98,1,Low Risk,Standard enrollment notification
10258,0.99,1,Low Risk,Standard enrollment notification
17241,1.0,1,Low Risk,Standard enrollment notification
19412,0.08,0,High Risk,Personalized phone call with HR and benefits explanation
17652,1.0,1,Low Risk,Standard enrollment notification
19354,0.99,1,Low Risk,Standard enrollment notification
18965,0.04,0,High Risk,Personalized phone call with HR and benefits explanation
15583,0.07,0,High Risk,Personalized phone call with HR and benefits explanation
18505,0.97,1,Low Risk,Standard enrollment notification
14860,0.97,1,Low Risk,Standard enrollment notification
12998,0.02,0,High Risk,Personalized phone call with HR and benefits explanation
11177,1.0,1,Low Risk,Standard enrollment notification
13897,0.85,1,Low Risk,Standard enrollment notification
19542,0.83,1,Low Risk,Standard enrollment notification
13517,0.89,1,Low Risk,Standard enrollment notification
17956,0.99,1,Low Risk,Standard enrollment notification
17681,0.96,1,Low Risk,Standard enrollment notification
17085,0.06,0,High Risk,Personalized phone call with HR and benefits explanation
18584,0.14,0,High Risk,Personalized phone call with HR and benefits explanation
16016,0.01,0,High Risk,Personalized phone call with HR and benefits explanation
11457,0.04,0,High Risk,Personalized phone call with HR and benefits explanation
11093,0.91,1,Low Risk,Standard enrollment notification
16119,0.04,0,High Risk,Personalized phone call with HR and benefits explanation
13240,0.13,0,High Risk,Personalized phone call with HR and benefits explanation
14442,0.96,1,Low Risk,Standard enrollment notification
12584,0.04,0,High Risk,Personalized phone call with HR and benefits explanation
17567,1.0,1,Low Risk,Standard enrollment notification
11373,1.0,1,Low Risk,Standard enrollment notification
10920,0.19,0,High Risk,Personalized phone call with HR and benefits explanation
14308,0.9,1,Low Risk,Standard enrollment notification
15700,0.99,1,Low Risk,Standard enrollment notification
10538,0.99,1,Low Risk,Standard enrollment notification
19413,0.98,1,Low Risk,Standard enrollment notification
