employee_id,predicted_probability,predicted_enrollment
12324,0.0,0
17825,0.97,1
15200,0.98,1
16690,0.92,1
17465,0.31,0
17727,0.0,0
13582,0.99,1
17068,0.99,1
16183,0.97,1
16268,0.99,1
13259,0.05,0
16594,0.0,0
10053,0.02,0
16645,0.01,0
17214,0.01,0
11443,0.88,1
14119,0.09,0
15060,1.0,1
19320,0.98,1
17481,0.07,0
18558,0.0,0
10681,0.99,1
15895,0.96,1
18695,1.0,1
11798,1.0,1
10762,0.0,0
16591,0.0,0
11313,0.08,0
19134,1.0,1
12737,0.11,0
12763,0.96,1
14248,1.0,1
10066,0.03,0
13874,0.98,1
13878,0.98,1
14144,1.0,1
12171,0.86,1
16079,0.98,1
13661,0.99,1
13004,1.0,1
17495,0.0,0
16934,1.0,1
10602,0.93,1
14706,0.05,0
11498,1.0,1
11588,0.98,1
18723,0.07,0
10949,1.0,1
11986,0.16,0
18135,0.01,0
10724,1.0,1
12676,0.99,1
12653,0.95,1
18945,0.85,1
17867,0.24,0
17103,0.01,0
12247,1.0,1
16531,1.0,1
15297,1.0,1
18661,0.02,0
16205,0.95,1
17646,0.04,0
18556,1.0,1
12675,0.91,1
17301,0.03,0
12285,0.98,1
13295,0.0,0
14415,0.01,0
13946,0.0,0
12035,0.99,1
17150,0.01,0
19116,0.99,1
18649,0.99,1
11437,0.1,0
15931,0.99,1
13855,0.05,0
13621,1.0,1
19727,0.02,0
13831,0.05,0
14445,1.0,1
13086,0.99,1
16243,0.98,1
19939,1.0,1
16387,0.01,0
11593,1.0,1
18838,1.0,1
15513,0.98,1
17447,0.0,0
11173,0.97,1
12322,0.03,0
19209,0.94,1
17011,0.07,0
14320,0.98,1
10271,0.09,0
17735,0.99,1
12999,1.0,1
16772,0.05,0
10012,0.99,1
12259,0.99,1
13384,1.0,1
18669,1.0,1
11430,0.01,0
12462,0.96,1
13319,0.96,1
15298,1.0,1
17755,1.0,1
11236,1.0,1
10676,0.95,1
12238,0.0,0
18377,0.0,0
15046,1.0,1
13062,0.03,0
10037,0.01,0
15293,1.0,1
17744,0.07,0
15171,0.04,0
12036,1.0,1
15121,0.98,1
11666,0.06,0
17427,0.09,0
14440,1.0,1
19241,0.0,0
17291,0.01,0
10632,0.0,0
12308,0.98,1
17601,0.97,1
18249,0.98,1
11484,0.0,0
19748,0.01,0
11244,1.0,1
13436,1.0,1
14618,0.99,1
17980,0.93,1
19993,0.99,1
17750,0.02,0
16702,0.99,1
13618,1.0,1
18094,1.0,1
13237,0.96,1
11420,0.97,1
19117,0.96,1
12254,0.97,1
13987,1.0,1
19348,0.02,0
13917,0.99,1
19261,0.01,0
14990,1.0,1
14929,0.01,0
12800,1.0,1
19925,0.97,1
13330,0.06,0
17972,0.01,0
15633,0.99,1
14464,0.03,0
19958,1.0,1
12689,1.0,1
10657,1.0,1
12475,0.0,0
18562,0.98,1
13882,0.07,0
18125,1.0,1
15648,1.0,1
13907,0.97,1
12468,0.96,1
16814,1.0,1
12140,0.03,0
18355,0.97,1
16058,1.0,1
11024,0.03,0
17784,1.0,1
13637,0.99,1
19419,0.92,1
11902,0.08,0
19273,0.08,0
19973,0.02,0
15899,1.0,1
13081,1.0,1
15241,0.09,0
12406,0.03,0
14039,0.93,1
17819,0.98,1
14348,1.0,1
17779,0.81,1
18691,1.0,1
18855,0.01,0
19912,0.01,0
16464,0.05,0
16794,0.88,1
17267,1.0,1
14971,0.97,1
15099,0.02,0
15618,1.0,1
11699,0.99,1
18756,0.84,1
13693,0.07,0
16232,1.0,1
10057,0.01,0
17805,0.01,0
18921,0.03,0
11290,0.0,0
15621,0.02,0
12369,0.93,1
18846,1.0,1
18401,1.0,1
16360,0.0,0
10346,1.0,1
16248,0.0,0
14699,1.0,1
17846,0.96,1
11861,0.98,1
16313,0.11,0
18679,0.0,0
15127,0.99,1
18775,0.11,0
12182,0.01,0
15059,1.0,1
18805,1.0,1
12039,0.98,1
16328,0.01,0
15687,0.9,1
10836,0.97,1
14030,1.0,1
19862,0.94,1
10572,0.99,1
16941,0.04,0
11158,0.0,0
12261,0.19,0
10883,0.0,0
19855,0.93,1
15710,0.88,1
17789,0.01,0
13115,0.96,1
14871,1.0,1
18011,0.96,1
11153,0.04,0
12739,1.0,1
11770,0.08,0
12353,1.0,1
12552,1.0,1
11407,0.99,1
14518,0.95,1
10921,0.06,0
10404,0.98,1
19818,0.98,1
17564,0.99,1
11649,1.0,1
16097,0.19,0
14495,0.89,1
16031,0.0,0
15891,0.98,1
17843,1.0,1
19567,0.0,0
12558,0.97,1
10439,1.0,1
14937,1.0,1
17157,0.03,0
18771,0.98,1
10946,0.97,1
18440,0.03,0
14574,0.0,0
14533,0.0,0
11461,0.05,0
15076,1.0,1
13836,0.14,0
14487,0.01,0
12980,0.92,1
14477,1.0,1
11091,0.12,0
15336,0.99,1
13641,0.02,0
19738,1.0,1
18744,0.99,1
17273,0.02,0
13468,0.9,1
17001,0.0,0
15110,0.0,0
12451,0.89,1
11196,0.01,0
12346,0.03,0
10738,0.0,0
11436,0.1,0
14573,0.94,1
12520,0.99,1
18940,0.98,1
11412,0.96,1
18279,0.97,1
11647,0.13,0
10733,0.0,0
11650,1.0,1
16386,1.0,1
13731,0.98,1
17021,0.97,1
13677,0.19,0
18311,0.01,0
12597,1.0,1
14351,0.01,0
17801,0.92,1
15892,0.01,0
13912,0.99,1
16781,0.0,0
15130,0.0,0
12532,0.99,1
10080,0.93,1
15699,1.0,1
15822,1.0,1
10100,1.0,1
11877,0.91,1
18615,0.97,1
11773,0.04,0
14643,0.83,1
10640,0.97,1
10068,0.98,1
18065,1.0,1
19752,1.0,1
13743,0.85,1
12721,0.99,1
18678,0.97,1
11137,1.0,1
12706,0.0,0
14382,0.99,1
16152,0.11,0
19390,0.0,0
19426,0.0,0
11763,0.21,0
17260,1.0,1
19885,0.95,1
13476,0.13,0
15844,1.0,1
12905,0.92,1
11900,1.0,1
17111,0.01,0
10375,0.98,1
18647,0.93,1
19224,0.18,0
10642,0.0,0
19552,0.06,0
10176,0.81,1
10233,0.01,0
10379,0.07,0
16377,0.99,1
16827,0.86,1
13301,0.91,1
13595,0.01,0
12786,1.0,1
16842,1.0,1
15730,1.0,1
14989,1.0,1
10749,0.01,0
18485,0.95,1
16012,0.98,1
11226,0.98,1
19911,0.97,1
15561,0.0,0
16682,0.96,1
18292,0.99,1
11415,0.96,1
19759,0.03,0
19322,1.0,1
10174,0.0,0
11875,0.02,0
19684,0.87,1
13672,0.07,0
17105,0.01,0
18804,0.0,0
11269,0.1,0
13707,1.0,1
19032,1.0,1
17069,0.98,1
17067,0.0,0
13607,1.0,1
10421,0.9,1
10864,0.35,0
19850,0.96,1
17410,0.1,0
19711,0.96,1
11344,0.01,0
19450,1.0,1
15072,1.0,1
18599,0.15,0
13525,0.94,1
16060,0.1,0
19717,1.0,1
18149,0.88,1
15676,0.93,1
15147,0.03,0
14949,0.0,0
17726,1.0,1
16655,0.96,1
14853,1.0,1
18696,0.14,0
19112,0.24,0
15993,1.0,1
15280,0.0,0
13546,1.0,1
12574,0.97,1
10508,1.0,1
19507,0.94,1
19926,0.01,0
11814,0.98,1
12760,0.96,1
10501,1.0,1
13434,0.04,0
16376,0.91,1
11286,0.95,1
16107,0.01,0
17452,0.06,0
15195,0.24,0
16877,0.02,0
16093,0.98,1
13518,0.01,0
15177,0.03,0
18429,0.07,0
11643,0.1,0
17494,0.0,0
13362,1.0,1
17204,0.02,0
18071,0.0,0
14883,0.01,0
18949,0.02,0
14057,0.97,1
18573,0.01,0
12839,0.06,0
18621,0.0,0
16211,0.73,1
11901,0.92,1
13960,0.01,0
19572,0.99,1
11819,0.05,0
17329,0.11,0
15148,0.98,1
12499,0.01,0
15805,0.07,0
13735,0.93,1
18618,1.0,1
14516,1.0,1
13550,0.97,1
17453,1.0,1
19811,1.0,1
12209,1.0,1
19283,1.0,1
13184,1.0,1
12092,0.02,0
17691,1.0,1
16125,0.03,0
12953,0.03,0
16711,0.06,0
19118,1.0,1
17474,1.0,1
19483,0.04,0
15558,0.99,1
14701,0.02,0
14353,0.02,0
18737,0.87,1
10061,1.0,1
13475,0.14,0
19039,0.92,1
14278,0.0,0
10624,0.08,0
13544,0.99,1
18858,0.9,1
18502,0.25,0
16557,1.0,1
13605,1.0,1
10164,0.02,0
18795,1.0,1
18705,0.04,0
12255,0.03,0
19333,0.01,0
14666,0.02,0
17122,1.0,1
18604,1.0,1
10797,0.99,1
15292,0.0,0
17569,1.0,1
19109,0.0,0
15795,0.8,1
10113,0.0,0
15592,0.95,1
11687,0.0,0
15554,1.0,1
16026,0.99,1
15537,0.97,1
16546,0.05,0
10923,0.04,0
15216,0.95,1
18919,1.0,1
12044,1.0,1
17073,0.0,0
13063,0.07,0
18983,0.96,1
12085,1.0,1
14838,1.0,1
11422,0.94,1
11546,1.0,1
17804,0.99,1
16641,0.07,0
12568,0.04,0
14826,0.14,0
19198,0.97,1
19970,1.0,1
12715,0.93,1
13200,0.99,1
10413,1.0,1
10653,1.0,1
17120,0.89,1
17331,1.0,1
10228,0.01,0
17171,0.99,1
15970,0.0,0
16829,0.96,1
18287,0.98,1
11138,0.04,0
17128,1.0,1
14377,1.0,1
10534,0.02,0
14579,0.85,1
14504,0.08,0
16750,0.98,1
12278,1.0,1
19000,0.96,1
15549,0.02,0
19024,0.99,1
10795,0.8,1
14779,1.0,1
12335,1.0,1
10832,0.02,0
14214,0.98,1
15394,1.0,1
16361,0.06,0
12645,0.07,0
15315,0.12,0
13602,0.98,1
17875,0.03,0
16158,0.91,1
17571,1.0,1
12248,1.0,1
18207,1.0,1
13998,0.02,0
11111,0.99,1
11635,0.97,1
17351,0.99,1
11451,0.94,1
14250,1.0,1
18456,0.13,0
19702,0.98,1
10359,0.94,1
19827,0.9,1
13397,1.0,1
10695,0.1,0
12540,0.9,1
10607,0.96,1
12769,1.0,1
10414,0.93,1
12702,0.04,0
13859,0.0,0
19206,0.99,1
16362,0.97,1
12937,1.0,1
17669,1.0,1
19743,0.01,0
15139,0.98,1
11897,0.0,0
17383,0.02,0
16764,0.08,0
18859,1.0,1
18520,1.0,1
15604,0.0,0
16527,0.0,0
10459,0.99,1
19659,0.88,1
14000,1.0,1
13187,1.0,1
13048,1.0,1
13287,1.0,1
13699,1.0,1
18894,0.06,0
16891,0.12,0
13962,0.98,1
19884,1.0,1
12428,0.98,1
12334,0.92,1
10609,0.03,0
16861,1.0,1
16999,0.02,0
16900,0.02,0
16810,0.02,0
19345,0.23,0
19386,0.0,0
12262,0.97,1
18628,0.0,0
16917,0.01,0
17163,0.98,1
17047,0.0,0
11874,1.0,1
12730,0.99,1
14231,0.98,1
16985,0.01,0
14322,0.97,1
12795,1.0,1
12658,0.88,1
12154,1.0,1
16596,0.98,1
17590,0.97,1
17449,0.98,1
13866,0.99,1
10489,0.05,0
14186,0.95,1
16319,1.0,1
17146,0.93,1
16086,0.97,1
13394,0.08,0
16445,0.95,1
10806,0.01,0
16447,0.0,0
15055,0.04,0
10001,0.02,0
18359,0.95,1
15669,0.97,1
16995,0.98,1
12847,0.96,1
19482,0.0,0
12893,0.08,0
15414,1.0,1
12129,0.02,0
17672,1.0,1
14938,0.05,0
18548,0.01,0
13018,0.97,1
16494,1.0,1
17868,1.0,1
16274,0.15,0
16852,1.0,1
18210,0.99,1
19197,0.97,1
15063,0.98,1
14940,0.03,0
18126,0.11,0
18870,0.94,1
17535,0.02,0
17133,0.93,1
18227,0.77,1
11754,1.0,1
16553,0.06,0
18724,1.0,1
13244,1.0,1
13340,0.81,1
13416,0.98,1
15012,0.98,1
14505,1.0,1
10717,0.99,1
14032,0.0,0
19299,0.97,1
11499,0.98,1
19404,0.99,1
11459,0.96,1
11678,0.99,1
12690,0.03,0
17684,0.0,0
18272,0.05,0
19719,0.07,0
15468,1.0,1
18341,0.04,0
17014,0.02,0
11040,0.02,0
14656,0.05,0
15670,0.99,1
12126,0.95,1
10871,0.02,0
13996,0.07,0
19678,0.99,1
19381,0.28,0
13854,0.99,1
14166,0.15,0
10522,0.99,1
11016,0.99,1
11945,0.05,0
11527,0.0,0
16887,0.01,0
12954,0.97,1
14773,0.95,1
12924,1.0,1
13278,0.98,1
16638,0.12,0
19030,0.98,1
13967,1.0,1
11294,0.97,1
18872,0.0,0
13723,1.0,1
14542,0.96,1
12175,0.97,1
10277,0.87,1
18351,0.0,0
13839,0.99,1
16811,0.98,1
12374,0.93,1
12398,1.0,1
10966,1.0,1
16018,0.05,0
15364,0.08,0
17341,1.0,1
11855,0.98,1
18506,0.12,0
18496,0.0,0
14569,0.1,0
19861,0.0,0
19123,0.98,1
16343,0.01,0
12533,0.01,0
17371,0.0,0
15065,0.02,0
18930,0.07,0
13078,1.0,1
15461,1.0,1
15678,0.0,0
12778,1.0,1
13612,0.02,0
16992,0.98,1
11584,0.98,1
17577,1.0,1
12424,0.9,1
13410,0.05,0
19511,0.15,0
11970,0.96,1
17678,0.01,0
19302,1.0,1
14649,0.04,0
13660,0.0,0
16884,0.99,1
11590,1.0,1
16961,0.99,1
19465,1.0,1
19683,1.0,1
10141,0.98,1
11264,0.04,0
14296,0.98,1
11298,1.0,1
13789,0.96,1
19506,0.99,1
17333,0.05,0
11230,0.97,1
17054,1.0,1
16610,0.93,1
16602,0.95,1
10214,0.97,1
18389,1.0,1
15668,0.0,0
14966,0.0,0
12915,0.94,1
19468,1.0,1
17455,0.98,1
19819,0.93,1
16620,0.03,0
13867,1.0,1
11873,0.09,0
18951,0.99,1
16634,0.99,1
13167,0.02,0
19272,0.95,1
16751,1.0,1
18090,1.0,1
17778,0.81,1
16305,0.12,0
12170,0.0,0
14726,0.98,1
11502,0.0,0
19289,1.0,1
10492,0.99,1
16063,0.03,0
14202,0.99,1
13629,0.01,0
18309,0.0,0
16593,0.99,1
15728,0.02,0
15855,0.04,0
12452,0.97,1
10306,0.01,0
11042,1.0,1
12722,0.93,1
18637,0.0,0
16327,0.94,1
10844,0.02,0
19664,0.16,0
11214,0.01,0
18124,1.0,1
15627,0.96,1
19523,0.04,0
14759,1.0,1
15913,0.96,1
17166,0.06,0
19280,1.0,1
17104,1.0,1
10009,1.0,1
14687,0.0,0
15319,0.03,0
17295,0.94,1
13489,0.98,1
18106,1.0,1
17732,0.21,0
19601,1.0,1
11731,0.99,1
13767,1.0,1
17470,0.97,1
10081,0.99,1
19131,0.98,1
13499,1.0,1
17134,0.97,1
19132,0.0,0
14923,0.0,0
15539,0.89,1
11386,0.98,1
16409,0.92,1
18785,0.99,1
11303,1.0,1
10095,0.97,1
14541,1.0,1
17596,1.0,1
19869,0.99,1
10935,1.0,1
14379,0.97,1
15404,0.98,1
15559,0.0,0
19907,0.0,0
17418,0.99,1
18651,0.02,0
10480,1.0,1
17858,0.93,1
17857,0.99,1
17479,0.96,1
18476,0.97,1
14385,0.01,0
14016,0.08,0
16428,1.0,1
14758,0.0,0
13420,1.0,1
17178,0.92,1
10195,0.07,0
13088,0.0,0
16240,1.0,1
17062,0.04,0
12117,0.99,1
11011,0.0,0
12934,0.99,1
11210,0.96,1
18895,1.0,1
13578,0.03,0
18132,0.93,1
16111,0.05,0
18121,0.99,1
19234,1.0,1
12996,0.0,0
10673,0.99,1
12727,1.0,1
15281,1.0,1
19718,0.09,0
16066,0.74,1
18019,0.99,1
10245,0.05,0
15922,0.21,0
11788,1.0,1
17885,0.96,1
10901,0.01,0
19074,1.0,1
12464,0.04,0
14237,0.01,0
15525,0.0,0
18590,0.02,0
10857,1.0,1
15530,0.02,0
13449,0.06,0
15916,0.99,1
17768,0.03,0
12173,0.13,0
11364,1.0,1
15296,1.0,1
10907,0.11,0
16117,1.0,1
18178,0.08,0
16656,1.0,1
19108,0.95,1
13294,0.99,1
15440,0.02,0
15357,0.96,1
19310,0.98,1
18871,0.04,0
19514,0.96,1
16796,0.01,0
13118,1.0,1
14185,0.97,1
18020,1.0,1
19144,1.0,1
14582,0.0,0
14076,0.98,1
14896,0.09,0
13178,0.98,1
17076,0.03,0
18421,1.0,1
14584,1.0,1
12032,0.01,0
12591,1.0,1
10336,0.12,0
18897,1.0,1
16874,1.0,1
14722,0.98,1
17251,1.0,1
16014,0.99,1
18916,0.99,1
16081,0.96,1
14299,0.01,0
10543,0.97,1
12021,1.0,1
12956,0.96,1
13627,0.99,1
13919,0.96,1
14407,1.0,1
19292,0.03,0
14204,0.0,0
17299,0.05,0
14499,0.1,0
19038,0.98,1
18911,0.77,1
18990,0.96,1
19701,0.11,0
13124,0.13,0
16707,0.09,0
11638,0.99,1
16838,0.93,1
14155,1.0,1
12982,0.89,1
14101,0.01,0
10182,0.11,0
11838,0.01,0
10101,0.0,0
19490,0.06,0
15373,1.0,1
10718,0.99,1
17651,0.01,0
11971,1.0,1
12802,0.97,1
18148,0.91,1
18867,0.05,0
11898,0.0,0
18105,0.95,1
16856,0.02,0
15107,0.01,0
12831,1.0,1
14116,0.1,0
16358,0.99,1
11720,0.05,0
16019,1.0,1
16133,1.0,1
13554,0.05,0
15224,0.97,1
15031,0.99,1
11330,1.0,1
18100,1.0,1
12548,0.01,0
13264,0.97,1
11832,0.01,0
15010,0.98,1
17216,0.99,1
13208,1.0,1
18078,0.03,0
11056,0.82,1
14557,0.01,0
17066,0.96,1
17232,0.02,0
16551,1.0,1
11110,0.97,1
12889,1.0,1
11112,0.07,0
16972,0.98,1
13250,0.09,0
18672,0.97,1
17860,1.0,1
12012,0.01,0
15642,0.96,1
19152,0.98,1
16221,0.0,0
14240,1.0,1
13440,0.95,1
14545,0.99,1
17542,0.69,1
12709,0.07,0
12106,0.0,0
16893,0.03,0
13835,1.0,1
18616,0.02,0
18567,1.0,1
16880,0.06,0
16860,0.0,0
10122,0.06,0
15616,0.98,1
15201,0.98,1
18712,1.0,1
10288,0.03,0
19563,1.0,1
10943,0.0,0
13480,1.0,1
18638,0.95,1
15032,0.02,0
19319,0.99,1
16662,1.0,1
12404,1.0,1
17661,0.25,0
12396,0.99,1
16229,0.92,1
19706,0.02,0
17487,0.98,1
11193,0.01,0
18334,0.0,0
10016,0.95,1
11281,1.0,1
13573,0.23,0
14096,0.0,0
19641,1.0,1
17948,1.0,1
18320,0.97,1
15439,0.99,1
12817,0.96,1
10563,1.0,1
13567,0.01,0
10557,0.01,0
12987,0.02,0
12302,0.14,0
12442,0.91,1
11764,0.97,1
18372,1.0,1
15859,0.03,0
17227,1.0,1
15944,0.04,0
17993,1.0,1
17396,0.0,0
11658,0.95,1
17320,0.04,0
13847,1.0,1
11299,0.0,0
18654,0.91,1
12756,0.0,0
12210,0.03,0
10148,1.0,1
13664,0.86,1
15954,0.02,0
17790,1.0,1
10209,0.97,1
19041,0.0,0
10055,0.05,0
10356,1.0,1
14819,1.0,1
15620,0.99,1
18267,0.88,1
12589,0.0,0
19434,0.08,0
18253,0.95,1
15991,0.78,1
17032,0.07,0
16120,1.0,1
17159,1.0,1
19755,0.98,1
14183,0.13,0
11181,0.0,0
11755,0.97,1
13377,0.0,0
14703,1.0,1
12142,0.02,0
19267,1.0,1
15433,0.94,1
19393,0.05,0
13872,0.92,1
13975,0.12,0
18674,0.93,1
17151,1.0,1
13937,0.98,1
15179,0.02,0
18367,0.05,0
11562,1.0,1
16987,1.0,1
16693,0.99,1
10118,0.94,1
17373,0.97,1
14252,0.01,0
10385,0.99,1
12456,0.01,0
19343,0.06,0
19626,1.0,1
12269,1.0,1
19867,0.02,0
13884,1.0,1
19669,0.0,0
12022,1.0,1
10976,0.96,1
16938,0.95,1
15358,0.03,0
15674,0.77,1
15732,0.98,1
17130,1.0,1
12659,0.97,1
16216,0.0,0
11783,0.98,1
15238,0.98,1
19908,0.92,1
13186,0.94,1
13537,0.93,1
10516,0.02,0
11749,0.97,1
17876,1.0,1
18729,1.0,1
15305,1.0,1
16776,0.99,1
11408,0.03,0
14491,0.98,1
12776,0.0,0
16839,0.97,1
10411,0.03,0
18134,0.99,1
16235,0.03,0
13258,0.0,0
13040,0.01,0
12726,0.02,0
19629,0.01,0
15776,0.07,0
19588,1.0,1
14338,0.99,1
16981,0.9,1
15502,0.89,1
15450,0.01,0
11097,1.0,1
16798,1.0,1
16687,0.03,0
13542,1.0,1
19896,0.03,0
14604,0.07,0
15491,0.93,1
13175,1.0,1
11155,0.14,0
13853,1.0,1
18633,0.01,0
10523,1.0,1
10243,1.0,1
16452,0.03,0
19586,0.01,0
15015,0.98,1
13803,1.0,1
19466,0.98,1
12116,0.9,1
15380,0.0,0
15385,0.96,1
13303,0.09,0
15905,1.0,1
12587,0.99,1
10326,1.0,1
17094,0.97,1
12563,0.04,0
14956,0.99,1
11597,0.86,1
11168,1.0,1
14340,0.98,1
19994,0.99,1
11872,1.0,1
18143,1.0,1
13675,0.96,1
13382,0.99,1
15722,0.99,1
11385,0.95,1
16027,0.88,1
15644,1.0,1
13827,1.0,1
11142,1.0,1
18972,0.92,1
14798,1.0,1
16989,0.07,0
14268,0.0,0
14215,0.0,0
15609,0.0,0
18222,0.01,0
12906,0.13,0
11486,0.98,1
14279,1.0,1
13862,0.96,1
13994,0.97,1
15704,0.06,0
14469,1.0,1
10668,1.0,1
15324,0.93,1
18523,0.03,0
10664,0.99,1
11545,0.98,1
15276,0.01,0
13415,1.0,1
14212,0.04,0
15849,0.98,1
11842,1.0,1
15869,1.0,1
13868,0.06,0
10596,0.08,0
12610,1.0,1
11792,1.0,1
19942,0.03,0
11058,0.97,1
18601,0.95,1
11911,0.98,1
13547,1.0,1
14355,1.0,1
16696,0.07,0
17359,0.87,1
16619,0.99,1
17583,0.0,0
18301,1.0,1
18547,0.02,0
12141,0.99,1
12884,0.92,1
13235,0.06,0
10514,0.05,0
19330,0.97,1
11143,0.0,0
12409,0.03,0
11180,0.08,0
16644,0.86,1
15611,0.1,0
13977,0.98,1
15853,0.99,1
13177,0.05,0
13211,0.09,0
13165,0.98,1
10064,0.05,0
15413,0.98,1
11662,0.99,1
10222,0.03,0
16580,0.93,1
10577,1.0,1
10583,0.99,1
18373,0.06,0
10211,0.0,0
12524,0.09,0
15771,0.99,1
17158,0.99,1
18826,0.98,1
16909,0.05,0
11392,0.98,1
10891,0.99,1
14857,0.02,0
17426,1.0,1
13911,1.0,1
17172,0.88,1
15768,0.98,1
12400,0.98,1
18185,1.0,1
19278,1.0,1
10805,0.99,1
11321,0.03,0
17328,0.0,0
12700,0.98,1
15472,0.98,1
17628,0.96,1
17694,0.04,0
12418,0.03,0
12774,0.09,0
15813,0.93,1
16191,1.0,1
19279,0.02,0
17991,0.05,0
13893,0.08,0
17003,0.03,0
17098,0.01,0
19930,0.09,0
19410,0.03,0
16898,0.14,0
19689,1.0,1
10325,0.0,0
12902,0.03,0
10276,0.07,0
11522,1.0,1
13655,0.11,0
17964,1.0,1
17145,1.0,1
10150,1.0,1
19976,0.99,1
12857,1.0,1
10296,1.0,1
12832,0.96,1
19901,1.0,1
15908,0.11,0
13146,0.01,0
11833,0.99,1
15622,0.96,1
19725,1.0,1
13908,1.0,1
16808,1.0,1
15569,1.0,1
11978,0.97,1
17364,1.0,1
16698,0.08,0
15418,1.0,1
18577,1.0,1
12929,1.0,1
15519,1.0,1
17960,0.0,0
13029,0.94,1
10048,0.11,0
16476,0.96,1
11967,0.01,0
10180,1.0,1
16095,0.99,1
15740,0.99,1
12951,0.88,1
19427,0.69,1
18422,0.98,1
17934,0.99,1
19260,1.0,1
19969,0.04,0
12521,0.12,0
15933,0.94,1
14800,1.0,1
14474,0.09,0
16683,0.04,0
12632,0.04,0
13978,0.03,0
18058,0.97,1
19812,0.06,0
16501,0.88,1
12927,0.15,0
10223,1.0,1
11544,1.0,1
17395,0.99,1
14953,0.0,0
18603,0.04,0
10163,0.0,0
14899,0.99,1
16834,0.0,0
12681,0.01,0
16104,1.0,1
15301,0.03,0
14712,0.0,0
16922,0.99,1
16110,1.0,1
12555,1.0,1
13215,0.0,0
12351,0.99,1
15376,0.09,0
14716,1.0,1
19011,0.96,1
15117,0.08,0
18056,0.94,1
12600,0.98,1
16036,1.0,1
10995,1.0,1
13325,1.0,1
19745,1.0,1
14284,0.99,1
12560,1.0,1
16369,1.0,1
13034,0.0,0
18799,0.89,1
13058,0.99,1
15767,0.01,0
15580,0.98,1
17812,0.0,0
11674,0.84,1
13683,0.01,0
17385,0.01,0
10047,1.0,1
15645,0.04,0
19936,0.98,1
15605,0.98,1
16382,0.99,1
13020,0.99,1
12093,0.05,0
11742,1.0,1
10393,1.0,1
11724,0.98,1
18639,0.01,0
12388,1.0,1
15812,0.0,0
18905,1.0,1
19978,1.0,1
17797,1.0,1
15234,1.0,1
13923,0.98,1
19603,0.07,0
17454,0.02,0
18929,1.0,1
10117,0.01,0
18370,0.06,0
12067,0.97,1
10616,0.92,1
18181,1.0,1
11726,0.08,0
12394,0.08,0
10876,1.0,1
16177,0.97,1
14735,1.0,1
14804,0.06,0
14570,0.99,1
14817,1.0,1
17881,1.0,1
19857,1.0,1
14365,1.0,1
13127,0.99,1
13172,0.98,1
10719,0.98,1
16435,1.0,1
11166,0.04,0
12144,0.0,0
11686,1.0,1
19597,1.0,1
15536,1.0,1
10739,0.17,0
10159,0.91,1
12384,0.16,0
13183,1.0,1
13327,0.13,0
12550,0.98,1
16375,1.0,1
13329,0.0,0
12361,0.95,1
14081,1.0,1
13179,0.98,1
14689,0.03,0
13909,0.01,0
12477,0.02,0
18139,0.09,0
17402,1.0,1
13751,0.96,1
12000,1.0,1
17164,0.01,0
18828,0.98,1
19959,1.0,1
12071,0.98,1
17268,1.0,1
16919,0.99,1
18398,0.06,0
16208,1.0,1
19398,0.01,0
13568,0.96,1
14648,0.1,0
10941,0.94,1
14198,0.97,1
17536,0.01,0
19069,1.0,1
19391,1.0,1
16605,0.04,0
17903,0.03,0
12779,0.96,1
15182,0.01,0
11114,1.0,1
15607,0.05,0
12342,0.08,0
10686,1.0,1
11990,1.0,1
11884,0.99,1
18707,0.23,0
12994,0.01,0
18034,0.0,0
13180,0.01,0
14017,0.01,0
13282,0.05,0
17368,0.95,1
16286,0.98,1
16178,0.99,1
10485,0.06,0
15658,0.15,0
17782,0.99,1
11096,0.01,0
13748,0.98,1
18131,0.98,1
11084,0.01,0
13171,1.0,1
13792,0.99,1
10734,0.02,0
11418,0.98,1
18281,0.01,0
12978,0.83,1
11067,0.01,0
11916,0.02,0
17033,0.91,1
10972,0.02,0
19421,0.01,0
15011,0.08,0
10188,1.0,1
14077,1.0,1
14620,1.0,1
12339,0.94,1
14755,0.98,1
12732,0.93,1
15284,1.0,1
13509,0.11,0
10831,1.0,1
15306,1.0,1
11681,0.97,1
14005,0.95,1
13658,0.23,0
15772,0.96,1
14046,0.87,1
17245,0.99,1
14784,0.98,1
18278,1.0,1
16539,1.0,1
19059,0.96,1
16076,1.0,1
15972,0.21,0
10054,0.95,1
19961,0.98,1
16506,0.97,1
18794,0.0,0
16035,0.95,1
13624,0.08,0
14153,0.97,1
13031,0.99,1
13312,0.02,0
14707,0.14,0
10564,0.24,0
10912,0.12,0
14933,1.0,1
12375,0.03,0
17435,1.0,1
16188,0.99,1
18535,0.0,0
16978,0.95,1
11057,0.85,1
10541,0.03,0
13407,0.1,0
16196,0.99,1
19235,0.0,0
15066,0.01,0
19264,0.94,1
11926,0.06,0
13918,0.0,0
19358,0.99,1
16406,0.99,1
11178,0.99,1
10246,0.99,1
14345,0.04,0
18003,0.93,1
12903,0.01,0
17344,0.0,0
13535,1.0,1
18037,1.0,1
16136,0.97,1
14836,1.0,1
16957,1.0,1
15360,0.99,1
11355,0.72,1
10043,0.01,0
12029,0.24,0
15020,0.01,0
17716,0.95,1
19594,1.0,1
11921,0.93,1
18995,0.0,0
18876,0.99,1
11403,0.07,0
12807,0.0,0
13453,0.99,1
18038,0.0,0
13203,0.11,0
14107,0.97,1
13132,0.98,1
18293,0.93,1
15372,0.99,1
19760,1.0,1
10422,0.04,0
17209,0.98,1
17995,0.09,0
17704,0.0,0
16526,0.0,0
16030,0.95,1
19566,0.01,0
15341,0.84,1
10131,0.96,1
12968,0.07,0
13625,0.94,1
17072,0.03,0
18452,0.9,1
18913,0.03,0
12990,1.0,1
17970,0.0,0
19723,0.01,0
14611,1.0,1
12444,0.0,0
12125,0.06,0
17852,1.0,1
16747,0.05,0
15101,1.0,1
16541,0.0,0
17550,0.01,0
10248,1.0,1
13074,0.0,0
15498,0.0,0
18593,0.0,0
18048,0.99,1
16420,0.97,1
18285,0.99,1
19929,0.16,0
18472,0.02,0
11761,0.95,1
17196,0.0,0
19242,0.22,0
13435,0.9,1
10893,0.0,0
11336,0.09,0
13351,1.0,1
14241,1.0,1
12245,0.91,1
10397,1.0,1
19785,1.0,1
12018,0.0,0
12135,0.12,0
17213,0.0,0
18223,0.96,1
14095,0.99,1
17971,0.03,0
13503,0.89,1
13045,1.0,1
13926,0.0,0
15929,0.98,1
14713,0.98,1
16923,0.96,1
10906,0.0,0
17490,1.0,1
11803,0.05,0
15260,0.04,0
19665,1.0,1
19243,1.0,1
18810,0.03,0
12218,1.0,1
18174,0.07,0
17954,1.0,1
17462,0.04,0
19822,0.99,1
17080,0.94,1
16443,0.98,1
14292,0.99,1
14393,1.0,1
15680,0.99,1
17697,0.05,0
13284,0.85,1
16446,0.0,0
17886,0.0,0
11232,0.9,1
19704,0.04,0
13318,0.0,0
17401,0.98,1
14918,0.97,1
19879,0.03,0
14556,0.97,1
11302,0.26,0
12669,1.0,1
12536,1.0,1
16242,0.04,0
19195,0.99,1
19670,0.99,1
12425,0.98,1
13984,0.93,1
18720,1.0,1
10155,0.01,0
18216,0.87,1
17056,0.0,0
11335,0.99,1
16863,0.03,0
17374,0.06,0
19487,0.01,0
12941,1.0,1
14476,0.99,1
17281,0.08,0
15641,0.02,0
11904,0.99,1
16735,0.99,1
14418,0.05,0
12846,1.0,1
18622,0.97,1
16383,0.21,0
18481,1.0,1
14679,0.94,1
12897,0.01,0
16695,0.0,0
13273,1.0,1
14943,0.0,0
18129,1.0,1
19334,1.0,1
15275,1.0,1
10450,0.0,0
19613,0.03,0
14450,0.02,0
11683,0.99,1
15825,0.96,1
18973,0.14,0
16653,0.98,1
13112,1.0,1
13561,0.14,0
13776,0.04,0
13204,0.06,0
12283,0.98,1
10076,0.02,0
15442,1.0,1
10877,0.08,0
13894,0.99,1
17188,0.98,1
13654,1.0,1
15532,1.0,1
15985,1.0,1
14984,0.99,1
16496,0.07,0
17437,0.84,1
11876,0.97,1
14446,0.01,0
18545,0.99,1
12910,1.0,1
13223,0.12,0
17968,0.01,0
13553,0.95,1
11569,0.16,0
14328,0.99,1
13360,1.0,1
11198,0.04,0
17040,1.0,1
15377,0.9,1
14333,1.0,1
17874,0.12,0
19633,1.0,1
10349,0.99,1
12416,0.01,0
14343,1.0,1
18957,0.05,0
19578,0.0,0
14180,1.0,1
11858,0.01,0
17147,0.02,0
15018,0.0,0
13311,0.99,1
12194,0.9,1
18255,0.99,1
14665,0.91,1
17895,1.0,1
16213,0.25,0
12747,1.0,1
10780,0.0,0
16217,0.06,0
19239,0.0,0
18179,1.0,1
11932,0.09,0
10856,0.0,0
19515,0.95,1
11671,0.97,1
14561,0.0,0
19617,0.07,0
16912,0.1,0
19772,0.95,1
16963,0.98,1
10452,0.99,1
12407,0.0,0
18693,0.94,1
16962,0.0,0
16833,1.0,1
17883,0.04,0
19498,1.0,1
15533,1.0,1
17937,0.99,1
15196,1.0,1
10897,0.02,0
17223,0.99,1
12688,0.0,0
12949,0.97,1
11847,0.22,0
14924,0.99,1
10103,0.01,0
12297,0.99,1
17901,0.02,0
13682,0.0,0
10763,0.99,1
11334,0.99,1
19163,0.25,0
11592,0.03,0
14460,1.0,1
13964,0.96,1
12585,0.0,0
18833,0.99,1
17088,0.02,0
15630,0.09,0
17497,0.97,1
10184,0.93,1
16737,0.9,1
12347,1.0,1
11229,1.0,1
10843,0.02,0
11127,0.09,0
15655,0.0,0
17653,0.95,1
10952,0.01,0
16528,0.99,1
18241,1.0,1
16082,0.0,0
13817,1.0,1
13895,0.98,1
12421,1.0,1
18010,0.97,1
16457,0.0,0
18205,1.0,1
16096,0.01,0
11131,0.1,0
11261,0.97,1
18559,1.0,1
17422,0.0,0
17026,0.0,0
16977,0.28,0
15526,0.0,0
19798,0.0,0
11741,0.9,1
12432,1.0,1
16732,1.0,1
16976,0.02,0
18459,0.03,0
12467,0.74,1
18153,0.96,1
10904,1.0,1
17955,0.08,0
19948,0.04,0
11997,1.0,1
13067,0.94,1
17156,1.0,1
19034,0.99,1
10388,0.02,0
16461,0.94,1
13565,1.0,1
13271,0.04,0
18554,1.0,1
19635,0.0,0
12336,0.66,1
16651,0.02,0
18379,1.0,1
14056,0.19,0
11474,0.97,1
12576,0.98,1
12754,0.97,1
16766,0.92,1
18877,0.01,0
14381,0.09,0
18823,0.01,0
15798,1.0,1
13773,0.96,1
17578,0.98,1
10461,0.97,1
14097,0.12,0
11194,0.9,1
12515,0.01,0
10886,0.99,1
18321,0.07,0
14105,0.04,0
13614,0.0,0
10344,0.04,0
19184,0.04,0
13781,1.0,1
12569,1.0,1
12200,0.01,0
12105,1.0,1
15803,0.09,0
18412,1.0,1
11778,0.05,0
15920,0.78,1
18137,1.0,1
10098,0.01,0
15254,0.94,1
15651,1.0,1
10315,0.01,0
15503,0.93,1
13484,0.92,1
18232,0.93,1
15587,1.0,1
12601,0.99,1
15748,0.97,1
12588,0.99,1
15069,0.03,0
19933,0.0,0
12412,1.0,1
11697,0.01,0
14371,0.9,1
11391,1.0,1
15647,1.0,1
13784,1.0,1
17531,0.99,1
19062,0.97,1
15417,0.92,1
10040,0.07,0
11325,0.93,1
15603,1.0,1
18580,0.09,0
18103,0.7,1
17753,0.97,1
17406,0.97,1
15019,0.11,0
15852,0.0,0
12496,0.03,0
19990,1.0,1
13733,0.99,1
16450,0.0,0
13017,0.13,0
12647,0.01,0
10102,0.0,0
11315,0.98,1
13032,1.0,1
11441,0.99,1
19560,0.01,0
18192,0.03,0
17810,0.02,0
17346,0.02,0
13361,0.99,1
18631,0.99,1
13649,0.89,1
18829,1.0,1
17962,0.95,1
10221,0.98,1
15100,0.98,1
12143,0.97,1
14911,0.04,0
11573,0.94,1
11164,1.0,1
16803,1.0,1
14537,0.97,1
13428,0.99,1
19444,1.0,1
10232,0.0,0
17854,1.0,1
12199,1.0,1
16658,0.13,0
17772,0.22,0
19582,0.02,0
17530,0.91,1
12879,0.16,0
18075,0.03,0
13954,0.94,1
17992,0.95,1
14244,1.0,1
13493,0.01,0
10540,1.0,1
10684,0.03,0
11629,0.95,1
17627,1.0,1
11285,0.99,1
15781,0.16,0
14688,0.98,1
12360,1.0,1
17169,0.96,1
16255,0.0,0
12316,0.01,0
18880,0.02,0
17185,0.92,1
13775,0.98,1
14467,0.97,1
15990,0.99,1
18327,0.26,0
10162,0.99,1
18750,0.98,1
16200,0.98,1
13156,1.0,1
19651,0.03,0
18387,0.16,0
11280,0.99,1
18391,0.0,0
13504,0.92,1
12387,1.0,1
15408,1.0,1
12517,0.03,0
12793,0.97,1
10925,0.06,0
17869,0.98,1
14525,0.84,1
17332,0.95,1
10771,0.99,1
15846,0.97,1
15581,0.07,0
19569,0.0,0
14837,1.0,1
10696,0.04,0
12268,0.0,0
13317,0.03,0
19777,0.22,0
13214,0.01,0
14472,0.0,0
11966,1.0,1
11220,0.1,0
14602,0.99,1
14565,0.93,1
19559,0.01,0
11936,0.02,0
19863,0.13,0
14325,0.99,1
13268,0.99,1
14560,0.15,0
12169,0.99,1
18430,0.95,1
17624,0.89,1
14088,0.98,1
18380,0.89,1
10063,1.0,1
11374,0.86,1
19227,0.99,1
17334,1.0,1
19529,1.0,1
18480,0.02,0
19871,1.0,1
12457,0.01,0
19401,0.01,0
14763,0.08,0
18280,1.0,1
11376,0.97,1
11815,1.0,1
14765,0.97,1
11993,1.0,1
17515,0.0,0
11170,0.02,0
19938,0.99,1
15761,0.99,1
16434,1.0,1
14509,0.11,0
18885,0.99,1
10671,1.0,1
14732,1.0,1
11758,0.01,0
11782,0.0,0
13983,0.91,1
19860,1.0,1
18085,0.97,1
11225,0.97,1
12122,0.06,0
19145,0.98,1
12790,0.1,0
13022,0.04,0
15050,0.99,1
17485,0.98,1
18101,0.93,1
10685,0.08,0
16052,0.95,1
12038,0.99,1
12874,1.0,1
16670,1.0,1
10082,0.0,0
17615,0.98,1
14664,1.0,1
13886,1.0,1
19541,0.85,1
19003,0.96,1
11270,0.95,1
12303,0.1,0
14307,1.0,1
19055,1.0,1
17983,0.07,0
15646,0.98,1
11790,0.06,0
11434,0.0,0
10698,0.99,1
15339,0.0,0
14808,0.05,0
18909,0.97,1
17306,0.97,1
15422,1.0,1
17023,0.98,1
14280,0.0,0
15864,0.07,0
14595,0.03,0
13314,1.0,1
11969,0.98,1
17780,0.99,1
16585,1.0,1
16681,0.97,1
11813,0.03,0
19344,0.99,1
16545,0.98,1
10416,0.99,1
15918,1.0,1
16325,1.0,1
11087,1.0,1
18266,0.0,0
17723,0.91,1
10110,0.97,1
15047,0.93,1
13686,0.99,1
12931,0.99,1
17566,0.13,0
19838,0.96,1
14273,1.0,1
13222,1.0,1
16743,1.0,1
19429,0.04,0
18099,0.0,0
14401,0.0,0
14835,0.0,0
11707,1.0,1
11243,0.01,0
19648,0.05,0
13770,0.12,0
14829,0.88,1
15333,0.96,1
12162,1.0,1
13461,0.07,0
12668,0.99,1
14655,0.05,0
17763,0.04,0
12293,0.02,0
15617,0.99,1
15716,0.0,0
14007,0.13,0
12055,0.99,1
13307,0.98,1
13292,0.07,0
16783,0.06,0
14549,0.99,1
10365,0.94,1
15325,0.99,1
15656,1.0,1
17428,0.01,0
16973,1.0,1
18741,0.98,1
12837,0.02,0
13914,1.0,1
15420,0.89,1
13572,0.04,0
13245,0.97,1
13243,0.14,0
11122,0.93,1
18386,0.14,0
16049,1.0,1
15904,0.99,1
15943,1.0,1
18592,0.92,1
10542,1.0,1
13783,0.05,0
12422,0.0,0
11684,1.0,1
17667,0.05,0
10588,0.06,0
17949,1.0,1
10512,0.0,0
10800,0.02,0
18538,0.99,1
10679,0.96,1
12368,0.93,1
19570,1.0,1
15441,0.07,0
10902,0.96,1
16846,0.92,1
16051,0.04,0
10460,1.0,1
10755,0.01,0
11495,0.98,1
16241,1.0,1
11512,0.92,1
17352,0.02,0
17477,0.92,1
12921,0.98,1
11464,0.01,0
14543,0.06,0
11242,0.9,1
15154,0.98,1
19964,1.0,1
18941,0.0,0
17287,1.0,1
19690,0.94,1
18420,0.98,1
17259,1.0,1
15785,0.98,1
16581,0.02,0
11740,1.0,1
18184,0.05,0
10267,1.0,1
15151,1.0,1
14010,0.02,0
18931,0.97,1
16566,0.99,1
11539,0.98,1
13364,0.02,0
15120,0.03,0
19576,1.0,1
15475,0.97,1
17049,0.0,0
17633,0.0,0
17990,1.0,1
16272,0.08,0
11509,1.0,1
14027,0.96,1
11171,0.98,1
19484,0.99,1
18914,1.0,1
19737,0.97,1
12716,0.98,1
15481,1.0,1
18797,1.0,1
13456,0.0,0
16413,0.16,0
17676,0.07,0
15218,0.05,0
19875,0.99,1
16311,0.0,0
13341,1.0,1
17083,1.0,1
17649,0.96,1
12455,1.0,1
19409,0.01,0
14822,0.03,0
11602,1.0,1
13726,0.04,0
12291,0.02,0
17841,0.01,0
11676,0.96,1
19965,0.97,1
15830,0.98,1
11711,0.99,1
14310,1.0,1
11831,0.97,1
13385,0.0,0
11035,0.99,1
13548,0.96,1
12330,0.08,0
14178,0.99,1
12785,1.0,1
15577,0.98,1
16567,0.0,0
19124,0.01,0
14233,0.98,1
14463,0.13,0
18025,0.99,1
19018,0.95,1
10674,1.0,1
15560,0.0,0
10378,0.0,0
17863,0.99,1
10751,0.02,0
16118,0.98,1
15194,0.98,1
13842,0.98,1
19158,0.08,0
17965,0.99,1
12349,0.99,1
15928,1.0,1
13778,1.0,1
16907,0.08,0
18197,1.0,1
13588,0.01,0
17002,0.98,1
17541,0.0,0
17093,0.99,1
16368,1.0,1
16888,0.02,0
14892,0.96,1
15286,0.99,1
13321,0.98,1
12401,0.04,0
10241,0.0,0
17081,0.12,0
19747,1.0,1
12282,0.07,0
12040,1.0,1
14663,0.94,1
18525,0.98,1
19580,1.0,1
11345,0.81,1
13028,0.0,0
18147,0.03,0
13758,0.0,0
15998,0.98,1
13791,1.0,1
18934,1.0,1
14968,0.02,0
10672,0.0,0
15369,0.0,0
14508,0.96,1
19210,0.0,0
16930,1.0,1
11892,0.01,0
11145,0.97,1
10853,0.97,1
10446,0.17,0
16650,0.03,0
16603,0.4,0
15979,0.99,1
14594,0.01,0
10447,0.0,0
14128,0.01,0
17975,0.02,0
16621,0.0,0
16460,0.92,1
12265,0.04,0
18542,0.91,1
10478,1.0,1
15334,0.94,1
10530,0.96,1
14650,0.0,0
15155,0.06,0
14511,0.87,1
18303,0.02,0
19573,0.9,1
10798,0.07,0
17981,0.98,1
17319,0.01,0
13587,1.0,1
14715,0.01,0
11101,0.08,0
19746,0.0,0
18992,0.99,1
11219,0.96,1
12232,0.06,0
14121,0.95,1
15026,0.9,1
14580,1.0,1
10014,1.0,1
18607,1.0,1
19534,0.01,0
12435,1.0,1
16467,0.98,1
12864,0.0,0
10807,0.95,1
13193,0.98,1
11709,0.0,0
13774,1.0,1
11907,0.01,0
10699,0.96,1
17499,1.0,1
18128,0.0,0
10714,0.02,0
13728,0.04,0
17595,0.97,1
16070,0.97,1
16935,0.1,0
17502,0.98,1
19250,0.98,1
14725,0.72,1
19218,1.0,1
14043,1.0,1
17555,0.0,0
10611,0.99,1
13226,0.0,0
13107,0.94,1
15424,0.1,0
10434,0.9,1
13941,0.05,0
16730,0.86,1
14065,0.01,0
10552,1.0,1
10971,0.0,0
16151,0.01,0
11859,0.07,0
10341,0.0,0
13528,0.08,0
17944,0.0,0
10313,0.99,1
15868,1.0,1
13924,0.0,0
10052,1.0,1
19291,0.05,0
15888,1.0,1
18004,0.97,1
16911,0.89,1
10039,0.03,0
16088,0.05,0
14276,0.1,0
13144,0.99,1
14629,0.99,1
19581,0.93,1
10997,0.12,0
19377,0.04,0
16013,1.0,1
12133,0.97,1
16918,0.95,1
13708,0.94,1
17579,0.95,1
11123,0.98,1
19624,0.92,1
19111,0.98,1
13231,0.99,1
18635,0.99,1
14880,0.02,0
14189,0.01,0
14152,0.98,1
15553,0.05,0
13354,0.0,0
17714,0.05,0
14540,0.98,1
19050,1.0,1
19676,1.0,1
16432,1.0,1
11818,0.02,0
10937,0.97,1
13332,0.99,1
11718,0.0,0
10808,0.99,1
18403,0.99,1
10917,1.0,1
16350,0.0,0
11405,0.04,0
13846,1.0,1
13530,0.06,0
11167,0.97,1
19923,1.0,1
19277,0.01,0
19253,1.0,1
10784,0.89,1
15640,0.98,1
13160,0.0,0
15829,1.0,1
14489,0.98,1
10213,0.91,1
19698,0.95,1
14778,0.01,0
14927,1.0,1
14668,0.88,1
19977,0.96,1
13617,1.0,1
13642,1.0,1
11637,1.0,1
18177,0.0,0
14524,0.02,0
14783,0.9,1
15204,0.99,1
15039,0.94,1
18874,0.06,0
10758,1.0,1
16582,0.28,0
12655,0.03,0
16287,0.99,1
11339,1.0,1
11548,0.8,1
15706,0.0,0
19196,0.94,1
14232,0.01,0
11998,0.99,1
13091,0.99,1
18409,0.0,0
14848,0.97,1
12430,0.03,0
12992,0.0,0
16717,1.0,1
17194,0.02,0
15202,0.03,0
12806,0.02,0
10381,1.0,1
19290,0.03,0
16590,1.0,1
14099,0.09,0
19457,0.0,0
15264,0.03,0
18217,1.0,1
17293,1.0,1
11667,0.0,0
19088,0.0,0
19699,0.99,1
14461,0.09,0
12539,1.0,1
16516,0.0,0
14455,0.82,1
12314,1.0,1
15002,0.1,0
10702,1.0,1
11307,0.95,1
18161,0.99,1
16792,0.95,1
13740,1.0,1
18405,0.9,1
17275,0.97,1
13608,0.03,0
18195,0.98,1
12865,0.0,0
12466,0.94,1
16664,0.16,0
17043,0.02,0
19744,0.1,0
18308,0.0,0
13881,0.88,1
16046,0.0,0
15589,1.0,1
11004,0.98,1
18961,0.09,0
10562,0.14,0
11449,0.98,1
19351,0.87,1
10731,0.97,1
18362,0.01,0
19373,0.98,1
18948,0.0,0
12908,0.99,1
17131,1.0,1
11390,0.0,0
19489,0.01,0
16192,0.96,1
16015,0.03,0
16484,0.02,0
10038,1.0,1
11129,0.99,1
10084,0.97,1
19057,0.95,1
18466,0.02,0
11992,0.97,1
12110,0.97,1
17440,0.98,1
11995,0.99,1
18690,0.99,1
16419,0.99,1
16182,1.0,1
17591,0.87,1
14427,1.0,1
18717,0.02,0
11356,0.88,1
14867,0.04,0
12393,0.99,1
13747,0.99,1
14376,0.06,0
16671,0.99,1
10090,0.95,1
10846,0.97,1
15517,0.29,0
15001,1.0,1
14747,0.98,1
14115,1.0,1
16503,0.99,1
12224,1.0,1
12656,0.01,0
11065,0.98,1
14072,1.0,1
19646,0.0,0
10781,0.1,0
12946,1.0,1
12572,0.07,0
12271,0.0,0
17821,0.97,1
13024,0.0,0
11435,0.98,1
13571,0.98,1
17974,0.99,1
15071,0.98,1
16407,0.89,1
13216,0.87,1
18413,1.0,1
12606,1.0,1
16598,0.97,1
19947,0.98,1
10649,1.0,1
14593,0.01,0
15045,0.0,0
18963,1.0,1
10457,1.0,1
17637,1.0,1
15528,0.97,1
18981,1.0,1
13481,1.0,1
19356,0.06,0
16793,0.0,0
16115,1.0,1
19645,0.99,1
14931,0.98,1
14796,0.97,1
14037,0.96,1
17824,0.98,1
15205,0.94,1
11809,1.0,1
12662,0.03,0
11442,0.98,1
12417,0.95,1
10109,0.0,0
12767,0.93,1
10744,0.0,0
10392,1.0,1
19796,0.96,1
14470,0.96,1
10178,1.0,1
17761,0.06,0
13030,0.99,1
12204,0.99,1
15210,0.0,0
14730,0.11,0
14298,0.01,0
16408,0.04,0
13485,1.0,1
10153,0.12,0
17803,1.0,1
14497,1.0,1
10403,0.0,0
15585,0.99,1
18208,0.0,0
17816,0.99,1
17330,1.0,1
10918,1.0,1
13262,0.04,0
13905,0.98,1
13003,0.0,0
16980,1.0,1
16351,0.98,1
14412,0.98,1
11108,0.96,1
10352,0.26,0
14318,0.06,0
19712,0.08,0
14069,1.0,1
12917,0.96,1
17679,1.0,1
18787,0.85,1
16826,1.0,1
17425,0.0,0
10334,0.0,0
12505,0.88,1
19551,0.96,1
11685,0.99,1
19910,0.97,1
14610,1.0,1
18239,0.99,1
15808,0.04,0
13985,0.04,0
18994,1.0,1
18133,0.0,0
14480,1.0,1
12894,1.0,1
19891,0.08,0
17075,1.0,1
19521,1.0,1
10408,0.18,0
11041,0.01,0
12484,0.0,0
10083,0.99,1
18655,0.97,1
13810,0.98,1
10096,0.24,0
17887,1.0,1
10135,0.05,0
19314,1.0,1
17482,0.9,1
14410,1.0,1
11864,0.99,1
14658,0.76,1
16928,0.97,1
19140,0.01,0
13276,0.99,1
19214,0.96,1
10688,0.04,0
14259,0.02,0
16113,0.86,1
10597,0.99,1
17304,1.0,1
14928,0.01,0
15506,1.0,1
17586,0.99,1
12005,0.94,1
13038,0.02,0
15225,0.96,1
19178,0.01,0
15556,0.02,0
12504,0.99,1
11603,0.96,1
10951,1.0,1
17446,0.02,0
16665,1.0,1
17025,0.01,0
14572,0.05,0
11708,0.01,0
10742,0.0,0
14863,0.07,0
12202,1.0,1
17339,1.0,1
10896,1.0,1
14383,1.0,1
13899,1.0,1
16942,0.03,0
10247,0.06,0
12251,1.0,1
18123,1.0,1
10950,0.2,0
10250,0.11,0
12070,0.02,0
13606,0.0,0
13560,1.0,1
16339,0.0,0
14887,1.0,1
10789,0.97,1
12629,1.0,1
18358,0.09,0
19782,0.99,1
17565,0.97,1
17050,1.0,1
14459,0.05,0
18779,0.98,1
13611,0.02,0
14122,0.04,0
18700,1.0,1
19339,0.99,1
18576,0.13,0
11618,1.0,1
13711,0.0,0
16559,0.0,0
15158,0.98,1
13701,0.96,1
14165,1.0,1
13788,0.14,0
18701,0.06,0
17979,0.0,0
14022,0.1,0
16998,1.0,1
14028,0.03,0
11128,0.97,1
18726,0.04,0
14587,0.97,1
15887,1.0,1
13694,1.0,1
15405,1.0,1
18643,0.95,1
14834,0.93,1
19010,0.0,0
12482,0.98,1
10200,0.14,0
15903,0.96,1
15222,0.95,1
12272,0.07,0
13471,0.99,1
12743,0.95,1
15285,0.99,1
19435,0.94,1
15309,0.95,1
15030,0.93,1
12114,0.03,0
14642,0.96,1
13991,0.93,1
12863,0.92,1
12095,0.99,1
17953,0.99,1
14304,0.99,1
15799,0.99,1
14269,1.0,1
18118,0.97,1
14657,0.99,1
15183,0.03,0
10494,0.97,1
19913,0.95,1
16657,0.08,0
11964,0.01,0
19276,0.14,0
17851,0.0,0
19150,0.05,0
19129,0.02,0
13437,0.96,1
10124,0.04,0
12611,0.05,0
10655,0.97,1
10899,0.22,0
15935,1.0,1
15435,0.05,0
19565,1.0,1
11001,0.02,0
10406,1.0,1
10062,1.0,1
18563,0.04,0
11075,1.0,1
12718,0.96,1
10913,0.99,1
11931,0.97,1
18027,0.96,1
17540,0.97,1
13712,0.01,0
12236,0.98,1
13117,0.93,1
12962,0.97,1
19026,0.22,0
11079,0.03,0
15348,0.0,0
14329,0.05,0
14523,0.01,0
11282,0.96,1
10890,0.0,0
11906,1.0,1
10701,0.93,1
12828,0.01,0
13601,0.99,1
19789,0.99,1
18610,0.0,0
12290,0.0,0
11621,1.0,1
12822,0.05,0
14475,0.02,0
13400,0.98,1
15226,1.0,1
15430,0.99,1
17982,0.01,0
15551,1.0,1
12696,0.03,0
14756,0.86,1
15858,0.99,1
13992,0.04,0
15758,0.96,1
16631,0.01,0
14702,1.0,1
17439,0.04,0
15356,0.0,0
14052,0.0,0
14453,0.98,1
16009,0.02,0
14628,0.01,0
12972,0.99,1
11883,1.0,1
10511,0.99,1
15847,0.98,1
10992,0.99,1
12054,0.98,1
11258,0.07,0
16485,0.99,1
17950,0.95,1
19918,0.07,0
18977,0.02,0
18868,0.0,0
14700,0.93,1
13668,0.04,0
17183,0.99,1
17142,0.14,0
17757,0.97,1
11208,0.99,1
19919,0.03,0
13688,0.0,0
11203,0.99,1
16568,0.97,1
17643,0.95,1
10581,0.99,1
18169,1.0,1
16836,1.0,1
15463,0.01,0
10706,0.0,0
19189,0.05,0
18783,1.0,1
11025,0.02,0
12649,0.0,0
12102,0.05,0
10728,1.0,1
18448,0.97,1
19414,0.02,0
19455,0.92,1
18384,0.0,0
14598,0.11,0
11292,0.99,1
13724,1.0,1
16901,0.93,1
16809,0.0,0
19832,0.97,1
18653,0.24,0
12811,0.01,0
13754,0.02,0
12983,0.97,1
18665,0.0,0
14175,0.01,0
12685,1.0,1
18780,1.0,1
18036,1.0,1
15544,0.1,0
14825,0.89,1
18436,0.92,1
14882,1.0,1
14904,0.03,0
17078,1.0,1
17606,0.97,1
15437,0.02,0
13266,0.97,1
11657,0.0,0
11019,1.0,1
19128,0.94,1
18943,1.0,1
13224,0.95,1
14809,0.99,1
14914,1.0,1
16131,0.98,1
17518,0.0,0
19543,0.16,0
15590,0.95,1
16939,0.02,0
13061,1.0,1
12823,0.05,0
18996,0.96,1
10165,0.06,0
11920,0.97,1
14184,0.95,1
12474,0.02,0
16373,0.08,0
15312,0.91,1
17226,0.1,0
19236,0.98,1
16583,0.95,1
15368,0.98,1
15403,0.99,1
14092,0.2,0
18975,0.99,1
14737,0.93,1
19368,0.83,1
16676,0.1,0
14483,1.0,1
15747,0.97,1
12079,0.99,1
12964,0.98,1
16094,0.03,0
12001,0.14,0
18273,0.94,1
14071,1.0,1
10027,0.98,1
10301,1.0,1
17594,0.97,1
16001,0.0,0
13298,0.21,0
17996,0.01,0
16301,0.02,0
13300,0.0,0
13316,0.95,1
17173,0.98,1
15449,0.94,1
11133,1.0,1
18108,0.92,1
12556,0.95,1
14024,0.02,0
12216,0.98,1
18915,0.04,0
14054,1.0,1
16948,0.96,1
16304,0.48,0
16697,1.0,1
18363,0.98,1
12851,0.95,1
19533,0.11,0
15743,0.98,1
19531,0.98,1
17927,1.0,1
16816,0.99,1
12258,0.02,0
19666,0.23,0
17656,0.98,1
11870,0.65,1
12909,1.0,1
12663,0.93,1
12735,0.94,1
13016,0.97,1
17798,0.0,0
17663,0.98,1
12094,1.0,1
19474,1.0,1
13679,0.26,0
17504,1.0,1
11275,0.99,1
17543,0.97,1
11929,1.0,1
18233,0.99,1
19491,1.0,1
10994,0.02,0
10025,0.93,1
12925,1.0,1
10645,0.99,1
14805,0.93,1
13270,1.0,1
14370,0.94,1
17593,1.0,1
17893,0.99,1
17102,0.0,0
13583,0.98,1
18112,0.92,1
10146,0.0,0
15934,1.0,1
12538,0.95,1
16384,0.0,0
10579,1.0,1
12157,0.99,1
19733,0.96,1
11507,0.03,0
11682,0.96,1
10128,0.96,1
15268,1.0,1
12812,0.95,1
13254,0.07,0
14456,0.99,1
12287,0.99,1
16614,0.0,0
20000,1.0,1
17557,0.04,0
12128,0.98,1
14873,0.14,0
18157,0.95,1
14670,0.91,1
12307,0.03,0
15842,0.99,1
15707,0.96,1
19340,1.0,1
18488,1.0,1
12289,0.87,1
17764,0.91,1
16947,0.84,1
10894,0.85,1
19963,0.92,1
13953,0.98,1
12573,0.96,1
18052,0.01,0
15573,0.99,1
10282,1.0,1
19527,0.98,1
16688,0.01,0
10900,0.94,1
18015,1.0,1
19089,0.94,1
11716,0.99,1
18289,1.0,1
16555,0.0,0
18904,0.41,0
18079,0.97,1
18625,0.97,1
15313,0.98,1
14033,0.08,0
13363,1.0,1
10134,0.98,1
19916,0.98,1
18167,0.07,0
12318,0.99,1
10260,1.0,1
10585,0.0,0
10476,0.06,0
19165,0.0,0
18564,0.92,1
15515,0.22,0
14721,0.01,0
13891,0.98,1
18853,0.99,1
13710,0.01,0
14411,0.01,0
17458,0.0,0
18166,0.0,0
12458,0.99,1
10185,0.98,1
19636,0.04,0
11641,1.0,1
19630,1.0,1
11996,0.99,1
18176,1.0,1
15160,0.88,1
10705,0.99,1
16757,0.15,0
16500,1.0,1
19518,0.86,1
10433,1.0,1
18067,0.98,1
18609,0.99,1
14316,0.97,1
16312,0.98,1
18151,0.0,0
11882,0.98,1
10905,0.0,0
12377,0.99,1
15126,0.11,0
16024,0.03,0
14794,0.0,0
13539,0.03,0
18219,0.94,1
18629,0.95,1
17916,0.85,1
16486,0.01,0
14770,0.0,0
12626,0.97,1
11179,0.91,1
19347,1.0,1
10454,0.96,1
12411,1.0,1
17603,0.04,0
11277,0.08,0
14123,0.0,0
15029,0.07,0
18007,1.0,1
13196,0.99,1
12723,1.0,1
15058,0.96,1
16321,1.0,1
12225,1.0,1
10256,1.0,1
11525,0.0,0
11186,0.09,0
16725,0.93,1
12306,0.12,0
18144,1.0,1
11429,0.02,0
12026,0.03,0
13388,0.97,1
16249,0.23,0
11427,0.97,1
12614,0.0,0
11497,0.69,1
14251,1.0,1
12443,1.0,1
15232,1.0,1
13378,0.01,0
18710,0.1,0
14530,1.0,1
15304,0.97,1
12315,0.86,1
19357,0.04,0
10432,0.99,1
17420,0.0,0
13353,0.01,0
14317,1.0,1
12888,0.97,1
15500,0.03,0
16595,1.0,1
13709,0.02,0
13764,1.0,1
18408,0.01,0
18260,0.02,0
17552,1.0,1
11027,0.01,0
18310,0.99,1
10986,0.02,0
11982,0.0,0
11033,0.93,1
14608,0.87,1
17636,0.87,1
12579,0.95,1
16356,0.98,1
17160,0.02,0
17060,1.0,1
14125,0.21,0
18501,0.03,0
15288,1.0,1
13813,0.03,0
14011,0.02,0
18754,0.06,0
14048,0.98,1
15193,0.97,1
13645,0.02,0
18888,1.0,1
13275,0.96,1
15814,0.09,0
14425,0.97,1
11939,0.98,1
15974,0.3,0
18446,0.11,0
11723,0.99,1
15252,1.0,1
17198,0.0,0
15777,0.98,1
19592,1.0,1
17936,0.12,0
13064,0.0,0
12671,0.99,1
16499,0.96,1
11515,0.86,1
16548,1.0,1
11886,0.99,1
11061,0.05,0
17475,0.03,0
11404,0.04,0
19949,1.0,1
15307,0.87,1
18988,0.98,1
18920,0.0,0
15815,0.78,1
12414,1.0,1
13409,0.98,1
12328,0.0,0
14675,1.0,1
14597,0.11,0
11176,0.99,1
14372,0.99,1
19394,0.0,0
11107,0.05,0
19815,0.02,0
10595,0.08,0
14426,0.0,0
13339,0.98,1
13151,0.05,0
10132,0.93,1
19981,0.01,0
16071,0.99,1
19488,1.0,1
15290,0.95,1
14841,1.0,1
12332,0.04,0
16724,0.97,1
14203,0.9,1
14303,0.01,0
12352,0.04,0
11147,1.0,1
18199,0.97,1
12652,1.0,1
18393,0.0,0
11797,0.96,1
12288,1.0,1
13406,0.0,0
16380,0.0,0
19991,0.93,1
16969,0.98,1
14102,1.0,1
17635,0.98,1
19945,0.35,0
18191,0.0,0
15078,0.11,0
17921,0.98,1
18064,1.0,1
19810,0.95,1
19786,0.99,1
16296,0.97,1
17882,0.99,1
17242,0.89,1
14084,0.0,0
16195,0.9,1
14711,0.02,0
15778,0.97,1
18236,0.99,1
13845,0.11,0
15672,0.99,1
17356,0.99,1
18928,0.98,1
17392,1.0,1
17922,0.05,0
15986,0.97,1
15638,0.02,0
13706,1.0,1
15690,1.0,1
12593,0.92,1
12672,0.92,1
10187,0.15,0
18228,0.86,1
10318,1.0,1
19337,0.96,1
14282,0.03,0
16807,0.0,0
15088,0.98,1
12250,0.97,1
11612,0.04,0
14843,0.95,1
15174,0.82,1
12719,0.09,0
16847,0.0,0
11032,0.99,1
13334,1.0,1
18338,0.08,0
17559,0.99,1
15744,1.0,1
18364,0.0,0
13922,1.0,1
18465,0.07,0
18031,0.0,0
11151,0.93,1
19544,0.0,0
13993,0.97,1
10004,0.0,0
15881,0.03,0
18946,1.0,1
16720,0.06,0
15588,0.97,1
19286,1.0,1
13640,0.0,0
14106,0.01,0
19932,0.99,1
11885,0.97,1
11003,1.0,1
10633,0.23,0
16498,0.98,1
17121,0.0,0
12014,1.0,1
17751,0.98,1
13228,0.0,0
14876,0.11,0
13657,1.0,1
10423,0.96,1
18843,0.98,1
15637,0.98,1
19049,1.0,1
14151,1.0,1
13749,0.96,1
12003,0.98,1
11333,0.1,0
15737,0.95,1
12886,0.99,1
11351,0.72,1
18732,0.98,1
18495,0.99,1
17100,0.98,1
15263,0.0,0
14064,1.0,1
14161,0.96,1
11445,0.0,0
18215,0.97,1
12745,1.0,1
12960,0.98,1
15596,0.93,1
12912,1.0,1
16269,0.97,1
18354,0.97,1
10218,1.0,1
17382,1.0,1
19341,0.82,1
14697,0.99,1
11312,0.0,0
18884,0.93,1
13369,0.0,0
10651,0.98,1
12489,0.07,0
19046,0.91,1
18659,0.09,0
11582,0.94,1
17740,1.0,1
17274,1.0,1
16459,0.98,1
14438,1.0,1
12899,1.0,1
10360,0.94,1
18613,0.98,1
11961,0.98,1
17118,0.04,0
15818,0.99,1
15827,0.83,1
12205,0.01,0
16126,0.93,1
10420,0.88,1
10181,1.0,1
19270,0.98,1
13997,1.0,1
19817,0.07,0
18722,0.0,0
10978,0.14,0
10787,1.0,1
11958,0.14,0
10371,1.0,1
18482,0.16,0
19364,0.98,1
18581,0.98,1
11183,1.0,1
13346,0.0,0
13674,0.99,1
16174,1.0,1
19496,1.0,1
19213,0.87,1
12186,1.0,1
18807,1.0,1
15531,0.0,0
18390,1.0,1
16364,0.06,0
11071,0.02,0
16488,0.0,0
11556,0.0,0
16890,0.99,1
16061,0.97,1
13323,0.96,1
12977,0.98,1
14641,0.95,1
15220,1.0,1
12770,0.09,0
19865,0.13,0
10503,0.0,0
10757,0.01,0
16988,0.99,1
16023,0.01,0
17303,0.3,0
12928,0.99,1
12243,0.98,1
18018,1.0,1
10532,1.0,1
12087,0.06,0
13304,1.0,1
19245,0.09,0
16723,0.98,1
17848,0.97,1
10510,0.02,0
17210,1.0,1
14897,0.99,1
18356,0.14,0
16490,0.0,0
11060,1.0,1
13398,0.98,1
15471,1.0,1
10963,0.07,0
16850,0.97,1
18579,0.99,1
15938,0.02,0
12065,0.01,0
15692,0.99,1
10626,0.03,0
17148,0.98,1
17053,0.98,1
14380,0.11,0
16709,1.0,1
11565,0.0,0
14576,0.93,1
19464,0.94,1
18971,0.97,1
11116,1.0,1
10622,0.0,0
18342,0.97,1
16085,0.93,1
12270,0.0,0
16441,1.0,1
13753,0.96,1
10713,0.97,1
13071,0.93,1
10327,0.97,1
12789,1.0,1
14547,1.0,1
13274,0.99,1
13650,0.98,1
17682,0.98,1
17923,0.07,0
16813,1.0,1
19226,1.0,1
18180,0.02,0
18328,1.0,1
11811,0.97,1
12821,1.0,1
19318,0.18,0
15068,0.99,1
15759,0.02,0
12712,0.94,1
12733,0.97,1
10173,0.01,0
17155,0.01,0
10866,0.94,1
17065,0.87,1
15788,0.99,1
16329,1.0,1
11752,0.97,1
12559,0.19,0
15207,1.0,1
11760,0.99,1
11550,0.05,0
15411,0.06,0
11209,1.0,1
18110,0.27,0
11140,0.08,0
19090,0.85,1
15961,0.0,0
16276,0.98,1
17985,0.0,0
13041,0.99,1
13676,0.01,0
17492,1.0,1
14661,0.0,0
16692,0.99,1
19642,0.0,0
16124,1.0,1
10192,0.98,1
15543,0.95,1
13577,1.0,1
17589,0.99,1
10440,0.91,1
11555,0.88,1
17408,0.97,1
10665,1.0,1
11425,0.08,0
13169,1.0,1
19036,0.04,0
16034,0.15,0
16532,0.0,0
11115,1.0,1
18657,1.0,1
12317,1.0,1
14774,0.04,0
10474,0.08,0
18345,0.0,0
10496,0.1,0
12131,0.02,0
10707,1.0,1
17827,0.04,0
14973,0.0,0
18664,1.0,1
15724,0.97,1
14176,0.97,1
16694,0.1,0
17167,0.03,0
19696,0.04,0
18773,0.98,1
19015,1.0,1
16625,1.0,1
11189,0.98,1
13622,0.04,0
18758,1.0,1
16430,0.93,1
19638,0.98,1
11475,0.86,1
15547,0.9,1
11458,0.99,1
19769,0.03,0
10252,0.04,0
13126,0.0,0
11438,0.19,0
10333,0.01,0
13718,1.0,1
17517,0.96,1
15115,0.1,0
18993,0.98,1
11738,0.95,1
10060,1.0,1
17632,0.91,1
17614,0.97,1
19446,0.91,1
18954,0.89,1
11652,0.01,0
14192,0.94,1
17625,0.92,1
12691,0.99,1
13326,0.01,0
12196,0.02,0
12664,1.0,1
18841,0.99,1
19731,0.0,0
12699,0.97,1
16908,0.06,0
18366,1.0,1
19843,0.97,1
18492,0.02,0
16714,0.99,1
17622,1.0,1
14589,0.99,1
16741,0.99,1
18619,0.96,1
13716,0.01,0
19940,0.11,0
13438,0.98,1
14559,0.07,0
12311,0.01,0
19352,0.99,1
11767,1.0,1
14742,0.02,0
10351,0.92,1
19047,1.0,1
17650,0.0,0
15035,0.01,0
19149,0.99,1
12359,0.9,1
18305,1.0,1
16801,1.0,1
11646,0.94,1
10443,0.96,1
18298,1.0,1
18527,1.0,1
14218,0.06,0
12433,0.0,0
13469,0.1,0
16929,0.08,0
16571,0.18,0
14025,0.98,1
11581,0.0,0
16022,1.0,1
18935,0.98,1
15837,0.95,1
12613,1.0,1
11223,1.0,1
15709,0.98,1
19443,0.99,1
18244,0.01,0
17411,0.18,0
19225,1.0,1
12395,0.95,1
10716,0.97,1
18081,0.0,0
14197,0.03,0
11856,1.0,1
17028,1.0,1
12030,0.08,0
19259,1.0,1
15992,0.08,0
19983,1.0,1
12634,0.95,1
16421,1.0,1
19735,0.0,0
14080,1.0,1
11062,0.23,0
13084,1.0,1
18190,0.02,0
14568,0.02,0
18349,1.0,1
15535,1.0,1
18891,0.01,0
16427,0.95,1
12686,0.93,1
19998,1.0,1
15639,0.96,1
13921,0.99,1
14228,0.01,0
14815,0.99,1
14402,0.99,1
17029,0.03,0
14905,0.98,1
14341,1.0,1
19730,0.96,1
15081,1.0,1
13497,1.0,1
14234,0.11,0
13166,0.14,0
19893,1.0,1
14691,0.06,0
15877,0.01,0
12748,0.96,1
13581,0.11,0
10666,0.96,1
11119,0.03,0
13390,0.0,0
11715,0.07,0
14521,0.97,1
19185,0.0,0
14986,1.0,1
10748,0.02,0
15235,1.0,1
18282,0.99,1
12970,1.0,1
15236,0.0,0
10589,1.0,1
16691,0.66,1
13818,1.0,1
18681,0.99,1
19984,1.0,1
19801,0.01,0
18445,1.0,1
16767,1.0,1
12178,0.0,0
16800,1.0,1
16509,0.98,1
17838,0.0,0
11839,0.99,1
13871,0.0,0
19052,0.89,1
18026,0.98,1
16633,0.03,0
11769,0.0,0
12025,0.95,1
18845,0.99,1
10988,1.0,1
15695,0.98,1
18716,0.99,1
10947,0.93,1
16780,1.0,1
13153,0.99,1
15586,1.0,1
10659,1.0,1
15479,0.06,0
16473,0.07,0
17129,0.05,0
11642,0.02,0
15623,0.34,0
19708,0.11,0
15326,0.98,1
18458,0.04,0
14094,0.99,1
11073,1.0,1
13555,0.09,0
18024,0.94,1
11263,0.99,1
19667,0.99,1
13936,0.99,1
18684,0.88,1
10471,0.0,0
11488,0.0,0
14432,0.03,0
19162,1.0,1
12156,0.01,0
18746,0.06,0
17910,0.09,0
16982,0.99,1
12773,0.98,1
18574,0.04,0
16038,0.0,0
15186,1.0,1
16677,0.99,1
10977,0.99,1
16341,0.96,1
14775,0.13,0
12791,0.08,0
19792,1.0,1
18531,0.96,1
14627,0.95,1
16799,0.0,0
15189,0.99,1
13324,0.99,1
15973,0.05,0
17037,0.02,0
17584,0.98,1
10916,0.03,0
17464,0.11,0
10991,0.01,0
11702,0.99,1
17119,0.98,1
13648,0.01,0
11536,0.01,0
15178,0.0,0
14965,0.0,0
14544,0.97,1
14936,0.91,1
11190,0.04,0
19174,1.0,1
10741,0.07,0
10130,0.98,1
18346,0.89,1
15635,1.0,1
19230,1.0,1
11410,0.0,0
13095,0.0,0
12725,0.77,1
11387,1.0,1
16087,1.0,1
10046,1.0,1
12041,0.0,0
14957,0.02,0
15499,0.99,1
16091,0.96,1
17793,0.0,0
12868,0.99,1
18606,1.0,1
12898,0.03,0
15452,0.0,0
15134,0.01,0
13145,0.05,0
18796,0.0,0
15354,0.06,0
19071,0.01,0
11018,0.99,1
18818,1.0,1
11846,0.97,1
13158,0.04,0
12380,0.1,0
10841,1.0,1
17519,0.08,0
15198,1.0,1
18471,0.0,0
15733,0.98,1
19297,0.0,0
11850,0.99,1
13980,0.95,1
17324,0.17,0
10337,0.96,1
15162,0.98,1
11283,0.92,1
14551,1.0,1
11389,1.0,1
10193,0.99,1
16700,1.0,1
15419,0.03,0
16298,0.08,0
19632,1.0,1
18967,0.94,1
12562,0.03,0
13680,0.99,1
11052,0.0,0
10537,0.04,0
13815,0.97,1
10786,1.0,1
14291,0.01,0
10189,0.04,0
16381,0.06,0
16873,0.01,0
12523,1.0,1
18087,0.97,1
12734,0.07,0
15308,0.95,1
12639,0.93,1
14283,0.98,1
10661,0.01,0
16616,1.0,1
16943,0.98,1
16704,0.02,0
18365,0.98,1
14313,0.1,0
17112,0.08,0
16040,0.95,1
17264,0.96,1
15480,0.94,1
11791,0.96,1
12159,0.88,1
14550,0.99,1
15796,0.94,1
10942,0.98,1
15007,0.03,0
10861,0.02,0
14950,0.97,1
13945,0.93,1
17269,0.02,0
19306,0.08,0
18768,0.06,0
17387,0.96,1
14386,1.0,1
16761,0.93,1
18057,1.0,1
16931,0.21,0
16004,1.0,1
17638,0.99,1
10424,0.0,0
10428,0.99,1
14955,1.0,1
16993,0.98,1
19579,0.99,1
10204,0.06,0
10390,0.99,1
10617,1.0,1
13355,0.97,1
16444,0.0,0
10029,0.01,0
10373,0.06,0
16470,0.11,0
11739,0.0,0
17286,0.0,0
14246,0.04,0
19934,0.0,0
19104,0.98,1
14050,1.0,1
14797,0.95,1
12449,1.0,1
10319,0.98,1
13522,0.94,1
17613,0.05,0
18474,1.0,1
10005,0.05,0
13474,0.98,1
15345,0.94,1
17752,0.95,1
15746,0.02,0
14366,0.85,1
11735,0.96,1
13198,0.99,1
12736,0.99,1
10635,1.0,1
18898,1.0,1
19694,1.0,1
10272,0.0,0
13951,0.95,1
18461,0.97,1
11558,0.02,0
11353,1.0,1
14004,0.97,1
18927,1.0,1
13116,0.95,1
11043,0.03,0
18970,0.87,1
16396,1.0,1
12408,0.03,0
11617,1.0,1
11956,0.04,0
15885,1.0,1
17648,0.91,1
18344,0.09,0
15082,1.0,1
13739,0.97,1
15057,0.0,0
18404,0.99,1
17438,0.18,0
18140,0.0,0
12439,0.02,0
19726,0.98,1
12007,0.98,1
10975,0.99,1
12714,0.98,1
11812,0.85,1
14267,0.0,0
11648,1.0,1
17016,0.0,0
14201,0.99,1
14894,0.03,0
13338,0.94,1
19688,1.0,1
10630,0.97,1
14615,0.97,1
17945,1.0,1
19762,1.0,1
12920,1.0,1
13443,1.0,1
13356,0.01,0
13039,1.0,1
18268,0.01,0
16668,0.8,1
13793,0.0,0
19703,1.0,1
10722,0.01,0
12757,1.0,1
18013,0.02,0
15303,0.99,1
18487,0.98,1
18543,0.97,1
15942,0.0,0
13399,0.02,0
16054,0.88,1
18792,0.84,1
10740,0.98,1
19816,0.97,1
11103,1.0,1
10730,0.88,1
13507,0.02,0
14680,1.0,1
10922,0.93,1
10969,1.0,1
10675,0.01,0
16239,0.03,0
19917,0.11,0
14473,0.0,0
10934,0.98,1
14484,0.97,1
15434,0.01,0
14644,0.0,0
18053,1.0,1
18102,1.0,1
18964,0.03,0
10442,0.02,0
14780,0.95,1
19084,0.01,0
14229,0.03,0
11095,0.01,0
15565,1.0,1
14315,0.98,1
13482,0.01,0
11615,1.0,1
16659,0.95,1
15190,0.97,1
18571,0.88,1
10427,0.02,0
15826,0.02,0
18815,0.06,0
11704,0.01,0
15731,1.0,1
13635,0.96,1
16905,0.01,0
17292,0.93,1
11366,1.0,1
12164,0.99,1
13291,0.05,0
11327,0.97,1
10308,0.95,1
14870,0.99,1
14750,1.0,1
19321,1.0,1
10464,0.17,0
12984,0.97,1
12312,0.96,1
15215,0.96,1
10453,1.0,1
14478,0.98,1
13370,0.0,0
12907,0.01,0
12031,0.07,0
17568,0.01,0
16334,0.01,0
10940,1.0,1
10855,0.01,0
17363,0.97,1
19237,0.05,0
15715,0.05,0
13458,0.02,0
14884,0.97,1
16050,1.0,1
14001,0.91,1
19449,0.0,0
10140,0.91,1
16832,0.06,0
13336,0.99,1
17046,0.27,0
13966,0.22,0
16336,1.0,1
18956,1.0,1
19403,0.01,0
15446,0.91,1
14567,0.0,0
18747,1.0,1
18006,0.02,0
15817,0.06,0
14981,0.02,0
13358,0.8,1
18910,0.99,1
12121,0.04,0
18072,0.95,1
14326,0.98,1
16579,1.0,1
10399,1.0,1
11985,0.0,0
19858,0.04,0
14803,1.0,1
13450,1.0,1
14049,0.11,0
12963,0.04,0
18432,1.0,1
18526,0.98,1
10136,1.0,1
16937,1.0,1
11253,0.0,0
15495,0.09,0
16785,0.06,0
10231,0.97,1
12742,0.94,1
18762,0.95,1
17177,0.98,1
15696,0.0,0
18962,1.0,1
16997,0.99,1
14563,1.0,1
15790,1.0,1
15875,0.01,0
16869,0.0,0
14485,0.04,0
17746,0.99,1
11948,0.0,0
12009,1.0,1
14238,1.0,1
17203,0.8,1
17621,0.0,0
12016,1.0,1
12856,0.14,0
15774,1.0,1
15951,0.02,0
19502,0.99,1
10965,0.98,1
16418,0.06,0
16654,1.0,1
12843,0.0,0
17806,0.98,1
19263,0.98,1
18271,0.98,1
15945,0.01,0
11941,0.03,0
14596,0.07,0
10158,0.01,0
17837,1.0,1
19829,1.0,1
16263,0.97,1
14790,0.0,0
16563,0.04,0
18069,0.09,0
11266,0.96,1
10962,1.0,1
12511,0.01,0
18864,0.1,0
12646,0.98,1
11241,0.95,1
15317,0.87,1
17370,0.0,0
19177,0.96,1
13512,0.98,1
10980,0.01,0
10957,0.99,1
11705,0.97,1
10729,0.01,0
18588,0.89,1
12615,1.0,1
17941,1.0,1
13113,0.03,0
16597,1.0,1
16345,1.0,1
18704,1.0,1
12345,0.98,1
15466,1.0,1
19898,0.02,0
15872,1.0,1
10869,0.01,0
15488,0.0,0
15371,0.93,1
19369,0.0,0
14842,0.97,1
12191,0.98,1
13613,0.18,0
11398,0.96,1
10006,0.84,1
10954,0.1,0
11200,0.0,0
16600,1.0,1
14160,0.99,1
19350,0.0,0
10505,1.0,1
10792,0.93,1
18882,0.03,0
15925,1.0,1
15230,0.98,1
11516,0.98,1
17822,0.96,1
10086,0.68,1
19788,1.0,1
12704,0.98,1
14287,1.0,1
11431,0.0,0
18145,0.0,0
14422,0.04,0
17849,0.08,0
12220,1.0,1
17175,0.89,1
19754,0.03,0
17321,0.99,1
14087,0.99,1
14667,1.0,1
10509,0.0,0
13506,0.98,1
16731,0.02,0
10458,0.99,1
17658,0.95,1
12701,1.0,1
12465,1.0,1
19783,0.03,0
11750,1.0,1
12637,0.99,1
15493,0.0,0
17115,0.91,1
13523,1.0,1
12382,0.02,0
16391,0.94,1
17116,0.35,0
14997,0.05,0
14693,0.98,1
10139,0.99,1
18856,0.97,1
18808,0.96,1
19365,0.12,0
17537,0.99,1
15431,1.0,1
14339,0.93,1
15410,1.0,1
19148,0.93,1
18641,1.0,1
10690,0.94,1
10370,0.98,1
15362,1.0,1
10079,1.0,1
19023,1.0,1
15412,0.97,1
14601,1.0,1
12551,0.98,1
16637,0.05,0
17377,0.97,1
16220,0.96,1
17095,0.95,1
17546,0.99,1
15070,0.06,0
11306,0.99,1
13010,0.99,1
17671,1.0,1
16212,0.97,1
18614,0.94,1
13083,0.0,0
17008,1.0,1
14311,1.0,1
12420,0.01,0
11342,0.77,1
14408,0.06,0
18551,1.0,1
10384,0.0,0
16258,0.0,0
19999,1.0,1
16288,1.0,1
18830,0.0,0
13802,0.98,1
14969,1.0,1
15175,0.97,1
12594,1.0,1
11577,1.0,1
18086,0.04,0
15793,1.0,1
17877,0.07,0
16562,0.04,0
18017,1.0,1
13930,1.0,1
12781,0.06,0
10197,0.0,0
10743,0.98,1
18869,1.0,1
16586,0.02,0
19868,0.01,0
15415,0.03,0
10956,1.0,1
17842,0.04,0
13455,0.0,0
16871,0.98,1
18493,0.99,1
16518,0.03,0
17788,0.03,0
16892,0.14,0
16148,1.0,1
18000,0.01,0
17106,0.14,0
18602,0.0,0
11068,0.02,0
18933,1.0,1
16315,1.0,1
11679,0.0,0
17149,1.0,1
12630,0.05,0
10761,0.03,0
10979,0.05,0
18598,0.9,1
13114,0.99,1
15425,1.0,1
15725,0.0,0
13053,1.0,1
11796,0.96,1
14169,0.0,0
18932,0.92,1
17412,0.93,1
15233,1.0,1
14512,1.0,1
15884,0.06,0
11083,0.03,0
18122,1.0,1
16180,0.93,1
16147,0.88,1
17828,0.05,0
13713,0.1,0
14079,0.02,0
15084,1.0,1
10372,0.02,0
17325,0.98,1
16047,0.16,0
19623,0.01,0
15542,0.0,0
13734,0.0,0
19016,0.02,0
15375,0.03,0
19545,1.0,1
14886,1.0,1
12100,0.01,0
11077,0.99,1
12256,0.0,0
14864,0.99,1
15691,0.96,1
19221,0.01,0
12784,0.97,1
18295,1.0,1
18032,0.89,1
10526,0.96,1
11938,1.0,1
11955,0.01,0
12084,0.96,1
17030,0.99,1
11991,0.07,0
14285,0.03,0
12279,0.97,1
14921,0.0,0
19300,0.98,1
10020,0.02,0
10468,1.0,1
13746,1.0,1
11719,0.05,0
11037,1.0,1
12379,0.96,1
11235,0.02,0
17756,0.96,1
19079,0.98,1
14821,0.98,1
14571,1.0,1
19604,0.01,0
12148,0.99,1
19324,0.92,1
15917,0.03,0
12853,0.8,1
10948,0.11,0
16262,0.98,1
13448,0.94,1
14502,0.01,0
18565,0.07,0
15789,0.08,0
11493,0.79,1
12586,0.98,1
16231,0.02,0
19063,0.06,0
19823,0.98,1
15464,0.17,0
11524,0.98,1
11626,0.0,0
19996,0.05,0
13195,0.05,0
13533,0.0,0
19550,0.03,0
10778,0.78,1
11669,1.0,1
15550,0.07,0
18163,0.97,1
17943,0.01,0
12426,1.0,1
18107,1.0,1
19931,0.01,0
18575,1.0,1
15133,0.96,1
15981,0.03,0
15688,1.0,1
11725,0.04,0
10636,0.0,0
12985,1.0,1
18660,0.01,0
10513,0.93,1
14854,0.11,0
12687,0.02,0
17375,0.0,0
17774,1.0,1
17247,0.02,0
12437,0.01,0
19187,0.01,0
19332,0.08,0
10961,1.0,1
18138,1.0,1
10608,1.0,1
18073,0.99,1
16728,0.0,0
16630,0.0,0
12427,0.02,0
18211,0.89,1
14220,0.97,1
14760,0.88,1
14195,1.0,1
15634,0.94,1
18778,0.99,1
19033,0.04,0
18688,0.0,0
15610,0.01,0
13902,0.15,0
12127,0.21,0
10194,0.0,0
11605,0.99,1
12235,1.0,1
10116,0.06,0
14398,0.95,1
19681,1.0,1
19336,0.13,0
14431,0.17,0
10335,0.89,1
10652,0.04,0
12389,1.0,1
12124,0.1,0
16710,0.82,1
16236,0.99,1
16002,0.96,1
17360,0.0,0
18059,1.0,1
13229,0.96,1
17348,1.0,1
16008,1.0,1
14349,0.98,1
18172,0.99,1
12845,0.98,1
13492,0.98,1
16349,0.09,0
18708,0.9,1
10801,0.99,1
12002,0.09,0
16029,0.97,1
19167,0.0,0
17045,0.02,0
13636,1.0,1
14362,0.99,1
10928,0.93,1
11310,0.77,1
11352,1.0,1
11346,1.0,1
18608,0.99,1
18173,1.0,1
12502,0.01,0
17476,0.04,0
19417,0.87,1
14120,0.0,0
12575,0.06,0
19915,0.93,1
18959,0.06,0
14034,1.0,1
16394,0.96,1
19366,1.0,1
16402,1.0,1
12890,0.99,1
11228,1.0,1
16533,0.11,0
14055,1.0,1
15469,0.94,1
14067,0.97,1
17448,0.01,0
12453,1.0,1
17265,0.92,1
16970,0.99,1
12698,0.03,0
19776,0.98,1
15271,0.15,0
11423,0.01,0
10049,0.05,0
15378,0.02,0
19937,1.0,1
15760,0.01,0
17390,0.96,1
14206,0.05,0
15330,0.99,1
18490,0.99,1
15184,1.0,1
10417,0.85,1
14831,0.02,0
10694,0.97,1
12459,0.0,0
11426,0.0,0
17235,0.99,1
15219,0.99,1
15950,0.23,0
15564,0.99,1
18860,0.0,0
19091,0.95,1
15794,0.99,1
13009,1.0,1
13293,0.71,1
18302,0.02,0
14839,0.99,1
12764,0.99,1
10604,1.0,1
18115,0.97,1
11460,1.0,1
13857,1.0,1
15681,0.9,1
16155,0.98,1
11472,1.0,1
18755,0.14,0
18875,1.0,1
18514,0.97,1
18202,0.98,1
14399,1.0,1
13136,1.0,1
12554,0.99,1
11578,0.96,1
19275,0.98,1
18051,0.94,1
19525,0.05,0
13973,0.08,0
18477,0.98,1
18800,0.99,1
10105,1.0,1
14906,1.0,1
10183,0.02,0
16135,0.03,0
11691,0.02,0
11329,0.01,0
10881,1.0,1
19467,0.98,1
16510,1.0,1
13033,0.93,1
13052,0.09,0
14748,0.04,0
19064,0.98,1
18449,0.01,0
10732,0.99,1
17987,1.0,1
18713,1.0,1
19988,0.97,1
17229,1.0,1
15677,0.01,0
11606,0.01,0
15353,0.0,0
14387,0.04,0
18005,0.32,0
11105,0.0,0
15997,0.0,0
18247,1.0,1
19864,0.97,1
16537,0.02,0
12298,1.0,1
11701,0.99,1
17086,0.06,0
12088,1.0,1
11538,0.97,1
11732,1.0,1
16623,0.98,1
10677,0.96,1
13220,0.97,1
14301,0.96,1
13824,0.04,0
12967,0.94,1
11748,0.0,0
11713,0.02,0
12077,0.05,0
15478,0.03,0
11528,1.0,1
11284,0.09,0
13025,0.95,1
18382,0.98,1
11922,1.0,1
13940,0.93,1
12758,0.08,0
17338,0.09,0
12826,0.0,0
19020,0.95,1
16297,0.03,0
12608,1.0,1
11370,1.0,1
12854,0.02,0
16041,0.98,1
11529,0.94,1
15520,0.08,0
13218,0.03,0
19257,0.92,1
12046,0.02,0
18055,1.0,1
10343,0.78,1
16940,0.97,1
10391,0.98,1
16906,0.99,1
10610,0.0,0
11454,0.99,1
11039,0.02,0
18902,0.92,1
18312,0.06,0
11450,0.92,1
12938,0.95,1
11772,0.96,1
16166,1.0,1
18277,0.85,1
17310,0.97,1
10405,0.99,1
18539,0.98,1
15228,0.07,0
11622,0.01,0
17862,0.99,1
19077,0.03,0
16515,0.99,1
12636,1.0,1
19081,0.02,0
19360,0.08,0
18550,1.0,1
10133,0.02,0
19804,0.97,1
10362,0.05,0
16925,1.0,1
10329,0.09,0
17327,0.06,0
17660,1.0,1
14062,0.99,1
11381,0.04,0
12605,0.99,1
14374,0.97,1
10168,0.03,0
16955,1.0,1
12695,1.0,1
18206,0.02,0
12344,0.96,1
11959,0.98,1
14170,0.06,0
19070,1.0,1
16666,0.12,0
12497,0.82,1
18376,0.99,1
14669,0.02,0
11700,0.98,1
14458,0.02,0
15250,0.0,0
15873,0.98,1
13531,0.01,0
10723,0.0,0
17609,1.0,1
15102,1.0,1
12751,0.99,1
15332,0.93,1
15145,0.97,1
12163,1.0,1
19492,0.01,0
14962,0.01,0
17461,0.04,0
12986,1.0,1
16291,0.91,1
19147,0.99,1
15683,0.0,0
16520,0.12,0
15445,0.13,0
16114,0.99,1
17712,0.95,1
16355,0.0,0
19508,0.97,1
18203,0.01,0
10756,0.99,1
10316,0.99,1
19462,0.0,0
12651,0.0,0
17313,0.03,0
10215,1.0,1
12257,0.99,1
15118,0.02,0
12137,0.9,1
16414,0.94,1
12174,0.98,1
13939,0.01,0
16283,0.1,0
18045,0.08,0
17162,0.02,0
14433,1.0,1
11510,0.01,0
11309,0.05,0
10747,0.97,1
17939,0.01,0
15538,0.99,1
19997,1.0,1
15112,0.99,1
17135,0.97,1
11887,0.94,1
18673,0.25,0
17444,0.11,0
12495,0.97,1
16755,1.0,1
15474,0.02,0
16491,0.0,0
15203,1.0,1
14413,0.99,1
12973,0.03,0
10290,0.01,0
11802,1.0,1
16983,0.92,1
12883,0.02,0
17915,0.03,0
13182,0.01,0
19383,0.99,1
13638,1.0,1
11059,1.0,1
17378,0.99,1
13667,0.98,1
18570,1.0,1
18822,0.07,0
18427,0.01,0
11343,0.12,0
19821,0.19,0
12051,0.06,0
12833,0.98,1
17027,0.03,0
18313,0.99,1
10074,0.0,0
11490,0.72,1
18109,0.03,0
10826,0.0,0
14417,0.04,0
17349,0.99,1
14082,0.02,0
10493,0.0,0
10736,0.0,0
15187,1.0,1
13570,1.0,1
15541,0.03,0
17592,0.02,0
10650,0.99,1
15723,0.19,0
16640,1.0,1
17745,1.0,1
13465,0.99,1
16215,0.98,1
12749,0.02,0
14352,0.93,1
14885,0.99,1
18044,0.97,1
16851,0.97,1
14709,0.89,1
14222,0.99,1
14529,0.99,1
12355,1.0,1
15879,0.01,0
14045,0.0,0
13760,0.07,0
15363,0.0,0
10774,0.08,0
10026,1.0,1
14762,0.05,0
13087,0.11,0
12058,1.0,1
16089,0.94,1
17920,0.98,1
13873,0.98,1
16729,0.99,1
12923,0.99,1
13391,0.94,1
13059,0.99,1
15212,1.0,1
16289,0.98,1
17582,0.99,1
17832,1.0,1
14179,0.97,1
12367,0.0,0
10658,0.0,0
19307,1.0,1
11786,1.0,1
19460,0.97,1
17534,1.0,1
19794,0.06,0
16932,0.96,1
19017,1.0,1
17526,0.99,1
16975,1.0,1
19793,0.99,1
15919,0.96,1
19262,0.92,1
18819,0.93,1
15034,0.03,0
16401,0.97,1
16226,1.0,1
16756,1.0,1
19451,0.96,1
10910,0.98,1
15854,0.01,0
15295,0.01,0
11979,1.0,1
10933,0.1,0
16492,0.98,1
11975,0.03,0
11946,0.24,0
16945,1.0,1
11421,0.81,1
11537,0.99,1
17728,0.01,0
17354,1.0,1
17683,0.03,0
16535,0.98,1
19807,0.0,0
18620,0.0,0
10226,0.95,1
15673,0.97,1
11031,0.99,1
11072,1.0,1
19424,0.02,0
12557,0.99,1
14761,0.02,0
18257,1.0,1
15077,1.0,1
18980,0.01,0
18540,0.99,1
11350,1.0,1
18091,0.98,1
15952,1.0,1
18113,0.99,1
19056,0.01,0
17905,0.98,1
13562,0.06,0
12766,0.97,1
19535,0.0,0
12493,0.13,0
18426,1.0,1
19673,0.0,0
16507,1.0,1
11126,0.95,1
10244,0.0,0
16140,0.0,0
12013,0.01,0
14930,0.18,0
16754,1.0,1
19100,0.84,1
18444,0.94,1
11217,0.06,0
19309,0.04,0
15172,0.99,1
12959,0.98,1
13350,0.99,1
16282,1.0,1
17836,1.0,1
14364,0.01,0
19208,0.02,0
16353,1.0,1
17355,0.98,1
10283,0.99,1
17818,1.0,1
19839,1.0,1
18046,1.0,1
14403,0.84,1
18469,0.91,1
13439,0.0,0
14157,0.16,0
15346,1.0,1
15578,0.98,1
12679,0.98,1
15797,0.0,0
13077,0.99,1
14552,0.15,0
15367,0.08,0
12153,0.97,1
13703,0.04,0
17781,0.06,0
17077,0.94,1
11195,0.91,1
12942,0.02,0
13111,0.97,1
14194,0.99,1
19609,0.99,1
15342,0.93,1
14554,1.0,1
15217,0.02,0
15283,0.98,1
12471,0.98,1
18978,0.03,0
15652,1.0,1
11491,1.0,1
16179,1.0,1
15192,1.0,1
13797,0.97,1
11078,0.98,1
10369,0.02,0
12519,0.04,0
13814,0.0,0
18407,0.02,0
18261,1.0,1
14659,1.0,1
13692,1.0,1
19043,0.96,1
13643,0.95,1
17549,1.0,1
10824,0.89,1
10700,0.94,1
16565,0.1,0
16335,1.0,1
18221,1.0,1
11380,0.87,1
15787,0.04,0
13027,0.97,1
14249,1.0,1
13426,1.0,1
17230,0.0,0
10229,0.03,0
18731,1.0,1
13491,0.01,0
19175,1.0,1
12473,1.0,1
11954,0.18,0
19808,0.96,1
13632,0.11,0
17353,1.0,1
12260,0.98,1
18470,0.08,0
16966,0.99,1
18532,0.98,1
19327,1.0,1
17097,1.0,1
13102,0.98,1
17300,1.0,1
15243,1.0,1
13120,0.05,0
10931,0.0,0
11599,0.99,1
14818,0.02,0
16161,0.0,0
17381,1.0,1
17070,0.96,1
14369,0.03,0
15548,0.02,0
12187,0.89,1
16495,1.0,1
13417,0.92,1
15251,0.98,1
12947,0.99,1
11377,0.99,1
15977,0.0,0
14916,0.95,1
15273,1.0,1
10058,0.03,0
17647,0.98,1
19859,0.98,1
15636,0.0,0
19294,0.16,0
12064,0.0,0
17512,0.76,1
16613,1.0,1
19774,1.0,1
13225,1.0,1
14117,0.01,0
12371,0.89,1
16059,0.0,0
14113,0.01,0
19121,0.03,0
12277,0.1,0
19877,0.99,1
11794,0.97,1
16853,0.03,0
15054,1.0,1
12266,1.0,1
14114,0.99,1
19757,0.0,0
19035,0.08,0
13185,1.0,1
10042,1.0,1
15129,0.07,0
10839,0.98,1
16068,0.09,0
18788,1.0,1
12183,1.0,1
11730,0.97,1
14684,1.0,1
18489,1.0,1
15331,0.93,1
13759,0.99,1
17170,0.05,0
12971,1.0,1
16736,0.06,0
13191,0.01,0
17513,0.99,1
12080,1.0,1
16099,1.0,1
11765,0.99,1
14810,0.4,0
17350,0.98,1
13538,0.03,0
10196,0.13,0
12017,0.0,0
18512,0.99,1
11448,0.94,1
14265,1.0,1
10094,1.0,1
12327,1.0,1
11645,0.02,0
19269,0.98,1
13152,0.01,0
16037,0.99,1
13412,1.0,1
10773,0.0,0
16564,1.0,1
12623,1.0,1
19956,0.0,0
14130,0.99,1
11988,0.99,1
10475,1.0,1
13154,0.95,1
13466,0.98,1
10398,0.94,1
18230,0.07,0
12944,1.0,1
14466,0.99,1
15027,0.92,1
15482,0.98,1
12237,1.0,1
19660,0.9,1
16331,1.0,1
12048,0.0,0
18276,0.0,0
19120,0.06,0
18323,0.07,0
18251,1.0,1
11766,0.89,1
14813,1.0,1
13217,0.18,0
15840,0.97,1
12221,0.02,0
11690,1.0,1
16758,0.95,1
16859,0.97,1
17634,0.96,1
16078,0.01,0
16130,0.01,0
13139,1.0,1
15750,0.99,1
19472,0.09,0
11239,0.98,1
18776,1.0,1
16260,0.11,0
18836,0.0,0
12514,1.0,1
18352,0.03,0
12463,0.07,0
17795,1.0,1
11837,0.03,0
19249,0.99,1
16378,1.0,1
15811,1.0,1
10161,0.02,0
13633,1.0,1
19734,1.0,1
11972,1.0,1
15444,0.99,1
13931,0.02,0
13861,0.98,1
14546,0.04,0
17442,1.0,1
13092,0.92,1
15383,0.97,1
15841,0.85,1
18374,0.94,1
13557,0.05,0
16090,0.03,0
17809,1.0,1
14323,0.97,1
19288,0.0,0
10445,0.24,0
10641,0.0,0
13372,0.01,0
13257,0.01,0
13887,0.13,0
12607,0.99,1
13488,0.01,0
12922,0.98,1
11154,0.0,0
13586,1.0,1
13589,0.98,1
13422,0.99,1
13199,1.0,1
17514,0.15,0
15352,0.99,1
11182,0.95,1
14832,1.0,1
16667,0.99,1
15278,0.0,0
10322,0.97,1
17430,0.99,1
18748,0.97,1
13819,0.03,0
18329,1.0,1
14225,0.98,1
10637,0.08,0
12469,0.01,0
12385,0.09,0
17469,1.0,1
10280,0.99,1
15163,0.03,0
19422,0.94,1
17337,1.0,1
12798,0.13,0
11821,0.07,0
19304,0.98,1
17619,1.0,1
19287,1.0,1
11144,0.05,0
11295,0.9,1
18186,0.1,0
15661,0.03,0
15085,0.02,0
10914,1.0,1
13700,0.0,0
19154,1.0,1
12841,0.97,1
19753,0.99,1
10121,0.0,0
14073,0.03,0
12436,0.05,0
11587,0.02,0
18589,0.98,1
16425,0.94,1
14134,1.0,1
19156,1.0,1
14514,0.01,0
10112,0.09,0
11247,1.0,1
13656,0.97,1
19596,0.96,1
13227,0.99,1
11245,1.0,1
12582,0.98,1
14342,1.0,1
19784,0.96,1
19763,0.02,0
11848,1.0,1
13620,0.04,0
19720,0.98,1
11296,1.0,1
16719,0.96,1
19851,0.91,1
12772,1.0,1
13429,0.0,0
14290,0.98,1
11727,0.15,0
14443,0.01,0
19328,1.0,1
15965,0.96,1
10036,1.0,1
13837,1.0,1
13445,0.93,1
14728,0.96,1
11722,0.02,0
17967,0.01,0
19407,0.98,1
12130,0.98,1
10849,0.99,1
16522,0.99,1
11633,0.01,0
11395,0.02,0
14302,0.92,1
13534,0.99,1
11619,0.01,0
15087,0.99,1
12993,0.0,0
11896,1.0,1
11543,0.99,1
10680,1.0,1
11728,0.02,0
13812,0.88,1
17665,0.07,0
17051,0.96,1
10628,0.98,1
16530,0.96,1
17703,0.01,0
17668,0.19,0
15095,0.93,1
16043,0.04,0
13402,0.98,1
13816,1.0,1
18165,0.01,0
15106,0.0,0
10449,0.01,0
10208,0.08,0
15213,0.98,1
15150,0.02,0
14976,1.0,1
10982,0.0,0
18162,1.0,1
14751,0.0,0
16902,1.0,1
19228,1.0,1
12981,0.99,1
19831,0.99,1
17719,1.0,1
16788,0.91,1
19607,1.0,1
15073,0.33,0
15462,1.0,1
14908,0.0,0
19085,0.95,1
18250,0.98,1
19952,0.01,0
11267,0.03,0
13477,1.0,1
12849,1.0,1
18097,0.01,0
19247,0.97,1
11771,0.99,1
19643,1.0,1
14623,1.0,1
12020,0.99,1
17342,0.01,0
15111,1.0,1
16927,0.97,1
18468,1.0,1
12974,0.0,0
16395,0.09,0
11586,0.0,0
19714,0.03,0
17734,0.03,0
16458,0.97,1
19384,0.94,1
18766,0.97,1
11053,0.1,0
17711,0.02,0
16294,1.0,1
14534,0.98,1
16843,0.99,1
13527,0.95,1
13050,1.0,1
15272,0.99,1
12109,0.96,1
11086,0.99,1
18831,1.0,1
18201,0.98,1
10767,0.96,1
11747,0.0,0
19906,1.0,1
11009,0.99,1
15374,0.0,0
10623,0.99,1
16156,1.0,1
13929,0.99,1
15780,1.0,1
18234,0.01,0
15971,0.93,1
15866,0.97,1
14994,0.02,0
13357,0.0,0
13508,0.99,1
14895,1.0,1
17820,0.99,1
19494,0.95,1
13431,0.98,1
18624,0.98,1
12792,0.05,0
12622,0.06,0
16219,0.96,1
17850,0.99,1
13616,1.0,1
14638,0.99,1
11963,0.99,1
16101,0.99,1
18809,0.0,0
18030,0.98,1
17248,0.77,1
14061,0.95,1
15719,0.0,0
14609,1.0,1
16844,0.02,0
15614,0.0,0
13943,0.11,0
19585,1.0,1
16149,0.0,0
10692,1.0,1
14823,0.03,0
12480,0.99,1
11456,0.99,1
15427,0.0,0
15455,1.0,1
15013,0.12,0
17677,0.0,0
13979,0.95,1
16876,1.0,1
15365,0.02,0
12027,1.0,1
16404,0.92,1
11601,0.01,0
19388,1.0,1
13342,1.0,1
11049,0.0,0
16330,0.88,1
16307,0.02,0
16139,0.98,1
16429,0.98,1
15211,0.76,1
10799,0.0,0
13666,0.99,1
12957,0.99,1
18645,0.91,1
14109,0.99,1
12729,0.94,1
11311,0.18,0
19536,1.0,1
11756,0.0,0
18821,1.0,1
15741,0.98,1
13630,0.14,0
16951,0.04,0
11413,0.03,0
18141,0.97,1
17997,1.0,1
15487,0.0,0
19372,0.0,0
11675,1.0,1
19499,0.02,0
12940,0.06,0
18428,0.01,0
17193,1.0,1
14324,1.0,1
16699,0.97,1
15834,0.05,0
17466,0.0,0
19564,0.96,1
16769,0.92,1
18155,0.99,1
14221,0.02,0
12212,1.0,1
19842,0.97,1
15828,0.99,1
12076,0.99,1
17693,0.97,1
18498,0.09,0
15267,0.97,1
14321,1.0,1
19728,1.0,1
18642,1.0,1
18082,0.18,0
17808,0.98,1
11563,0.97,1
19797,0.0,0
17309,0.01,0
13463,0.01,0
12498,0.93,1
14375,0.95,1
15757,0.07,0
11823,1.0,1
16112,1.0,1
10314,0.98,1
10438,0.0,0
13610,1.0,1
18146,0.99,1
12713,0.95,1
19325,1.0,1
15572,0.93,1
16374,1.0,1
16357,1.0,1
17013,0.08,0
19602,0.0,0
14678,0.94,1
18182,0.97,1
19647,1.0,1
10127,0.99,1
13520,1.0,1
19193,1.0,1
19164,1.0,1
14614,0.97,1
18719,0.0,0
17675,1.0,1
16270,0.91,1
15958,0.08,0
12223,0.98,1
17527,0.0,0
17141,0.98,1
19943,0.01,0
12419,0.05,0
11273,0.0,0
10286,0.02,0
13219,0.04,0
15955,0.05,0
19188,0.01,0
18406,0.0,0
17630,0.01,0
16686,0.01,0
10172,0.08,0
16483,1.0,1
18252,1.0,1
17253,0.09,0
19153,0.98,1
13515,0.07,0
19362,0.97,1
10251,0.96,1
11668,0.86,1
16342,0.07,0
12090,1.0,1
14145,1.0,1
17888,0.0,0
13971,1.0,1
14208,1.0,1
16463,0.91,1
11465,0.05,0
10613,1.0,1
18265,0.96,1
12115,0.06,0
17308,1.0,1
16310,1.0,1
12752,1.0,1
14769,0.96,1
10882,0.97,1
19255,0.99,1
16290,0.14,0
11233,0.04,0
11159,0.0,0
17182,0.05,0
17424,0.76,1
16340,1.0,1
17896,1.0,1
14878,0.95,1
14129,0.06,0
16663,0.0,0
17124,0.01,0
11338,0.01,0
16589,0.0,0
19298,1.0,1
10960,0.1,0
10201,1.0,1
15527,0.93,1
15949,1.0,1
17101,0.97,1
14979,0.21,0
12887,0.99,1
10568,0.92,1
13425,1.0,1
17456,0.0,0
12711,0.99,1
14634,0.99,1
12583,1.0,1
17813,1.0,1
10345,1.0,1
15349,0.05,0
18813,1.0,1
10573,0.01,0
16201,0.87,1
16534,1.0,1
16203,1.0,1
19013,0.03,0
15524,1.0,1
19251,0.99,1
18697,0.08,0
19968,0.11,0
19873,1.0,1
13956,0.05,0
10374,0.04,0
19387,1.0,1
16132,0.03,0
19211,0.01,0
14167,0.99,1
10930,1.0,1
19556,0.98,1
14845,1.0,1
15451,0.89,1
11789,0.0,0
10967,1.0,1
16437,1.0,1
17538,0.98,1
18507,1.0,1
12703,0.99,1
18016,0.13,0
18434,0.08,0
11382,1.0,1
13233,0.01,0
18088,0.98,1
10518,1.0,1
16572,0.94,1
16238,1.0,1
10230,1.0,1
19181,1.0,1
12176,0.02,0
10361,0.04,0
12373,1.0,1
19724,1.0,1
10802,0.98,1
19311,0.1,0
12078,0.84,1
14640,0.99,1
15857,0.11,0
11467,0.03,0
14409,0.24,0
12643,0.0,0
16116,1.0,1
11793,1.0,1
15146,1.0,1
11363,0.99,1
16185,0.02,0
11255,1.0,1
15397,0.95,1
18187,0.05,0
10007,0.99,1
18152,0.93,1
11851,0.02,0
12858,0.95,1
16170,0.02,0
18798,0.95,1
15937,1.0,1
10281,1.0,1
15398,0.04,0
12780,1.0,1
16576,0.0,0
18553,0.99,1
15231,0.96,1
14566,0.98,1
11130,0.01,0
14357,0.05,0
12824,0.0,0
16474,0.95,1
18213,0.96,1
11703,0.98,1
16639,0.94,1
11388,0.02,0
14277,0.97,1
16547,0.92,1
17715,0.0,0
14068,0.9,1
10487,0.09,0
15094,0.9,1
15629,1.0,1
18546,0.98,1
13744,0.98,1
13376,0.91,1
14528,0.89,1
15968,0.99,1
10570,1.0,1
11501,0.0,0
10088,0.05,0
13961,0.93,1
17521,0.96,1
19528,0.99,1
15327,1.0,1
12529,0.0,0
14451,1.0,1
11950,0.0,0
11826,1.0,1
14139,0.16,0
18939,1.0,1
19914,1.0,1
17892,0.84,1
12267,0.87,1
16560,0.02,0
15823,1.0,1
19395,0.07,0
16141,1.0,1
14018,0.95,1
15567,0.03,0
19615,1.0,1
11784,0.05,0
19962,1.0,1
14952,0.01,0
10265,0.99,1
19008,0.09,0
14360,0.98,1
11106,0.21,0
14583,0.0,0
16960,1.0,1
19985,1.0,1
15040,0.06,0
11585,0.03,0
13238,1.0,1
11375,0.05,0
15820,0.98,1
12429,0.97,1
17400,0.68,1
13574,0.99,1
19600,1.0,1
16479,1.0,1
10638,1.0,1
18692,0.97,1
19611,0.95,1
16885,1.0,1
17231,0.03,0
15465,0.06,0
13623,0.01,0
10842,0.19,0
12180,1.0,1
19441,1.0,1
18160,0.96,1
17946,0.94,1
13619,0.99,1
12294,0.98,1
17187,0.0,0
12895,0.0,0
18331,0.98,1
11470,0.0,0
19883,0.02,0
11768,1.0,1
15388,0.0,0
18544,1.0,1
12096,1.0,1
10566,0.03,0
17386,0.19,0
10119,0.07,0
11063,1.0,1
16497,0.99,1
17221,0.0,0
17219,0.96,1
10255,0.08,0
16142,0.02,0
18397,0.99,1
18317,0.0,0
11852,0.98,1
12932,0.09,0
14685,0.98,1
16169,0.99,1
14263,0.97,1
16264,0.97,1
12531,0.02,0
11611,0.89,1
13690,1.0,1
11630,0.93,1
16388,0.02,0
18438,1.0,1
10682,1.0,1
10709,0.99,1
15166,0.01,0
15258,1.0,1
17315,0.98,1
12461,1.0,1
13720,0.95,1
12503,1.0,1
11400,0.01,0
12989,0.05,0
15074,0.99,1
15143,0.92,1
11547,1.0,1
10481,0.99,1
18443,1.0,1
17006,0.98,1
19972,1.0,1
16958,0.99,1
17220,0.07,0
17551,1.0,1
16797,0.99,1
12081,0.7,1
17419,0.0,0
16679,0.99,1
15240,0.96,1
12537,0.02,0
12470,1.0,1
12666,0.1,0
10874,1.0,1
10357,0.1,0
17737,0.98,1
11324,0.99,1
12206,0.0,0
14462,0.03,0
19359,0.09,0
12535,0.01,0
11816,1.0,1
19663,1.0,1
16173,0.0,0
17372,0.01,0
15770,0.97,1
16721,1.0,1
19361,0.98,1
19846,1.0,1
10400,1.0,1
10639,0.02,0
12119,0.0,0
19215,0.98,1
18189,1.0,1
11262,1.0,1
19590,1.0,1
14677,0.97,1
12633,0.0,0
19625,0.01,0
15510,1.0,1
12945,0.0,0
19497,0.05,0
10888,0.0,0
13140,0.08,0
16251,1.0,1
10114,1.0,1
14358,1.0,1
10268,0.0,0
12882,1.0,1
11500,1.0,1
11314,0.92,1
12372,0.99,1
13424,0.04,0
17436,0.01,0
16154,0.06,0
18837,0.06,0
16011,0.01,0
15988,1.0,1
15862,0.04,0
12567,1.0,1
16517,0.0,0
13446,1.0,1
10793,0.98,1
16137,1.0,1
12566,0.0,0
12835,1.0,1
17180,0.02,0
19974,0.99,1
17258,0.98,1
14741,0.98,1
13807,0.03,0
11696,0.05,0
14148,0.1,0
17709,0.94,1
15989,0.9,1
18455,0.99,1
15921,0.41,0
11779,0.04,0
12056,1.0,1
14771,0.98,1
18378,0.0,0
12197,0.02,0
19741,0.97,1
16805,0.99,1
13188,0.08,0
11628,1.0,1
11332,1.0,1
12227,0.92,1
15662,0.99,1
17706,0.06,0
14493,1.0,1
10279,0.01,0
16914,0.89,1
14147,0.97,1
17165,0.97,1
14519,0.76,1
17302,0.98,1
19222,1.0,1
11729,0.97,1
10662,0.01,0
14909,1.0,1
18050,1.0,1
17889,1.0,1
14159,1.0,1
10435,0.96,1
11272,1.0,1
10078,0.99,1
16422,0.01,0
16753,0.08,0
11257,0.16,0
11047,0.07,0
14920,0.03,0
12939,1.0,1
12744,0.85,1
16882,1.0,1
13785,1.0,1
16672,0.93,1
14782,0.99,1
19662,0.96,1
18322,1.0,1
10547,0.0,0
19668,0.02,0
13832,0.97,1
13916,0.0,0
13457,1.0,1
14008,0.02,0
11125,0.16,0
17423,0.03,0
10768,0.04,0
11175,0.3,0
19232,1.0,1
17507,0.0,0
18442,0.99,1
10263,1.0,1
11020,1.0,1
15048,0.89,1
13875,0.97,1
14739,0.97,1
11013,0.97,1
10737,1.0,1
12241,1.0,1
15705,0.01,0
17261,1.0,1
15871,0.09,0
14457,0.99,1
13869,0.98,1
13110,1.0,1
15654,0.98,1
15753,0.86,1
13007,0.99,1
14681,1.0,1
16706,1.0,1
12911,0.05,0
14558,0.9,1
19870,1.0,1
14764,0.02,0
13121,0.99,1
18463,1.0,1
14717,0.99,1
16782,0.04,0
11506,1.0,1
16209,0.0,0
15008,1.0,1
13241,0.95,1
14520,1.0,1
14236,0.93,1
10415,0.03,0
17048,0.98,1
16920,1.0,1
11424,1.0,1
19342,1.0,1
16979,0.99,1
15631,0.0,0
16176,0.07,0
12300,1.0,1
11930,0.13,0
15769,0.97,1
15028,0.0,0
12509,0.97,1
10157,1.0,1
18394,0.99,1
19957,0.0,0
19106,0.05,0
16675,1.0,1
12541,1.0,1
10670,0.0,0
11023,0.98,1
14646,0.96,1
15860,0.95,1
15221,0.72,1
19315,0.84,1
12321,0.95,1
19979,0.15,0
11653,0.23,0
10884,0.97,1
10034,0.03,0
14104,0.96,1
15898,0.06,0
10669,0.98,1
19473,1.0,1
12609,0.99,1
16959,1.0,1
11910,0.02,0
18414,1.0,1
16817,0.13,0
15096,0.05,0
16903,0.01,0
16738,0.0,0
14172,1.0,1
12450,0.0,0
13055,0.02,0
17930,0.0,0
18035,1.0,1
11494,0.99,1
15568,0.99,1
16138,0.1,0
11737,0.0,0
11880,0.98,1
10599,0.0,0
16193,1.0,1
11259,0.02,0
19346,0.99,1
17473,1.0,1
13306,1.0,1
19437,1.0,1
16487,0.98,1
17285,0.13,0
17523,0.06,0
10790,1.0,1
12881,0.08,0
19363,0.03,0
14757,0.03,0
10295,0.35,0
12958,0.93,1
11323,0.0,0
15729,0.01,0
18111,0.95,1
17405,1.0,1
12775,0.95,1
17317,0.99,1
17366,0.04,0
17759,0.97,1
13174,0.97,1
18200,0.95,1
12488,1.0,1
16411,0.97,1
15779,0.11,0
13085,1.0,1
13829,0.01,0
10945,0.93,1
15967,0.02,0
19951,0.99,1
14964,1.0,1
11146,0.97,1
19512,1.0,1
19713,0.96,1
10003,0.07,0
18291,0.0,0
16199,0.98,1
15061,0.97,1
19375,1.0,1
12534,1.0,1
19095,1.0,1
10654,0.05,0
15457,1.0,1
16936,0.04,0
17389,0.98,1
17794,0.97,1
13464,0.81,1
17570,0.92,1
10745,1.0,1
17717,0.11,0
14356,0.14,0
12590,0.87,1
14630,0.9,1
16202,0.96,1
12617,1.0,1
10634,0.98,1
14653,0.96,1
12969,0.93,1
13505,0.04,0
18738,0.02,0
10591,0.01,0
18509,0.99,1
17376,0.98,1
10887,0.1,0
13691,0.04,0
14083,1.0,1
18569,1.0,1
13999,1.0,1
14592,1.0,1
13049,0.27,0
16190,0.04,0
10363,0.99,1
12028,1.0,1
18425,0.99,1
15247,0.97,1
10829,0.91,1
19887,0.02,0
10644,0.05,0
19522,1.0,1
16765,0.97,1
17670,0.96,1
11017,0.09,0
10663,0.01,0
15090,0.87,1
14745,0.97,1
12083,0.97,1
12168,0.03,0
15809,0.93,1
10071,0.04,0
19028,1.0,1
15181,0.0,0
17626,0.01,0
12627,0.05,0
16739,1.0,1
19448,1.0,1
15783,1.0,1
16017,0.01,0
13197,1.0,1
15409,1.0,1
16944,0.0,0
12638,0.02,0
19892,1.0,1
12222,1.0,1
19416,1.0,1
17547,0.91,1
17312,0.02,0
15025,0.1,0
17602,1.0,1
16175,1.0,1
19903,0.9,1
12896,0.99,1
14059,0.01,0
19905,0.0,0
18339,0.0,0
12657,0.0,0
18663,1.0,1
13413,1.0,1
18790,1.0,1
10010,0.02,0
19065,0.01,0
17225,1.0,1
12454,1.0,1
19439,0.01,0
15575,0.07,0
13066,1.0,1
16748,1.0,1
15534,1.0,1
11957,0.92,1
18479,0.08,0
17246,1.0,1
17460,0.89,1
19749,0.01,0
19562,0.01,0
11483,0.01,0
14245,0.95,1
18336,0.98,1
12731,1.0,1
17548,0.95,1
12494,0.99,1
14127,0.92,1
18968,0.91,1
10285,0.01,0
13418,0.98,1
12037,0.18,0
10821,1.0,1
19619,0.24,0
16752,0.01,0
13877,0.95,1
18054,0.87,1
18521,1.0,1
10525,0.97,1
10892,0.92,1
13593,0.84,1
16812,0.98,1
14671,1.0,1
16865,0.12,0
17884,0.99,1
11530,0.05,0
12943,0.91,1
10499,0.97,1
12547,0.98,1
12783,0.99,1
15080,0.09,0
15980,0.97,1
14247,0.02,0
10380,0.0,0
12581,0.07,0
15197,0.98,1
14865,0.02,0
19323,0.98,1
17528,0.01,0
10191,0.0,0
17853,0.98,1
11721,0.01,0
18410,0.85,1
16643,0.88,1
10021,0.17,0
17238,0.01,0
16575,1.0,1
13889,0.09,0
12867,0.08,0
12047,0.98,1
17509,0.95,1
19068,0.11,0
15103,0.96,1
17450,0.0,0
18901,1.0,1
18648,1.0,1
19308,0.97,1
17416,0.01,0
10190,0.03,0
18399,1.0,1
14907,1.0,1
10151,0.13,0
16624,0.92,1
10023,0.88,1
11976,1.0,1
19886,0.96,1
18854,0.96,1
15428,1.0,1
16513,0.0,0
17009,1.0,1
14754,0.08,0
12356,1.0,1
17290,0.96,1
17792,1.0,1
11383,0.0,0
11808,1.0,1
18863,1.0,1
12799,0.06,0
10551,0.06,0
16197,0.06,0
12707,0.13,0
18300,0.93,1
11289,0.95,1
16431,0.07,0
19547,1.0,1
15036,1.0,1
17403,0.97,1
12818,0.05,0
18270,0.02,0
17483,0.06,0
17616,0.07,0
15999,0.97,1
19610,0.95,1
19329,0.14,0
12104,1.0,1
15624,0.98,1
14437,0.99,1
12415,0.9,1
14991,0.81,1
12830,1.0,1
13604,0.0,0
14517,0.99,1
14858,0.01,0
13516,0.76,1
12390,0.98,1
16990,0.19,0
17367,0.06,0
10865,0.0,0
11869,1.0,1
14085,0.9,1
10504,1.0,1
13442,0.06,0
15675,1.0,1
19021,0.99,1
13805,0.16,0
10770,1.0,1
10885,0.03,0
15657,0.99,1
16628,0.01,0
19168,0.94,1
16612,0.0,0
12527,0.14,0
18781,0.0,0
12441,0.85,1
14006,0.01,0
11287,0.07,0
19102,0.09,0
15389,0.93,1
13594,0.98,1
10711,0.03,0
12341,1.0,1
11867,1.0,1
10099,1.0,1
14987,0.11,0
11402,0.98,1
11983,1.0,1
16701,1.0,1
18814,0.97,1
15932,0.75,1
15136,0.05,0
14354,1.0,1
14893,0.11,0
12596,1.0,1
15052,1.0,1
15159,0.0,0
16540,0.02,0
11251,0.97,1
14674,0.07,0
11466,0.95,1
18098,1.0,1
19658,0.99,1
15727,0.99,1
11399,0.0,0
14767,0.13,0
15359,0.02,0
15523,0.97,1
12762,0.95,1
16415,0.26,0
16257,0.1,0
14368,0.97,1
12023,0.89,1
11197,0.12,0
14513,0.99,1
11134,0.15,0
12286,0.91,1
18484,1.0,1
15659,1.0,1
17414,0.97,1
16878,1.0,1
15400,1.0,1
13452,0.99,1
17545,0.0,0
11012,0.0,0
12644,0.0,0
17222,0.24,0
19598,0.01,0
17249,0.95,1
11237,0.99,1
15800,0.99,1
19555,0.12,0
14995,0.01,0
19503,0.09,0
17186,0.04,0
19553,0.02,0
13447,0.03,0
14297,0.93,1
15824,0.0,0
19105,1.0,1
16822,0.01,0
11843,1.0,1
10735,1.0,1
10463,1.0,1
12740,0.15,0
11207,0.96,1
16825,0.12,0
12320,0.98,1
13065,0.99,1
10600,0.01,0
18262,0.01,0
13352,1.0,1
19382,0.99,1
13545,0.07,0
10401,1.0,1
13322,0.88,1
16451,1.0,1
11777,0.97,1
19380,0.07,0
10515,1.0,1
13163,0.02,0
15141,0.86,1
16627,1.0,1
19371,0.0,0
12545,0.99,1
17599,1.0,1
17263,0.08,0
15246,0.05,0
10815,0.03,0
19202,0.93,1
18769,1.0,1
12207,0.14,0
12753,0.93,1
14988,1.0,1
18739,0.96,1
19025,0.97,1
10704,1.0,1
10830,0.96,1
16523,0.08,0
11036,0.02,0
19452,0.97,1
10220,0.98,1
18555,0.84,1
13549,0.03,0
19895,1.0,1
17138,0.01,0
19252,0.06,0
17835,1.0,1
16379,0.1,0
19097,1.0,1
10017,0.99,1
19408,0.97,1
13644,1.0,1
12787,0.03,0
10822,1.0,1
14624,0.03,0
12678,0.96,1
15606,0.04,0
14009,0.03,0
15511,0.99,1
10517,1.0,1
16712,1.0,1
12049,0.07,0
15839,0.91,1
19637,0.09,0
17785,0.97,1
19060,0.02,0
10601,1.0,1
12750,0.03,0
18892,0.02,0
13256,0.07,0
17139,0.04,0
17189,0.02,0
12840,0.01,0
16897,0.9,1
13236,0.0,0
15600,0.02,0
19044,0.96,1
19037,0.02,0
17109,0.08,0
17233,0.99,1
13037,0.01,0
14951,0.01,0
10488,0.99,1
14967,0.99,1
10593,0.98,1
11609,0.01,0
18439,0.9,1
16538,0.99,1
18002,0.96,1
14196,0.77,1
17127,0.75,1
18733,0.11,0
12075,0.99,1
19608,1.0,1
10358,0.0,0
12850,0.03,0
14849,1.0,1
13366,0.95,1
16841,1.0,1
10312,0.0,0
13315,0.01,0
13131,0.99,1
10254,0.95,1
14112,1.0,1
11962,0.0,0
14300,0.03,0
14133,0.99,1
13405,0.99,1
10436,1.0,1
10590,0.95,1
14002,0.95,1
16062,0.24,0
13123,0.93,1
16855,1.0,1
12383,0.03,0
16165,1.0,1
10013,0.97,1
14753,0.04,0
15545,0.99,1
13804,0.01,0
16584,0.99,1
19204,1.0,1
11531,0.0,0
14637,1.0,1
13263,1.0,1
17207,0.0,0
19138,0.05,0
15022,1.0,1
13580,0.03,0
11221,1.0,1
17899,0.01,0
11496,1.0,1
14616,0.07,0
17947,0.04,0
18842,0.99,1
16502,0.95,1
14108,0.02,0
12528,0.06,0
18170,0.01,0
18127,0.99,1
17199,1.0,1
17807,0.0,0
13386,1.0,1
19510,0.99,1
11879,0.99,1
13149,0.97,1
11508,0.01,0
14131,0.98,1
13170,0.0,0
18816,1.0,1
14802,0.97,1
11845,0.06,0
13044,0.87,1
17951,0.0,0
11981,0.02,0
14536,1.0,1
15176,0.97,1
12118,0.06,0
12640,1.0,1
18333,1.0,1
15021,0.92,1
13715,1.0,1
11689,0.04,0
18765,0.0,0
15116,0.88,1
15653,0.07,0
10903,1.0,1
11135,0.03,0
18288,0.98,1
11109,1.0,1
14974,0.02,0
13060,0.98,1
17631,0.1,0
19644,0.98,1
15492,0.1,0
17839,0.91,1
16433,0.81,1
10769,0.95,1
14850,0.02,0
19836,0.99,1
19480,0.99,1
10618,0.03,0
19995,0.99,1
12139,0.07,0
17604,0.95,1
10796,0.0,0
14912,0.04,0
13838,0.96,1
16986,0.95,1
18938,0.97,1
13876,0.97,1
14734,0.03,0
18519,0.94,1
18119,0.02,0
13841,1.0,1
17000,0.07,0
11326,0.83,1
19691,0.97,1
12165,1.0,1
16726,0.04,0
13757,0.99,1
12111,0.99,1
11088,0.99,1
14078,0.99,1
18089,1.0,1
14254,0.98,1
14535,0.01,0
16760,0.03,0
16713,0.99,1
17581,0.97,1
11570,0.96,1
18900,0.01,0
11238,0.09,0
19133,0.97,1
12305,0.17,0
19447,0.86,1
11604,0.97,1
19710,1.0,1
17618,1.0,1
18998,0.99,1
18396,0.03,0
17365,0.94,1
16306,1.0,1
16157,0.06,0
14975,0.05,0
11540,0.0,0
16285,0.98,1
10909,0.0,0
10848,0.97,1
10462,0.99,1
17257,0.99,1
10814,1.0,1
17986,0.95,1
11523,0.07,0
15890,0.99,1
11055,0.98,1
15987,0.85,1
16561,0.0,0
12219,0.98,1
11807,0.06,0
13742,0.01,0
19813,0.01,0
14140,0.04,0
15277,0.02,0
18881,0.04,0
13261,0.99,1
12158,0.98,1
14833,0.99,1
10777,1.0,1
12860,0.99,1
13927,0.0,0
17767,0.11,0
17362,0.0,0
19058,0.0,0
14786,1.0,1
13599,0.99,1
18644,1.0,1
11534,0.98,1
14288,1.0,1
12274,0.02,0
14749,1.0,1
18340,0.88,1
18767,0.99,1
16184,0.93,1
13344,1.0,1
15555,0.15,0
14434,0.0,0
11943,1.0,1
14992,0.97,1
18557,0.98,1
11733,0.98,1
11504,0.94,1
18640,0.0,0
18330,0.13,0
14224,0.98,1
12166,0.89,1
16622,1.0,1
19960,1.0,1
10820,0.03,0
18008,0.04,0
18193,1.0,1
17817,0.01,0
19171,0.99,1
13738,0.07,0
10031,0.0,0
16354,0.99,1
14014,1.0,1
11655,1.0,1
17729,0.08,0
19418,0.02,0
11469,0.01,0
19281,0.99,1
18824,0.09,0
11227,0.12,0
13279,0.08,0
17463,1.0,1
13563,0.01,0
13800,0.06,0
19122,0.98,1
18802,0.98,1
15024,0.99,1
10863,0.89,1
19295,1.0,1
19824,0.97,1
10451,0.97,1
18694,0.97,1
12914,1.0,1
17413,0.99,1
11120,0.01,0
11914,0.95,1
15878,0.96,1
11787,0.03,0
14421,0.97,1
10092,0.11,0
18130,0.97,1
19425,0.03,0
16773,1.0,1
14553,0.0,0
11354,1.0,1
16322,0.94,1
12338,0.92,1
19379,0.97,1
10431,0.97,1
15755,0.95,1
13155,0.0,0
19621,0.12,0
18068,0.98,1
17673,0.0,0
19584,0.98,1
17611,1.0,1
12063,1.0,1
15978,0.94,1
15833,1.0,1
10410,0.98,1
19721,0.03,0
16187,0.2,0
10137,1.0,1
13678,0.98,1
12926,0.99,1
17699,0.83,1
16225,0.98,1
16599,1.0,1
13721,1.0,1
15563,0.96,1
19172,0.0,0
14898,1.0,1
18670,0.05,0
19654,0.03,0
19229,1.0,1
12901,1.0,1
10533,0.11,0
12281,1.0,1
19739,0.81,1
19143,1.0,1
17498,0.99,1
18500,0.0,0
13892,0.91,1
10340,0.99,1
14636,0.0,0
15766,0.99,1
13598,0.02,0
18561,0.92,1
17488,1.0,1
11048,1.0,1
16926,1.0,1
10035,0.11,0
19353,0.0,0
17467,0.09,0
19989,1.0,1
15628,1.0,1
15000,1.0,1
17035,1.0,1
14359,0.96,1
11917,0.04,0
15248,0.08,0
18686,0.0,0
16393,0.96,1
18777,0.03,0
17052,0.96,1
16744,0.03,0
18782,0.99,1
16480,0.99,1
16806,0.03,0
16607,0.01,0
16266,0.02,0
12838,0.0,0
13769,0.23,0
16326,0.99,1
13681,0.0,0
10498,0.94,1
11860,0.05,0
12479,1.0,1
15104,0.91,1
15122,0.09,0
13988,0.0,0
17690,1.0,1
13080,0.99,1
16256,0.91,1
10998,0.95,1
16746,1.0,1
13684,0.0,0
11663,0.96,1
13717,1.0,1
17544,1.0,1
19006,0.99,1
10235,1.0,1
13524,1.0,1
12082,0.06,0
18080,0.15,0
11118,0.06,0
14047,0.12,0
10199,1.0,1
18857,0.0,0
16160,1.0,1
18473,0.96,1
17393,0.0,0
13669,0.03,0
15791,0.0,0
15941,0.04,0
10548,1.0,1
19764,0.0,0
14038,0.9,1
17099,1.0,1
11888,1.0,1
13205,0.05,0
10565,0.95,1
14791,0.0,0
18451,0.99,1
15344,0.99,1
18623,1.0,1
13162,0.02,0
12797,0.02,0
10238,0.97,1
11051,0.04,0
16740,0.92,1
14801,1.0,1
19799,1.0,1
15429,0.96,1
13396,0.0,0
19169,0.98,1
13848,0.09,0
10299,0.04,0
13558,1.0,1
11117,0.0,0
15496,0.98,1
11804,1.0,1
13043,0.0,0
11439,1.0,1
17316,0.95,1
12979,0.99,1
14337,1.0,1
19513,0.99,1
15255,0.99,1
18760,0.95,1
10456,1.0,1
15540,1.0,1
12975,0.98,1
17741,0.0,0
16802,0.99,1
17042,0.98,1
10106,0.99,1
11894,0.96,1
14824,1.0,1
18283,0.07,0
15923,0.06,0
13379,0.97,1
17278,1.0,1
12976,0.2,0
17826,0.02,0
10823,0.99,1
17298,0.02,0
15712,0.0,0
11006,1.0,1
14293,0.88,1
19370,0.0,0
12654,1.0,1
16715,1.0,1
18343,0.07,0
16482,1.0,1
19992,0.09,0
19750,1.0,1
16971,0.97,1
16337,0.87,1
17340,1.0,1
10627,0.02,0
16371,0.0,0
11365,0.02,0
13830,0.02,0
19445,0.01,0
10024,0.04,0
19355,0.03,0
19935,0.99,1
11944,1.0,1
18906,0.95,1
14527,0.98,1
10721,1.0,1
12844,0.01,0
19146,0.91,1
13947,1.0,1
15775,1.0,1
17834,0.97,1
16412,1.0,1
19941,1.0,1
12878,1.0,1
15402,0.98,1
14168,0.02,0
13910,1.0,1
11211,0.02,0
16244,0.98,1
10179,0.96,1
19099,0.93,1
19971,0.04,0
10620,0.84,1
18014,1.0,1
12624,0.97,1
12561,0.92,1
18742,1.0,1
18852,0.06,0
14190,0.98,1
16924,0.99,1
14239,1.0,1
18899,0.96,1
19142,0.0,0
16618,0.98,1
13772,0.99,1
11933,0.95,1
13036,0.94,1
17270,1.0,1
17478,1.0,1
18947,0.01,0
17524,0.03,0
18212,0.0,0
19612,0.21,0
10041,0.97,1
15982,0.01,0
10827,0.99,1
14814,0.08,0
16021,0.07,0
13133,0.1,0
17925,0.95,1
18646,0.97,1
18721,0.98,1
18585,0.02,0
18383,0.0,0
19922,1.0,1
19882,0.06,0
10528,1.0,1
13490,0.99,1
16150,0.0,0
13296,0.91,1
15754,0.97,1
12319,0.0,0
16044,0.0,0
12692,1.0,1
16279,0.97,1
14449,0.02,0
10895,0.97,1
14586,1.0,1
14621,0.97,1
13972,0.14,0
17520,0.0,0
10911,0.01,0
12542,0.0,0
12006,1.0,1
14600,1.0,1
10559,1.0,1
10125,0.01,0
11471,0.01,0
15650,0.98,1
15381,0.94,1
19618,0.0,0
17445,0.06,0
15191,0.97,1
12019,0.1,0
11775,0.02,0
11213,0.0,0
11184,0.06,0
10225,0.0,0
18486,0.99,1
11952,0.96,1
17250,0.1,0
15137,0.98,1
10429,0.96,1
19904,0.0,0
11372,0.95,1
15454,0.89,1
14781,1.0,1
19781,0.01,0
13252,1.0,1
10828,1.0,1
13310,0.97,1
14729,0.04,0
13745,1.0,1
15338,0.04,0
12526,0.01,0
11672,0.0,0
15557,0.04,0
15494,1.0,1
12859,0.0,0
11278,0.0,0
17279,1.0,1
10746,0.99,1
15845,0.01,0
18611,1.0,1
14694,1.0,1
10142,0.02,0
19113,0.0,0
14901,0.07,0
19002,0.04,0
15302,0.99,1
18953,0.09,0
18976,0.04,0
12249,0.95,1
10455,1.0,1
14869,0.0,0
16857,1.0,1
10507,0.0,0
17407,0.03,0
13652,0.07,0
10441,0.0,0
13251,1.0,1
16577,0.02,0
11828,0.0,0
10111,0.95,1
17296,1.0,1
12997,0.79,1
17107,0.99,1
13201,0.01,0
11518,0.95,1
10985,1.0,1
10715,0.99,1
11746,1.0,1
15802,0.99,1
11583,1.0,1
15067,0.12,0
12448,1.0,1
15939,1.0,1
19540,0.97,1
17969,0.15,0
13099,0.95,1
18595,0.02,0
10377,1.0,1
19679,0.01,0
10206,0.03,0
16308,0.0,0
12195,0.02,0
15473,0.97,1
17562,0.01,0
18077,0.94,1
19568,0.99,1
12179,0.99,1
16033,0.07,0
13702,0.1,0
17082,1.0,1
16514,0.1,0
13529,0.99,1
10419,1.0,1
10284,0.0,0
13551,0.04,0
14075,0.98,1
10872,0.03,0
12146,0.0,0
18937,0.95,1
10355,0.02,0
19205,0.99,1
18518,1.0,1
12363,0.98,1
16770,0.97,1
19256,1.0,1
16854,0.01,0
19053,0.97,1
15262,1.0,1
15756,1.0,1
11141,0.99,1
15693,0.98,1
16946,0.96,1
15566,0.99,1
19791,0.88,1
15698,0.99,1
14187,0.99,1
16544,0.03,0
14555,0.09,0
12024,0.0,0
11634,0.06,0
11639,0.03,0
10779,0.01,0
18883,0.29,0
14522,0.08,0
13736,0.04,0
10376,1.0,1
12423,0.98,1
14980,1.0,1
15697,0.05,0
14788,0.02,0
19438,0.96,1
18851,1.0,1
16020,0.05,0
17940,1.0,1
16954,0.02,0
18304,0.02,0
14414,1.0,1
13347,0.99,1
11169,1.0,1
18462,0.13,0
11903,0.96,1
10631,0.99,1
14605,0.93,1
14330,0.02,0
19554,0.02,0
13209,0.99,1
12595,0.99,1
10177,0.99,1
13631,0.99,1
13898,1.0,1
19751,1.0,1
16870,0.99,1
19897,0.99,1
19716,0.97,1
14851,0.0,0
14888,1.0,1
13787,0.05,0
13934,0.93,1
11551,1.0,1
19155,0.02,0
19078,0.02,0
10126,0.0,0
16896,0.06,0
13782,1.0,1
19736,1.0,1
13367,1.0,1
19966,0.01,0
11600,0.0,0
11503,0.97,1
18714,1.0,1
17623,0.98,1
12015,0.97,1
13206,0.99,1
16858,0.99,1
17906,0.0,0
12440,0.89,1
17701,0.96,1
18324,0.97,1
19301,1.0,1
11417,0.01,0
15261,0.97,1
19141,1.0,1
18494,0.98,1
17252,0.01,0
18893,0.11,0
15265,0.89,1
11416,0.99,1
15004,0.99,1
14332,0.98,1
14397,0.98,1
12741,0.01,0
17738,0.98,1
19161,0.1,0
15926,0.97,1
14531,0.04,0
11830,0.0,0
18164,0.0,0
17963,0.0,0
16609,0.05,0
18424,0.97,1
19671,0.98,1
14959,0.09,0
18582,0.01,0
15237,0.88,1
10873,0.05,0
10936,0.06,0
16455,0.94,1
17240,0.09,0
17973,0.99,1
12746,1.0,1
18727,0.18,0
11934,1.0,1
17415,0.01,0
17409,0.78,1
16475,0.0,0
16968,0.0,0
18159,1.0,1
10929,0.97,1
17720,1.0,1
16010,0.09,0
13863,0.12,0
14378,0.99,1
19216,1.0,1
13002,0.04,0
15870,0.96,1
15946,0.98,1
17689,0.94,1
11579,1.0,1
14436,0.01,0
12510,0.99,1
10898,1.0,1
19096,0.11,0
13957,0.01,0
14492,0.97,1
14275,0.0,0
18751,0.98,1
17132,0.08,0
13019,0.04,0
15164,0.98,1
10803,0.0,0
11919,0.0,0
17829,1.0,1
17443,0.0,0
10207,0.0,0
13100,0.99,1
14548,1.0,1
19180,0.92,1
12988,0.95,1
10070,0.97,1
12386,0.0,0
19160,0.09,0
17642,0.94,1
10993,0.95,1
13320,0.96,1
13374,0.99,1
16100,0.98,1
13665,0.98,1
19201,1.0,1
16716,0.0,0
12167,0.99,1
15316,1.0,1
14031,0.91,1
10859,0.95,1
10466,0.99,1
19902,0.93,1
16134,0.05,0
10297,1.0,1
15694,0.99,1
19767,0.98,1
11359,1.0,1
19176,0.0,0
16265,0.0,0
19890,0.96,1
16913,0.02,0
17736,0.96,1
14676,1.0,1
19826,0.01,0
16338,0.99,1
12571,0.13,0
13903,0.94,1
12544,0.99,1
17932,1.0,1
12091,0.97,1
19005,0.04,0
17698,0.11,0
11256,1.0,1
12155,0.18,0
11288,0.0,0
12873,0.98,1
18043,0.99,1
16417,0.96,1
17718,0.0,0
11519,0.98,1
12184,1.0,1
13026,0.09,0
15119,1.0,1
19558,0.99,1
16762,0.0,0
15909,0.99,1
19627,0.87,1
17966,0.1,0
18847,1.0,1
18568,0.78,1
14036,0.0,0
17192,0.08,0
17870,1.0,1
12803,0.99,1
19620,0.98,1
13896,1.0,1
18743,0.98,1
10837,0.96,1
15867,1.0,1
15476,0.0,0
10546,0.99,1
14612,1.0,1
12410,1.0,1
13210,0.0,0
17721,1.0,1
18478,0.98,1
10430,0.96,1
14900,0.07,0
19453,0.97,1
17361,0.0,0
19549,0.0,0
11980,0.01,0
19557,0.98,1
18999,0.04,0
12217,1.0,1
10269,0.99,1
13932,0.01,0
19649,0.03,0
10018,0.08,0
16718,0.98,1
11152,0.9,1
14875,0.98,1
17977,0.03,0
16372,0.99,1
10253,1.0,1
14740,0.02,0
11505,0.99,1
13470,1.0,1
14193,0.96,1
16122,0.98,1
18388,0.12,0
16367,1.0,1
19092,0.99,1
15299,0.36,0
13536,0.98,1
12161,0.88,1
18524,1.0,1
16146,0.01,0
15608,0.14,0
16824,1.0,1
19682,1.0,1
11553,0.0,0
10077,0.97,1
17421,0.24,0
14985,0.97,1
19349,1.0,1
18437,0.05,0
16837,0.0,0
16680,0.99,1
13093,0.98,1
13958,0.81,1
19130,0.06,0
18296,0.08,0
15486,0.0,0
13500,0.06,0
11080,0.98,1
13915,0.04,0
14944,0.99,1
17489,1.0,1
16673,0.11,0
19432,0.07,0
10561,0.06,0
19680,1.0,1
18936,0.95,1
11482,1.0,1
13514,0.99,1
14118,0.01,0
14539,0.0,0
12123,1.0,1
16768,0.93,1
18656,0.01,0
18441,0.07,0
19778,0.0,0
10908,0.91,1
11977,0.06,0
13825,0.93,1
14331,0.08,0
12198,0.04,0
13968,0.03,0
12229,0.84,1
18063,0.01,0
16423,0.04,0
17533,0.0,0
13280,1.0,1
18784,0.02,0
17645,0.12,0
19640,0.9,1
16727,1.0,1
13860,0.0,0
18817,0.99,1
17059,0.01,0
19254,0.03,0
13559,0.98,1
11636,0.21,0
12062,0.11,0
18061,0.86,1
14154,1.0,1
13761,1.0,1
19841,0.95,1
12193,0.98,1
11473,1.0,1
18844,0.95,1
11204,0.06,0
11455,0.97,1
10647,1.0,1
18591,0.99,1
16883,1.0,1
19768,0.04,0
15665,0.22,0
13076,1.0,1
14562,0.94,1
13072,1.0,1
15686,0.95,1
13603,1.0,1
15105,1.0,1
18835,1.0,1
11580,1.0,1
11305,1.0,1
19820,0.95,1
15392,1.0,1
10347,0.08,0
14599,0.99,1
15329,0.05,0
11644,0.04,0
12991,1.0,1
10834,0.98,1
17929,0.86,1
16237,0.0,0
19125,0.98,1
18958,0.07,0
11165,0.98,1
18597,0.93,1
13596,1.0,1
11293,1.0,1
15522,1.0,1
14639,0.99,1
11492,0.97,1
17288,0.0,0
19007,0.08,0
18594,0.95,1
17696,1.0,1
13051,0.0,0
19012,0.0,0
18012,0.96,1
14662,1.0,1
10264,0.03,0
19486,1.0,1
15421,0.0,0
10382,0.0,0
14500,0.06,0
10614,0.95,1
14135,0.0,0
10216,0.06,0
18457,0.99,1
19399,0.02,0
15199,0.95,1
16075,1.0,1
18074,0.0,0
13427,0.95,1
12866,0.97,1
13387,0.0,0
11113,0.97,1
18706,0.93,1
17012,0.99,1
13404,0.87,1
18982,0.76,1
17840,1.0,1
11694,0.04,0
15714,0.09,0
19655,0.97,1
16284,0.03,0
13056,1.0,1
10033,0.01,0
15902,1.0,1
10115,0.93,1
14812,0.97,1
11028,1.0,1
16385,0.96,1
14917,1.0,1
19628,0.09,0
19075,0.01,0
13272,1.0,1
10587,0.14,0
11348,0.94,1
19186,0.05,0
11099,0.04,0
15460,0.1,0
10394,0.99,1
19475,0.86,1
18371,1.0,1
10725,0.99,1
17168,0.99,1
12446,0.74,1
15948,0.0,0
13478,1.0,1
15619,0.98,1
12329,0.2,0
14314,0.97,1
10305,0.96,1
11710,0.98,1
10984,1.0,1
14286,0.01,0
19470,1.0,1
19166,0.98,1
15718,0.97,1
10554,0.16,0
10544,0.0,0
18361,1.0,1
13308,0.02,0
11409,0.99,1
15477,0.97,1
17598,0.0,0
11254,0.01,0
14787,1.0,1
17397,0.99,1
14946,1.0,1
10999,0.28,0
13129,0.02,0
12788,1.0,1
17468,0.99,1
18402,1.0,1
14501,0.05,0
15880,0.96,1
10667,1.0,1
17859,0.03,0
12680,0.25,0
11414,0.97,1
17831,0.01,0
10529,0.0,0
18848,0.99,1
19402,1.0,1
18966,0.0,0
14444,0.0,0
12061,0.99,1
10486,0.98,1
13592,0.0,0
18675,0.99,1
13852,0.98,1
17280,0.0,0
13858,0.97,1
10712,0.02,0
19312,1.0,1
10862,0.97,1
16779,0.02,0
12782,1.0,1
14200,1.0,1
13864,0.9,1
12918,0.08,0
19182,0.97,1
19086,0.99,1
19830,0.04,0
11549,0.0,0
16299,0.16,0
11598,0.98,1
17143,0.0,0
19200,0.02,0
14255,0.16,0
19009,0.96,1
11468,1.0,1
10338,0.0,0
13289,0.99,1
15574,0.98,1
17117,1.0,1
17731,0.04,0
11526,0.99,1
17560,0.11,0
18243,1.0,1
11124,0.99,1
19477,0.02,0
10227,0.94,1
16477,0.01,0
11029,1.0,1
13670,0.99,1
13904,0.01,0
17769,0.92,1
19376,1.0,1
10556,0.0,0
12138,1.0,1
19548,0.99,1
11341,0.95,1
17202,0.95,1
18960,1.0,1
19834,0.99,1
17017,0.96,1
13687,1.0,1
17799,0.94,1
12880,0.99,1
16442,1.0,1
17554,0.97,1
18245,0.03,0
18850,0.05,0
10708,0.05,0
19190,0.03,0
19674,0.1,0
10490,1.0,1
13729,0.12,0
14416,0.97,1
13659,0.97,1
10292,0.62,1
13833,0.06,0
11172,1.0,1
13277,0.16,0
15552,1.0,1
12777,0.1,0
19771,0.1,0
11656,0.96,1
15507,0.0,0
12677,0.88,1
18400,0.1,0
10022,0.02,0
14423,1.0,1
19583,0.04,0
10477,1.0,1
17989,0.0,0
19031,0.99,1
17984,0.01,0
12513,0.0,0
12066,0.01,0
10104,1.0,1
18229,0.95,1
19127,0.9,1
14632,1.0,1
17911,0.99,1
14635,1.0,1
10524,1.0,1
15089,0.99,1
16348,1.0,1
15927,0.99,1
15703,0.1,0
18887,0.0,0
14827,0.99,1
10067,1.0,1
17942,0.99,1
18749,1.0,1
13046,0.89,1
14336,0.0,0
13900,0.99,1
16397,0.99,1
16245,0.99,1
11940,1.0,1
12667,0.07,0
11397,0.05,0
12869,0.0,0
10752,0.01,0
18634,1.0,1
18789,0.01,0
14585,0.99,1
14066,0.09,0
17343,0.93,1
15113,0.95,1
12107,0.99,1
12234,0.05,0
18318,1.0,1
19693,0.0,0
19715,0.95,1
17865,0.96,1
16416,0.05,0
12004,0.02,0
16347,0.01,0
18605,1.0,1
13556,0.01,0
10703,1.0,1
18955,0.05,0
15821,1.0,1
10011,0.0,0
17620,0.06,0
12201,0.95,1
12098,1.0,1
15075,1.0,1
12273,0.99,1
18460,0.99,1
10775,0.08,0
10760,0.0,0
17176,0.0,0
15708,0.1,0
15033,1.0,1
16317,0.98,1
18256,0.99,1
16172,0.93,1
12966,0.99,1
14207,1.0,1
11607,0.99,1
14948,0.99,1
19040,0.07,0
17089,0.97,1
10491,0.92,1
11191,0.98,1
14003,0.91,1
11090,1.0,1
14243,0.93,1
11480,0.0,0
15896,0.02,0
13202,0.91,1
16164,0.96,1
16003,0.02,0
19392,1.0,1
17144,0.09,0
15395,0.0,0
12073,0.96,1
16840,0.98,1
15663,0.81,1
10072,0.9,1
18725,1.0,1
16705,0.74,1
16127,0.98,1
15239,0.96,1
11853,0.03,0
12728,0.04,0
16039,0.09,0
19874,0.03,0
19955,0.96,1
17184,1.0,1
14281,0.96,1
13849,0.96,1
17110,0.97,1
10825,0.98,1
10387,0.03,0
15816,1.0,1
10348,0.96,1
13673,0.03,0
16153,0.93,1
12808,0.01,0
16866,1.0,1
17765,0.04,0
18689,0.98,1
10469,0.95,1
11419,0.97,1
18671,1.0,1
14633,0.96,1
10342,0.02,0
17796,0.99,1
11300,0.95,1
18912,0.9,1
16092,1.0,1
12228,1.0,1
11620,0.04,0
15083,0.11,0
19686,0.99,1
12491,0.97,1
18307,0.0,0
13176,0.97,1
17433,1.0,1
19900,0.09,0
11928,0.94,1
17873,1.0,1
10720,0.08,0
12834,1.0,1
15180,0.98,1
17654,0.04,0
16862,0.97,1
14013,0.0,0
13181,1.0,1
18033,0.14,0
11654,0.75,1
10750,0.99,1
10689,1.0,1
18791,1.0,1
12862,0.07,0
18350,0.94,1
17113,0.0,0
13373,0.99,1
13097,0.0,0
11559,1.0,1
11082,0.1,0
15017,0.99,1
13472,0.08,0
19530,0.96,1
11854,0.18,0
14958,0.22,0
15311,0.95,1
16879,1.0,1
14945,1.0,1
14272,1.0,1
17137,0.02,0
19501,0.01,0
17640,0.98,1
15613,0.96,1
19389,0.0,0
18658,0.95,1
19476,0.91,1
19835,0.96,1
15123,0.98,1
12660,0.05,0
19853,0.0,0
15391,0.98,1
12190,0.99,1
13990,0.02,0
11532,0.97,1
10383,0.06,0
12661,0.0,0
15484,1.0,1
10339,0.12,0
16818,0.98,1
12348,0.0,0
17800,0.0,0
11252,0.05,0
11893,1.0,1
14053,0.0,0
13671,1.0,1
10569,1.0,1
18326,0.03,0
13454,0.99,1
18510,0.03,0
18508,1.0,1
10437,0.95,1
11560,1.0,1
18433,0.0,0
10656,0.02,0
10555,0.97,1
14877,0.9,1
18757,0.0,0
18264,1.0,1
12043,0.98,1
16629,1.0,1
15294,0.9,1
18066,1.0,1
18534,0.0,0
17739,1.0,1
16084,0.99,1
14942,0.98,1
10603,0.97,1
16974,0.98,1
10612,0.04,0
19770,0.98,1
12358,1.0,1
14205,0.99,1
17336,0.03,0
14327,0.95,1
14040,0.0,0
17114,0.0,0
12472,0.04,0
11734,0.97,1
19220,1.0,1
18076,0.01,0
15399,1.0,1
14925,0.98,1
10152,0.95,1
19258,0.0,0
14934,1.0,1
18873,0.95,1
15514,1.0,1
14266,1.0,1
15962,0.0,0
16181,0.98,1
12074,0.01,0
10783,0.9,1
14494,0.05,0
13054,0.01,0
10167,0.17,0
13790,0.99,1
17074,0.02,0
18667,0.07,0
13459,1.0,1
19151,0.99,1
16106,0.97,1
15322,0.1,0
15893,0.99,1
12490,1.0,1
15739,1.0,1
18578,0.06,0
10143,1.0,1
15337,0.08,0
11987,0.99,1
19495,0.02,0
16549,0.99,1
12500,1.0,1
19194,0.75,1
14060,0.25,0
13444,0.0,0
13982,0.88,1
16558,0.01,0
12694,0.92,1
16320,0.06,0
14334,0.05,0
10990,0.97,1
13423,0.99,1
19687,0.04,0
11759,0.95,1
12370,1.0,1
11022,0.98,1
19103,0.16,0
17191,0.0,0
10867,0.01,0
13021,0.01,0
19516,0.0,0
19431,0.99,1
17919,0.99,1
15416,1.0,1
17760,1.0,1
11698,0.01,0
18587,0.0,0
16314,0.06,0
17057,0.03,0
10328,0.09,0
11446,0.01,0
15897,0.89,1
15679,0.0,0
10804,0.98,1
18450,0.83,1
13109,0.06,0
15323,1.0,1
15300,0.99,1
11805,1.0,1
16984,1.0,1
12904,0.04,0
18499,1.0,1
18600,1.0,1
18136,0.01,0
14162,0.0,0
16489,1.0,1
16204,0.97,1
18224,1.0,1
10402,0.97,1
15984,0.0,0
13414,0.98,1
11347,0.88,1
17553,0.93,1
12392,0.09,0
11268,0.02,0
14902,0.1,0
11444,1.0,1
15056,0.98,1
11393,0.95,1
10186,0.02,0
18572,0.0,0
15848,0.89,1
12086,1.0,1
18711,1.0,1
10097,0.0,0
19072,0.92,1
12011,0.03,0
12120,1.0,1
19157,0.99,1
17024,0.0,0
19461,0.98,1
18832,0.24,0
10002,0.99,1
14766,1.0,1
11753,0.02,0
10470,0.03,0
17856,0.13,0
14673,0.07,0
11660,0.77,1
13763,1.0,1
13239,1.0,1
17522,0.3,0
13826,0.03,0
11477,0.96,1
10261,0.01,0
13159,0.99,1
14026,1.0,1
18158,1.0,1
19881,0.0,0
11378,0.97,1
16636,1.0,1
13042,0.08,0
15720,0.1,0
19119,0.0,0
17307,1.0,1
11222,0.98,1
17952,0.96,1
18718,0.07,0
10536,0.03,0
16519,0.96,1
12213,1.0,1
16278,1.0,1
14058,0.02,0
18626,0.04,0
10944,0.99,1
16410,0.06,0
14503,0.0,0
10242,0.01,0
15886,1.0,1
11927,0.99,1
17174,0.01,0
12604,0.89,1
10527,0.98,1
13786,0.06,0
15749,0.98,1
11160,1.0,1
18652,0.99,1
17909,0.02,0
16608,0.97,1
12961,0.98,1
12253,0.95,1
12089,0.97,1
16642,0.31,0
16233,0.96,1
16228,1.0,1
14526,0.05,0
14294,1.0,1
16163,1.0,1
12326,0.0,0
18890,1.0,1
19054,1.0,1
17432,0.09,0
16904,1.0,1
19126,1.0,1
11479,0.89,1
14435,0.98,1
16171,1.0,1
13989,0.06,0
16108,1.0,1
16771,0.04,0
19809,1.0,1
14350,0.06,0
17318,0.02,0
10321,0.0,0
16145,0.04,0
18084,0.04,0
15043,0.01,0
14216,0.95,1
16552,0.0,0
11085,1.0,1
18009,1.0,1
17429,0.1,0
13653,0.02,0
11192,0.99,1
13828,0.07,0
10621,1.0,1
12099,1.0,1
14847,0.85,1
17090,0.93,1
18491,0.97,1
12804,0.87,1
15894,1.0,1
11865,0.16,0
17776,0.92,1
16055,1.0,1
12296,0.89,1
11960,0.98,1
15874,0.03,0
18104,0.01,0
10578,0.11,0
19756,0.92,1
15764,0.86,1
11396,0.98,1
18237,0.05,0
16280,1.0,1
12755,0.08,0
11806,0.97,1
12855,1.0,1
19296,1.0,1
13913,1.0,1
14367,0.0,0
10171,0.02,0
12042,1.0,1
14441,0.09,0
11234,1.0,1
15912,0.99,1
18764,1.0,1
19139,0.0,0
15170,0.99,1
17388,0.03,0
19305,0.03,0
19076,1.0,1
13820,1.0,1
18740,0.01,0
15593,0.0,0
12068,0.99,1
11276,0.0,0
18903,0.99,1
19709,0.07,0
13119,0.94,1
14396,0.02,0
12950,0.0,0
19854,1.0,1
11891,0.97,1
10678,0.99,1
13098,0.98,1
16267,1.0,1
17783,1.0,1
16398,0.97,1
19561,1.0,1
18385,0.88,1
16830,0.84,1
17958,1.0,1
11297,0.98,1
17629,1.0,1
14392,0.99,1
15167,0.97,1
14150,0.02,0
19595,1.0,1
13401,1.0,1
12935,0.02,0
12240,0.0,0
13901,1.0,1
15649,0.98,1
18950,0.05,0
13343,0.0,0
16103,0.0,0
10302,0.97,1
10366,0.98,1
19589,0.99,1
14199,1.0,1
16436,1.0,1
16889,0.11,0
11046,1.0,1
12796,0.99,1
15144,0.05,0
16828,0.12,0
13695,0.99,1
17431,0.01,0
10858,0.02,0
14406,0.93,1
13006,0.99,1
11216,1.0,1
15584,1.0,1
18381,0.03,0
13255,0.92,1
14471,1.0,1
15310,0.98,1
10545,1.0,1
15448,0.09,0
14388,1.0,1
18586,0.96,1
13689,0.05,0
14486,0.99,1
12870,0.14,0
14947,0.92,1
17902,0.98,1
11871,0.94,1
15957,0.0,0
19780,0.12,0
15259,0.96,1
13232,0.01,0
16261,0.09,0
15016,0.98,1
19920,1.0,1
16359,0.01,0
17161,0.01,0
17031,0.0,0
14507,0.0,0
19849,0.94,1
15142,0.03,0
11895,0.99,1
11185,0.97,1
13408,0.96,1
13005,1.0,1
11899,0.99,1
10833,1.0,1
16324,0.92,1
15900,0.96,1
10691,0.93,1
19080,1.0,1
16615,0.1,0
16849,0.98,1
16456,1.0,1
13777,0.94,1
11513,1.0,1
16363,1.0,1
17771,0.97,1
19894,0.99,1
19411,0.01,0
13883,0.98,1
11076,0.92,1
19847,0.01,0
17587,0.0,0
12203,0.0,0
16454,1.0,1
16536,0.99,1
12112,0.97,1
14866,0.1,0
18246,0.0,0
16469,0.02,0
19517,1.0,1
19695,0.92,1
17063,1.0,1
12603,0.98,1
11947,0.0,0
14651,0.99,1
17379,0.01,0
13986,0.0,0
10753,1.0,1
17212,0.0,0
11362,0.01,0
17917,1.0,1
12683,0.96,1
15138,0.09,0
13285,0.98,1
11836,0.93,1
19331,0.96,1
10364,0.0,0
15253,0.03,0
12765,1.0,1
11136,0.81,1
13213,0.98,1
16916,0.98,1
17508,0.99,1
13808,0.96,1
16524,0.97,1
11680,0.08,0
14647,0.05,0
13590,0.99,1
12357,0.96,1
19705,0.06,0
18269,0.97,1
11623,0.0,0
16617,0.92,1
16868,0.99,1
18997,0.0,0
14335,0.98,1
14098,1.0,1
13015,0.99,1
14811,1.0,1
19029,0.98,1
14939,0.97,1
16592,0.98,1
12069,1.0,1
14390,0.05,0
10880,0.0,0
18662,1.0,1
16910,0.97,1
19500,0.96,1
15906,0.96,1
13798,0.93,1
14960,0.05,0
10759,0.01,0
13122,0.99,1
16352,0.97,1
12403,1.0,1
17096,0.98,1
12060,1.0,1
19766,0.06,0
14479,0.12,0
19396,1.0,1
12578,0.94,1
11912,0.0,0
16742,0.01,0
19866,0.93,1
11021,0.96,1
11074,0.8,1
15850,1.0,1
15256,0.0,0
10059,0.02,0
15423,0.96,1
19233,1.0,1
12295,0.0,0
18353,0.97,1
18225,1.0,1
15335,0.03,0
18944,1.0,1
17297,0.01,0
12399,0.0,0
17600,0.0,0
16790,0.02,0
17558,0.88,1
13134,0.99,1
11069,1.0,1
12530,0.98,1
11774,0.93,1
11478,0.02,0
11514,0.98,1
16293,0.97,1
16708,1.0,1
13286,0.03,0
14452,1.0,1
13069,1.0,1
15361,0.98,1
15165,1.0,1
19505,1.0,1
16292,1.0,1
18923,0.02,0
19509,0.99,1
14613,0.07,0
19697,0.03,0
13290,0.8,1
11800,0.01,0
18974,1.0,1
17879,0.98,1
18770,0.06,0
12010,1.0,1
12501,0.99,1
19657,1.0,1
17243,0.04,0
12192,0.97,1
10915,0.11,0
14289,0.98,1
13796,0.97,1
13722,0.99,1
11337,1.0,1
17561,0.15,0
14086,0.0,0
15135,0.97,1
16275,0.22,0
16056,0.0,0
17092,0.0,0
17201,0.08,0
18220,0.94,1
15314,0.99,1
12682,0.05,0
15615,1.0,1
12506,0.91,1
11304,0.96,1
14723,0.91,1
13806,0.93,1
11174,0.99,1
11433,0.99,1
11100,0.99,1
19519,0.0,0
11909,0.12,0
17108,0.98,1
13023,0.98,1
19385,0.04,0
19285,0.99,1
19790,0.97,1
11406,0.0,0
16007,0.0,0
16295,0.97,1
19428,0.99,1
18314,0.94,1
19909,0.94,1
12814,0.01,0
10310,1.0,1
15509,1.0,1
14091,0.01,0
10776,0.91,1
14581,0.0,0
15671,0.17,0
10368,0.94,1
10571,0.0,0
14100,0.97,1
14746,0.97,1
18294,1.0,1
17612,0.89,1
14538,0.98,1
11594,0.99,1
12264,0.97,1
19742,0.0,0
18922,1.0,1
11542,0.99,1
19761,0.02,0
18687,0.97,1
19806,1.0,1
19405,0.97,1
14645,0.94,1
19479,0.02,0
15366,0.0,0
11841,0.06,0
18319,0.13,0
16128,1.0,1
15042,0.95,1
15786,0.99,1
19199,0.83,1
10073,1.0,1
17071,0.02,0
14830,0.99,1
18483,0.99,1
15091,0.1,0
14859,0.02,0
17864,0.99,1
16234,0.98,1
12836,1.0,1
14270,0.09,0
16162,0.94,1
16953,0.98,1
15831,1.0,1
19485,0.01,0
13737,0.06,0
18979,0.9,1
16949,0.97,1
12512,1.0,1
17055,0.03,0
17284,1.0,1
17272,0.03,0
11781,1.0,1
16448,0.98,1
11776,0.99,1
11535,0.99,1
14935,0.32,0
13106,0.02,0
13766,0.92,1
13335,1.0,1
13597,1.0,1
14961,0.03,0
13331,0.98,1
18095,0.06,0
18612,0.0,0
14913,0.94,1
17773,1.0,1
16000,1.0,1
14395,0.0,0
14468,0.99,1
15996,0.01,0
15390,0.99,1
14363,0.91,1
13963,0.14,0
14257,0.96,1
11785,0.98,1
19042,0.02,0
17206,0.89,1
11030,0.04,0
10520,1.0,1
19313,0.98,1
12447,0.97,1
17211,1.0,1
15320,0.0,0
11915,1.0,1
18632,0.01,0
10239,1.0,1
17556,0.98,1
11610,0.18,0
19899,1.0,1
17020,0.98,1
19067,0.01,0
10396,0.01,0
14191,0.99,1
18083,1.0,1
15936,1.0,1
15882,0.01,0
11984,0.08,0
11937,0.21,0
13365,0.99,1
19045,1.0,1
12619,0.05,0
16649,0.99,1
11034,0.01,0
14181,0.0,0
17687,0.92,1
19946,0.03,0
14389,0.13,0
15049,0.12,0
10605,0.04,0
18522,0.93,1
14978,0.97,1
13269,0.98,1
12805,0.1,0
11432,0.0,0
17998,0.98,1
12710,0.0,0
13651,0.05,0
17384,0.9,1
19469,0.05,0
14903,1.0,1
14209,1.0,1
12366,0.96,1
11322,0.0,0
16168,0.98,1
12577,0.01,0
15044,0.03,0
19271,0.97,1
15684,0.05,0
16915,0.01,0
15274,0.99,1
12642,0.92,1
19840,1.0,1
16689,0.92,1
18774,0.0,0
14727,1.0,1
13755,1.0,1
15667,0.98,1
17357,0.09,0
18735,0.96,1
18533,0.98,1
13433,0.03,0
17688,1.0,1
19442,1.0,1
12684,0.96,1
13381,0.99,1
15711,0.05,0
17326,0.02,0
14319,0.03,0
14074,0.95,1
19203,0.93,1
16253,1.0,1
18812,0.93,1
17091,0.07,0
13933,0.07,0
11743,0.01,0
18734,1.0,1
10203,0.01,0
17457,1.0,1
11878,0.02,0
18715,0.95,1
16186,1.0,1
19440,0.04,0
16259,0.99,1
18924,0.02,0
11924,0.0,0
19274,0.99,1
12842,1.0,1
14384,1.0,1
18335,0.09,0
11925,0.98,1
18861,0.98,1
14210,0.08,0
16466,0.99,1
18761,0.96,1
10028,0.98,1
18047,1.0,1
18516,0.32,0
15206,0.07,0
17913,1.0,1
17276,0.99,1
13569,0.87,1
17255,1.0,1
15321,1.0,1
17897,0.0,0
13432,0.05,0
17878,0.99,1
18259,0.0,0
16493,0.99,1
12177,0.94,1
14622,1.0,1
12522,0.96,1
15570,0.94,1
19634,0.0,0
13880,0.08,0
14603,0.0,0
13552,0.96,1
19888,1.0,1
19685,0.97,1
11224,0.99,1
12445,0.05,0
17605,0.01,0
12564,0.96,1
13313,1.0,1
19944,0.24,0
15792,0.01,0
19415,0.87,1
17036,1.0,1
13068,0.95,1
11627,1.0,1
11265,0.95,1
13970,0.15,0
11965,0.97,1
18332,0.72,1
10878,1.0,1
19317,1.0,1
19833,0.97,1
15736,0.99,1
13479,0.08,0
14110,0.91,1
10482,0.96,1
19773,0.96,1
19170,1.0,1
17890,0.99,1
17314,1.0,1
19114,0.98,1
16521,1.0,1
12553,0.99,1
19266,0.13,0
19587,0.98,1
14954,1.0,1
16648,0.99,1
13130,0.03,0
14143,0.01,0
12919,0.02,0
14042,0.98,1
19758,1.0,1
14996,0.89,1
19652,0.99,1
19722,0.0,0
17398,0.0,0
19061,0.91,1
18360,0.06,0
11810,0.92,1
16318,1.0,1
10205,0.97,1
13510,0.98,1
11163,0.0,0
16775,0.92,1
10087,0.01,0
15966,0.27,0
18417,0.34,0
12208,0.05,0
13047,0.04,0
17748,1.0,1
14718,0.95,1
15910,0.08,0
18263,1.0,1
18683,1.0,1
13981,1.0,1
18985,1.0,1
13976,1.0,1
17680,1.0,1
19051,0.96,1
11000,0.96,1
13173,0.03,0
19173,1.0,1
15185,0.22,0
10996,1.0,1
12402,0.02,0
19599,0.98,1
18952,0.0,0
11045,0.94,1
13822,0.12,0
12008,1.0,1
15289,0.97,1
18666,0.82,1
14660,1.0,1
18709,0.95,1
13467,1.0,1
17215,0.01,0
18745,1.0,1
14482,0.96,1
17493,0.99,1
14619,1.0,1
10592,0.95,1
18865,0.02,0
12226,0.99,1
10519,0.02,0
17871,0.98,1
15685,0.01,0
14692,0.05,0
13105,0.08,0
18325,0.98,1
14063,0.98,1
16604,0.02,0
15983,0.03,0
11651,1.0,1
16057,0.1,0
11817,1.0,1
14852,0.95,1
16899,1.0,1
12635,1.0,1
11328,0.98,1
14736,0.0,0
11054,0.01,0
10044,0.16,0
10008,0.73,1
17907,0.1,0
15591,0.96,1
10472,1.0,1
12323,0.0,0
18092,0.01,0
17644,0.96,1
14405,0.02,0
10465,0.02,0
14564,0.94,1
11692,1.0,1
12231,0.07,0
17580,0.91,1
19954,0.01,0
18258,0.97,1
11349,0.2,0
12481,0.98,1
15529,0.09,0
12150,0.02,0
12097,0.98,1
16189,0.76,1
15092,0.97,1
16468,0.99,1
18467,1.0,1
17234,1.0,1
16206,0.58,1
18537,0.08,0
14226,0.99,1
14137,0.88,1
10850,0.95,1
11822,0.87,1
10418,0.82,1
13719,0.02,0
18685,0.98,1
18803,0.99,1
14174,0.93,1
11923,0.02,0
19338,0.02,0
19639,1.0,1
15490,0.96,1
13762,0.02,0
12103,0.08,0
18825,0.98,1
14156,0.3,0
12233,0.94,1
19456,0.0,0
19631,0.0,0
16302,0.0,0
14932,1.0,1
10030,0.0,0
11824,1.0,1
16921,0.96,1
13698,1.0,1
18419,1.0,1
13685,1.0,1
13345,0.0,0
15969,0.1,0
17994,1.0,1
18680,1.0,1
19083,0.97,1
18793,1.0,1
16512,0.92,1
13281,0.01,0
16390,0.97,1
12948,0.02,0
13168,0.88,1
18290,1.0,1
17005,0.0,0
12413,0.95,1
16309,0.0,0
12246,0.99,1
17585,0.0,0
14607,0.92,1
10448,0.99,1
15773,0.01,0
15994,0.98,1
16965,1.0,1
10015,1.0,1
14394,0.98,1
18513,1.0,1
15664,0.93,1
15505,0.01,0
13795,1.0,1
16227,0.03,0
18171,1.0,1
19575,0.98,1
12343,0.16,0
10287,0.94,1
13844,0.0,0
14219,0.99,1
12313,0.01,0
15751,0.98,1
17271,0.9,1
14020,0.97,1
12053,0.99,1
18552,0.01,0
16661,0.99,1
15005,0.99,1
14447,0.0,0
19436,0.01,0
10166,0.97,1
18517,0.98,1
16392,0.05,0
11340,0.02,0
17044,0.02,0
11139,0.01,0
16303,0.93,1
17754,1.0,1
19537,0.99,1
12189,1.0,1
13974,0.16,0
15229,0.03,0
10300,0.87,1
19803,0.07,0
16542,0.03,0
11616,1.0,1
15328,0.97,1
18942,0.87,1
15660,0.72,1
13082,0.03,0
13143,1.0,1
16067,0.13,0
11428,0.92,1
15244,1.0,1
15625,0.04,0
14149,0.97,1
10847,0.97,1
13035,0.02,0
19481,1.0,1
10032,0.95,1
18699,0.05,0
10812,0.15,0
19098,0.97,1
11485,0.97,1
13460,0.9,1
15856,0.99,1
12145,0.0,0
19526,0.09,0
16453,1.0,1
13192,0.03,0
18617,0.96,1
17811,1.0,1
10331,1.0,1
13511,0.17,0
19700,0.98,1
15612,0.0,0
16875,1.0,1
11199,0.12,0
15208,0.89,1
14424,0.04,0
13952,0.02,0
11089,0.97,1
19022,0.02,0
12516,1.0,1
18196,1.0,1
13725,1.0,1
14041,0.96,1
17924,0.95,1
12460,0.86,1
10550,0.02,0
19231,0.96,1
15582,0.93,1
12301,1.0,1
14361,0.11,0
13096,0.13,0
18511,1.0,1
18093,0.0,0
10919,0.95,1
15161,0.01,0
18908,0.08,0
12602,0.06,0
13634,0.03,0
15098,0.12,0
14631,0.03,0
19802,0.98,1
14171,0.97,1
11889,0.97,1
18879,1.0,1
15806,0.04,0
14862,0.89,1
16121,0.95,1
18214,1.0,1
11205,1.0,1
16525,0.98,1
12674,0.04,0
15626,1.0,1
17358,0.99,1
16632,0.04,0
13248,0.97,1
19591,0.85,1
14391,1.0,1
16074,0.16,0
18529,1.0,1
10811,1.0,1
16786,1.0,1
19953,0.0,0
11369,0.06,0
11521,0.0,0
19677,1.0,1
11206,0.97,1
17239,0.11,0
12333,0.0,0
14035,0.95,1
13850,0.01,0
14227,0.19,0
10860,0.0,0
12034,1.0,1
11316,0.99,1
17123,0.98,1
14720,0.02,0
17639,0.06,0
14785,0.01,0
10056,0.05,0
11367,1.0,1
17294,0.94,1
13925,0.98,1
17505,0.04,0
12507,1.0,1
17200,0.05,0
15876,0.01,0
17459,0.02,0
11574,1.0,1
14889,0.03,0
10309,0.85,1
16508,0.03,0
10580,0.81,1
11706,0.09,0
17277,1.0,1
16652,0.03,0
15108,0.2,0
18730,1.0,1
12995,0.06,0
17179,0.9,1
15131,0.19,0
15901,1.0,1
10697,0.06,0
16478,0.99,1
16956,0.05,0
16333,0.99,1
18549,0.02,0
17064,1.0,1
15804,1.0,1
10958,0.01,0
15915,0.98,1
17007,1.0,1
15270,1.0,1
16072,0.0,0
10354,0.96,1
14828,1.0,1
14799,0.98,1
19606,1.0,1
16759,0.93,1
18763,0.97,1
18677,1.0,1
17282,1.0,1
13247,0.89,1
10502,0.96,1
19326,0.09,0
19661,0.02,0
11008,0.0,0
17153,0.94,1
12172,0.4,0
15384,0.91,1
14465,0.11,0
19614,0.97,1
11319,0.02,0
14590,1.0,1
14430,1.0,1
11476,1.0,1
16933,0.96,1
15318,0.99,1
18039,0.05,0
19094,0.89,1
15832,0.97,1
14164,0.95,1
18096,1.0,1
11614,0.0,0
15269,0.99,1
10426,0.98,1
17747,0.0,0
18806,0.18,0
18392,1.0,1
18560,0.99,1
10144,0.99,1
13821,0.06,0
17725,0.22,0
14346,1.0,1
18497,1.0,1
14789,0.01,0
17662,0.97,1
19880,0.03,0
14682,1.0,1
15370,0.0,0
12310,0.0,0
12113,1.0,1
10835,0.84,1
10594,1.0,1
17733,1.0,1
15009,0.94,1
12132,0.03,0
10766,0.16,0
19223,1.0,1
10147,0.91,1
10395,0.97,1
17702,1.0,1
13809,0.95,1
18238,1.0,1
17722,1.0,1
13495,0.1,0
12185,1.0,1
13337,1.0,1
12160,0.98,1
16733,0.19,0
17486,1.0,1
15713,0.0,0
13411,0.08,0
19001,0.92,1
13498,1.0,1
12072,1.0,1
11368,0.97,1
12365,0.99,1
17710,0.9,1
19844,0.88,1
13513,0.96,1
16365,0.11,0
13502,0.91,1
14575,0.98,1
13142,0.0,0
16042,0.99,1
11248,0.98,1
10075,0.95,1
15861,0.96,1
17335,0.14,0
12397,0.01,0
18306,0.99,1
10987,0.93,1
18348,0.02,0
14844,0.0,0
15960,1.0,1
18415,0.0,0
15599,0.99,1
15762,0.98,1
17700,0.03,0
14132,1.0,1
11762,1.0,1
14264,0.93,1
14213,0.01,0
14044,1.0,1
10531,0.86,1
19622,0.01,0
15125,0.98,1
13955,0.99,1
17815,0.94,1
15064,0.95,1
15721,0.98,1
10224,1.0,1
17908,0.99,1
19732,0.96,1
11780,0.98,1
11026,0.96,1
16569,0.21,0
13779,1.0,1
18274,0.95,1
18772,0.97,1
12717,0.0,0
16207,1.0,1
18703,0.97,1
16994,1.0,1
13483,1.0,1
14654,1.0,1
13403,0.31,0
16254,1.0,1
15726,0.04,0
16795,0.95,1
13870,0.99,1
15742,0.0,0
15801,0.98,1
11379,1.0,1
17399,0.97,1
11552,1.0,1
13137,0.07,0
18504,0.01,0
11632,0.03,0
14261,0.96,1
14454,1.0,1
16505,0.96,1
13811,0.98,1
15467,0.95,1
18925,1.0,1
15924,1.0,1
10129,1.0,1
11010,0.98,1
11291,0.0,0
15343,1.0,1
10202,1.0,1
13696,0.88,1
17441,1.0,1
19856,0.98,1
15518,0.23,0
15914,0.11,0
10955,0.01,0
14021,0.02,0
12362,0.99,1
18150,0.98,1
14690,0.0,0
18395,0.02,0
18022,0.17,0
10983,0.02,0
13697,1.0,1
16143,0.99,1
16077,1.0,1
12381,1.0,1
12487,1.0,1
16471,1.0,1
13207,0.98,1
15959,0.93,1
13090,0.99,1
16167,0.04,0
11188,0.72,1
16426,0.01,0
16439,0.02,0
14448,0.07,0
17500,0.98,1
13920,1.0,1
11596,1.0,1
14093,0.02,0
18235,0.99,1
19927,1.0,1
16246,0.05,0
13348,0.05,0
19538,1.0,1
15169,0.99,1
11274,0.09,0
10575,1.0,1
10145,1.0,1
16273,1.0,1
18062,0.0,0
16144,0.97,1
12621,0.96,1
14915,0.99,1
15995,0.98,1
19656,0.1,0
14972,0.98,1
12771,0.99,1
14890,0.99,1
17323,0.95,1
17506,1.0,1
10989,0.22,0
19433,0.04,0
14481,0.99,1
17978,1.0,1
13851,1.0,1
16223,0.03,0
16685,0.06,0
13566,1.0,1
16504,0.0,0
13888,0.24,0
13297,0.98,1
14404,1.0,1
13462,0.93,1
14910,0.97,1
14138,1.0,1
18698,0.94,1
17957,0.98,1
18786,0.0,0
18029,0.99,1
14795,0.97,1
10726,0.96,1
16064,1.0,1
12052,0.04,0
15784,0.93,1
14312,0.13,0
12147,1.0,1
12697,0.99,1
12483,0.96,1
11371,0.88,1
11567,1.0,1
17417,0.08,0
19967,0.97,1
11517,0.1,0
16845,0.08,0
15863,0.0,0
13628,0.0,0
13309,0.01,0
13732,0.87,1
11038,0.02,0
12438,0.94,1
13000,0.98,1
11511,0.99,1
10412,1.0,1
19982,0.9,1
17775,0.11,0
13260,1.0,1
15393,0.03,0
11318,0.04,0
17572,0.01,0
13070,0.92,1
16646,0.01,0
14672,0.06,0
17988,0.98,1
14855,0.93,1
14891,1.0,1
18218,0.02,0
13393,0.02,0
15223,0.98,1
17674,0.99,1
10506,1.0,1
11561,0.05,0
17539,0.04,0
16611,0.96,1
17617,0.98,1
16405,1.0,1
18811,1.0,1
11121,0.04,0
19825,0.01,0
14683,0.07,0
14708,1.0,1
17283,1.0,1
16570,0.98,1
13942,0.0,0
12738,0.99,1
15632,0.97,1
18541,0.99,1
14982,0.0,0
19924,0.2,0
14879,1.0,1
12518,0.97,1
17190,0.06,0
12549,0.92,1
18862,0.99,1
16554,0.05,0
10409,0.98,1
13392,0.04,0
18357,0.98,1
12292,0.99,1
12337,0.96,1
17823,0.11,0
16069,0.98,1
15819,0.06,0
15282,0.99,1
13771,1.0,1
17236,1.0,1
15964,0.98,1
15851,0.99,1
17471,1.0,1
15062,0.08,0
12861,0.0,0
12364,1.0,1
14625,0.0,0
17322,0.99,1
16065,0.74,1
14124,0.04,0
10275,1.0,1
17999,1.0,1
16277,1.0,1
17814,0.0,0
16399,0.92,1
13383,0.0,0
16734,0.02,0
19284,0.97,1
13705,0.01,0
10586,0.0,0
10838,0.02,0
14807,1.0,1
14400,0.02,0
12616,0.02,0
15347,0.96,1
17244,0.01,0
11554,0.0,0
10817,0.97,1
10303,0.01,0
12620,0.04,0
18142,0.0,0
12486,0.0,0
10567,0.03,0
11064,0.03,0
12820,1.0,1
10953,0.98,1
10160,1.0,1
10924,0.02,0
17019,0.99,1
19471,0.06,0
19876,0.06,0
17900,0.98,1
11840,0.88,1
12057,0.06,0
18682,0.0,0
13714,0.98,1
14926,1.0,1
10386,0.98,1
12284,0.96,1
11825,0.04,0
15485,0.05,0
14420,0.06,0
11589,0.97,1
12872,0.07,0
13349,0.08,0
15401,0.02,0
14090,1.0,1
15889,0.0,0
19800,1.0,1
19980,1.0,1
13161,1.0,1
10964,0.03,0
10353,0.96,1
18991,1.0,1
16587,0.91,1
18194,1.0,1
19014,0.0,0
10069,0.09,0
18596,0.99,1
18117,0.95,1
17195,0.91,1
11162,1.0,1
10219,1.0,1
14274,1.0,1
11201,1.0,1
16073,0.97,1
12916,0.98,1
11757,0.0,0
13487,0.91,1
16703,0.9,1
12720,0.01,0
12242,0.0,0
16025,0.05,0
15594,1.0,1
13750,0.88,1
19207,0.96,1
10539,0.88,1
11331,0.73,1
12304,0.13,0
11613,0.93,1
11489,1.0,1
11745,0.8,1
19406,0.99,1
19889,0.0,0
11394,0.98,1
15406,0.9,1
13646,0.01,0
15963,0.09,0
13801,1.0,1
19240,0.13,0
12813,0.96,1
12670,1.0,1
19110,0.13,0
17845,0.03,0
15214,0.94,1
13249,0.98,1
16864,0.04,0
10574,0.05,0
17749,0.96,1
18889,0.8,1
15508,0.98,1
11557,0.98,1
17266,0.01,0
12599,1.0,1
15168,1.0,1
14158,1.0,1
12188,0.2,0
14023,1.0,1
18454,1.0,1
18475,1.0,1
10259,0.0,0
12665,1.0,1
19136,1.0,1
13234,0.04,0
18918,0.01,0
17015,0.04,0
19048,0.1,0
15249,0.0,0
15443,0.94,1
18248,0.0,0
13615,0.01,0
19265,0.97,1
12215,1.0,1
15458,1.0,1
12936,0.01,0
10889,0.88,1
12955,0.0,0
11688,0.01,0
11820,0.06,0
13704,0.02,0
11973,0.99,1
18114,0.94,1
18188,0.08,0
18907,0.01,0
15153,0.1,0
17872,0.06,0
19066,0.0,0
14714,0.06,0
18316,0.99,1
19244,0.09,0
19316,0.0,0
10981,0.08,0
17833,0.91,1
15504,0.93,1
17262,0.95,1
17224,0.02,0
18368,0.88,1
10582,0.9,1
15291,0.08,0
12877,0.98,1
17136,0.05,0
19192,0.08,0
15976,0.96,1
11862,0.96,1
15447,0.97,1
13576,1.0,1
19729,1.0,1
14506,1.0,1
14772,1.0,1
10298,0.93,1
10926,0.03,0
11591,1.0,1
17766,0.97,1
17491,0.99,1
11308,0.95,1
17038,1.0,1
14768,0.99,1
11673,0.97,1
12230,1.0,1
19478,0.0,0
10294,0.99,1
16346,0.0,0
14223,0.06,0
12580,0.05,0
17576,0.0,0
16344,1.0,1
18315,1.0,1
10693,1.0,1
10687,1.0,1
10818,0.07,0
10217,0.97,1
17935,0.99,1
13890,0.98,1
10323,0.99,1
16105,0.97,1
10479,0.01,0
15379,1.0,1
15701,0.97,1
11890,1.0,1
15763,1.0,1
10813,1.0,1
17434,0.96,1
14347,0.97,1
16222,0.0,0
13057,1.0,1
12376,1.0,1
14070,0.98,1
12033,0.03,0
10968,1.0,1
19374,0.02,0
10973,0.01,0
16332,1.0,1
12705,0.01,0
16300,1.0,1
17861,0.95,1
13375,0.92,1
19082,0.77,1
15602,0.96,1
12952,0.91,1
18702,1.0,1
10123,0.02,0
17217,0.0,0
19787,0.88,1
12101,0.99,1
10870,0.97,1
16791,0.1,0
11999,1.0,1
13591,0.96,1
11157,1.0,1
13157,0.98,1
14429,0.95,1
15689,1.0,1
16481,0.99,1
11576,0.91,1
19672,1.0,1
18254,1.0,1
10473,1.0,1
14998,0.27,0
13584,1.0,1
12933,0.95,1
15426,0.12,0
18752,0.06,0
13389,0.01,0
12181,0.07,0
14744,0.05,0
19420,0.93,1
17126,0.9,1
15489,0.01,0
11150,0.07,0
11161,0.0,0
18001,0.06,0
10257,0.0,0
10794,0.99,1
14874,0.01,0
16198,0.09,0
13856,0.01,0
10558,0.12,0
12900,0.99,1
13221,0.92,1
10262,1.0,1
13741,0.99,1
16763,1.0,1
18820,0.98,1
17228,0.0,0
14306,0.95,1
14305,1.0,1
15245,0.04,0
18801,1.0,1
16823,0.03,0
10210,1.0,1
13799,0.96,1
13540,0.14,0
10154,0.02,0
11148,0.01,0
11968,0.89,1
18154,0.99,1
12434,0.0,0
10598,0.99,1
13138,0.98,1
16028,0.87,1
14777,1.0,1
19268,0.99,1
11566,0.99,1
16247,0.11,0
17404,0.01,0
16449,0.98,1
19179,1.0,1
17305,1.0,1
18418,0.99,1
19430,1.0,1
12244,0.99,1
11361,0.01,0
13305,0.98,1
12325,0.99,1
18041,0.0,0
11481,0.0,0
11834,1.0,1
13662,1.0,1
17695,1.0,1
15124,0.97,1
14188,0.99,1
17472,0.97,1
17655,1.0,1
18886,0.96,1
15242,0.94,1
19532,0.99,1
15835,0.01,0
11187,0.95,1
11908,1.0,1
14089,0.02,0
12478,0.95,1
18209,0.01,0
19605,0.99,1
16848,1.0,1
11487,1.0,1
11677,0.01,0
12354,0.96,1
18849,0.99,1
11572,0.0,0
15516,1.0,1
14496,0.0,0
10619,0.12,0
16224,1.0,1
16881,0.01,0
12848,1.0,1
10868,0.97,1
12508,1.0,1
14983,0.96,1
14696,0.02,0
18040,1.0,1
14419,1.0,1
17004,0.99,1
18650,1.0,1
17707,0.0,0
10791,0.99,1
17786,0.96,1
17451,0.05,0
13823,0.0,0
17516,0.0,0
17830,0.98,1
19577,0.87,1
12809,0.92,1
15051,0.91,1
13519,0.98,1
18926,0.96,1
13959,0.05,0
17345,0.95,1
12134,0.0,0
15053,0.01,0
19950,0.98,1
12280,0.97,1
10660,0.99,1
12431,0.92,1
13752,0.97,1
19520,0.09,0
12592,0.97,1
16316,0.93,1
10643,1.0,1
10169,0.91,1
11801,0.86,1
13395,0.99,1
11918,0.01,0
10273,0.09,0
19805,0.98,1
10495,1.0,1
16789,1.0,1
11913,0.0,0
13647,0.1,0
18231,0.27,0
10307,0.59,1
14103,1.0,1
10782,0.05,0
15287,0.99,1
10535,0.19,0
10584,0.98,1
11301,0.71,1
17061,1.0,1
17496,0.0,0
18242,1.0,1
10317,0.97,1
16511,0.92,1
12565,0.05,0
11795,0.96,1
16678,0.09,0
19650,0.04,0
18464,1.0,1
10549,1.0,1
11693,1.0,1
13526,0.97,1
13013,0.05,0
11631,0.97,1
12391,0.99,1
14695,1.0,1
19087,0.0,0
17705,0.37,0
14488,0.1,0
11260,0.87,1
18023,0.91,1
10810,0.02,0
16389,1.0,1
11050,1.0,1
17391,1.0,1
10108,0.89,1
16250,1.0,1
18866,1.0,1
16787,0.01,0
19459,0.0,0
14606,0.05,0
19282,0.03,0
15456,1.0,1
11533,0.95,1
14963,0.97,1
10212,0.14,0
13148,0.95,1
15157,1.0,1
12151,1.0,1
16996,0.98,1
11974,0.99,1
14686,1.0,1
18183,0.95,1
17608,0.97,1
18839,0.82,1
10772,0.95,1
17503,1.0,1
18896,0.98,1
11250,1.0,1
17891,1.0,1
17254,0.16,0
19454,1.0,1
16574,0.95,1
16820,0.98,1
10710,0.09,0
12673,0.98,1
14515,0.02,0
11462,0.96,1
12546,1.0,1
17742,0.08,0
17218,0.99,1
18423,0.03,0
11357,0.88,1
13012,1.0,1
10852,1.0,1
11005,0.01,0
11835,1.0,1
17904,0.98,1
19775,1.0,1
17743,0.05,0
11317,0.03,0
13328,1.0,1
11624,0.14,0
13834,1.0,1
15745,0.04,0
11279,1.0,1
19246,1.0,1
14146,0.89,1
18668,1.0,1
13147,1.0,1
15643,0.99,1
18528,1.0,1
17140,1.0,1
12618,1.0,1
13663,0.92,1
10089,0.98,1
10875,0.01,0
18736,0.9,1
13001,1.0,1
12761,0.02,0
11881,0.96,1
10107,0.99,1
10927,0.94,1
16366,0.96,1
10320,0.92,1
10879,0.98,1
16774,1.0,1
13995,0.91,1
14922,1.0,1
15387,0.98,1
13079,0.68,1
14731,1.0,1
14235,0.99,1
14260,0.01,0
13727,0.07,0
19852,0.99,1
19238,1.0,1
11751,1.0,1
17692,1.0,1
15152,1.0,1
13879,0.98,1
15865,0.97,1
15601,0.91,1
11044,0.0,0
13011,1.0,1
15156,0.08,0
16778,0.02,0
17787,1.0,1
14591,0.9,1
14752,0.95,1
12965,0.99,1
18834,0.0,0
10138,0.04,0
19073,1.0,1
11098,1.0,1
19653,1.0,1
16550,0.02,0
16472,0.37,0
16462,0.99,1
15266,0.01,0
12136,1.0,1
15459,0.0,0
15079,0.94,1
13368,0.99,1
13730,0.93,1
10149,0.19,0
10304,0.08,0
15114,0.01,0
15149,0.92,1
11271,0.97,1
11905,0.01,0
12211,0.01,0
14295,0.99,1
13843,1.0,1
13575,0.78,1
12876,1.0,1
15041,0.01,0
12299,0.9,1
18676,0.03,0
18156,1.0,1
15279,0.96,1
15436,0.05,0
15128,0.12,0
18984,0.04,0
16529,0.0,0
16895,1.0,1
11202,0.98,1
19975,1.0,1
13430,0.91,1
11866,0.97,1
19837,0.99,1
15576,1.0,1
17058,0.21,0
15717,1.0,1
14999,0.93,1
12810,0.13,0
18878,0.0,0
14256,0.98,1
17529,0.03,0
18753,0.99,1
12891,0.03,0
13501,1.0,1
19872,0.02,0
13380,0.96,1
13194,0.0,0
11447,0.98,1
11953,0.91,1
17125,0.97,1
19115,0.05,0
11625,0.85,1
18503,0.03,0
16950,0.0,0
11320,0.98,1
13532,0.02,0
11664,0.98,1
10816,0.03,0
14776,0.03,0
19616,0.0,0
11094,1.0,1
14177,0.97,1
11951,0.0,0
13885,0.98,1
19524,0.97,1
19707,1.0,1
12801,0.97,1
11240,1.0,1
10330,0.0,0
13103,0.97,1
18435,0.97,1
12543,0.99,1
14738,0.94,1
14793,0.98,1
16647,0.0,0
12819,1.0,1
10754,0.97,1
14532,0.03,0
11564,0.97,1
11935,1.0,1
17208,0.98,1
19795,1.0,1
13494,0.95,1
17713,0.07,0
11857,0.0,0
14698,1.0,1
13564,0.99,1
11014,0.99,1
16109,1.0,1
15483,0.97,1
10467,0.92,1
14029,0.95,1
10175,0.97,1
14881,1.0,1
10278,0.98,1
11070,0.0,0
19217,0.99,1
15562,0.9,1
16867,0.97,1
15037,0.01,0
16804,0.93,1
19546,1.0,1
15546,0.0,0
15003,1.0,1
11714,0.0,0
17641,0.07,0
12612,1.0,1
17394,0.98,1
10389,0.95,1
18021,0.99,1
13496,1.0,1
14977,0.0,0
13543,1.0,1
17289,0.91,1
17311,0.32,0
10051,0.01,0
16588,0.01,0
14230,0.99,1
10483,0.01,0
12252,0.97,1
14163,0.92,1
19814,1.0,1
15093,1.0,1
13104,0.02,0
12930,1.0,1
16777,1.0,1
14970,0.99,1
10065,0.97,1
19740,0.03,0
17574,0.0,0
18969,1.0,1
14588,0.01,0
16403,0.03,0
16210,0.98,1
14617,1.0,1
13333,1.0,1
17588,0.05,0
12816,0.91,1
13965,0.0,0
17607,1.0,1
15382,0.98,1
15940,0.96,1
18917,0.98,1
13242,0.07,0
12794,0.04,0
15734,0.93,1
12525,0.25,0
11736,0.14,0
17961,0.95,1
13125,1.0,1
14941,0.97,1
17976,0.0,0
10274,1.0,1
19779,0.99,1
17022,0.04,0
19574,0.99,1
16556,0.15,0
15579,0.01,0
15497,0.0,0
11453,1.0,1
12693,0.98,1
12768,1.0,1
18411,0.97,1
10240,1.0,1
11132,0.0,0
17894,1.0,1
13265,1.0,1
15350,0.0,0
15765,1.0,1
11384,0.91,1
13075,1.0,1
14861,0.98,1
11358,0.99,1
14872,1.0,1
12631,0.99,1
10625,0.0,0
10840,1.0,1
14724,0.97,1
17664,0.97,1
10324,0.98,1
11868,0.0,0
15257,0.97,1
12827,0.95,1
15173,0.93,1
17084,0.97,1
13928,0.94,1
18630,1.0,1
10120,0.11,0
19692,0.99,1
19539,1.0,1
12378,0.03,0
15911,0.99,1
17510,1.0,1
19219,0.93,1
13302,0.04,0
17525,0.99,1
14173,0.0,0
19093,0.95,1
17880,0.07,0
19397,0.04,0
19986,0.99,1
15038,1.0,1
16722,0.27,0
14051,0.99,1
16964,0.13,0
10553,0.99,1
10407,0.96,1
16214,1.0,1
13135,0.05,0
13299,0.01,0
17480,0.02,0
12350,0.0,0
15843,0.01,0
17666,0.05,0
10237,0.99,1
15782,1.0,1
16083,0.02,0
16080,0.05,0
17898,0.99,1
13164,0.97,1
10500,0.01,0
14919,1.0,1
13626,0.01,0
13128,1.0,1
18987,0.99,1
13359,0.35,0
19183,0.99,1
17079,0.98,1
18583,1.0,1
14840,0.95,1
11218,1.0,1
10236,1.0,1
10332,1.0,1
14577,1.0,1
13189,1.0,1
17777,1.0,1
10045,0.86,1
17926,0.08,0
14217,0.17,0
13073,0.01,0
17912,0.96,1
15023,0.98,1
16660,0.99,1
11595,0.07,0
18416,1.0,1
14710,1.0,1
12892,0.95,1
11246,0.04,0
17770,1.0,1
11541,0.03,0
14626,0.99,1
10819,1.0,1
10156,0.92,1
17511,1.0,1
16745,1.0,1
18636,1.0,1
10249,0.05,0
14015,0.0,0
17610,0.99,1
15227,1.0,1
18175,0.99,1
18986,1.0,1
18120,0.28,0
13190,0.97,1
12650,0.99,1
10629,0.96,1
11231,0.99,1
12340,0.0,0
17708,0.02,0
16831,1.0,1
17369,0.0,0
11452,0.03,0
11829,0.01,0
19019,0.22,0
11640,0.02,0
13865,0.91,1
17938,1.0,1
13421,0.01,0
13768,0.95,1
18728,1.0,1
15907,1.0,1
18347,0.97,1
15597,0.98,1
13150,0.2,0
19504,1.0,1
18515,1.0,1
15807,0.92,1
14111,0.98,1
11799,0.03,0
18275,0.05,0
11989,0.03,0
11575,0.1,0
12724,0.97,1
12059,0.02,0
19367,0.05,0
14510,1.0,1
14262,1.0,1
19593,0.26,0
16252,0.03,0
10615,0.92,1
13094,0.03,0
13451,1.0,1
11015,1.0,1
11717,0.0,0
13906,0.0,0
17501,0.01,0
13419,0.06,0
14652,0.96,1
13101,0.03,0
16465,1.0,1
19848,0.84,1
11212,0.0,0
19828,0.99,1
18827,1.0,1
19248,0.01,0
18989,0.81,1
17087,0.98,1
15188,0.1,0
14271,0.02,0
12815,0.99,1
11081,0.0,0
11608,0.9,1
18337,0.97,1
14242,0.97,1
10091,0.97,1
17847,0.01,0
17931,1.0,1
10683,1.0,1
18042,0.0,0
18286,0.99,1
19027,0.98,1
16053,1.0,1
16006,1.0,1
15132,0.03,0
11401,0.98,1
17256,0.94,1
12263,1.0,1
13246,0.02,0
19191,0.0,0
10854,0.99,1
19335,1.0,1
17844,1.0,1
12275,1.0,1
17041,1.0,1
17563,0.98,1
14498,1.0,1
17573,0.0,0
11104,0.0,0
10085,0.1,0
15953,0.01,0
14211,0.13,0
16815,0.06,0
15682,0.03,0
11568,0.99,1
17034,0.04,0
15598,0.07,0
11661,0.99,1
13765,0.99,1
13585,1.0,1
16952,1.0,1
12875,1.0,1
12885,0.09,0
13008,0.97,1
11827,1.0,1
15930,0.98,1
12641,0.03,0
15702,0.02,0
18536,0.0,0
16438,0.98,1
16323,0.0,0
12708,0.01,0
16159,0.04,0
17855,1.0,1
19303,0.99,1
12214,0.03,0
11360,0.94,1
12108,0.93,1
14806,0.0,0
15975,0.02,0
16821,1.0,1
19571,1.0,1
12829,0.05,0
10425,0.02,0
10293,0.99,1
11066,1.0,1
17018,0.98,1
15735,1.0,1
15109,0.86,1
17197,0.07,0
10938,0.97,1
13780,0.0,0
16894,0.66,1
18447,0.07,0
19675,0.99,1
19137,1.0,1
19928,0.92,1
16281,1.0,1
13267,1.0,1
17347,1.0,1
17724,1.0,1
14820,0.99,1
10970,0.08,0
10497,0.01,0
15836,0.98,1
18530,0.98,1
14705,0.79,1
11149,0.25,0
15810,0.97,1
19987,0.98,1
15006,1.0,1
13969,1.0,1
12152,0.0,0
17762,0.0,0
12492,0.95,1
14816,0.96,1
12825,0.97,1
15666,1.0,1
17039,0.05,0
12276,0.1,0
18627,0.11,0
18168,1.0,1
15396,0.07,0
16271,1.0,1
13756,0.29,0
17918,0.0,0
17205,1.0,1
13212,0.0,0
14309,0.01,0
14993,0.87,1
13541,0.0,0
11942,0.0,0
13600,1.0,1
15386,0.04,0
19458,0.99,1
14439,1.0,1
12598,1.0,1
11411,1.0,1
11215,0.93,1
19159,0.92,1
19423,0.01,0
16440,0.97,1
14792,0.01,0
17597,0.95,1
16218,0.02,0
10606,0.03,0
18297,0.97,1
10646,1.0,1
15501,0.02,0
13089,1.0,1
19212,0.98,1
18284,0.97,1
15209,1.0,1
12871,0.91,1
19101,0.05,0
15571,1.0,1
15838,1.0,1
18431,0.04,0
13141,0.09,0
19135,0.97,1
19463,0.95,1
10939,1.0,1
15521,0.99,1
13230,0.28,0
11863,1.0,1
11670,0.0,0
18198,0.0,0
14344,0.99,1
13944,0.05,0
13014,0.97,1
10019,0.98,1
17575,0.04,0
16578,0.17,0
19004,1.0,1
19493,0.03,0
15432,0.08,0
18453,0.03,0
11571,0.96,1
11744,1.0,1
17010,1.0,1
10521,0.98,1
13938,0.0,0
11659,0.97,1
13473,0.07,0
12476,1.0,1
13949,0.0,0
13935,0.94,1
17154,0.91,1
10764,0.9,1
14704,0.98,1
17237,0.96,1
18028,1.0,1
14428,0.1,0
17659,1.0,1
17730,0.96,1
11092,1.0,1
13609,0.02,0
11102,0.82,1
17380,0.03,0
10959,0.03,0
10560,1.0,1
16991,0.99,1
16835,1.0,1
11520,0.0,0
18840,0.99,1
16129,0.09,0
12485,0.01,0
16635,0.99,1
10367,0.98,1
16194,0.35,0
17532,1.0,1
11949,1.0,1
19765,1.0,1
10809,0.02,0
18204,0.96,1
15014,0.98,1
17686,0.94,1
16784,0.92,1
18369,0.0,0
12570,1.0,1
13521,0.97,1
13283,0.0,0
11665,0.0,0
13371,0.09,0
16967,0.0,0
18116,1.0,1
16573,0.05,0
17928,1.0,1
14253,0.99,1
16684,0.11,0
13579,1.0,1
15947,0.99,1
16606,0.01,0
12625,0.0,0
16400,0.0,0
16102,0.95,1
19378,0.9,1
11007,1.0,1
12050,1.0,1
14012,0.06,0
10270,1.0,1
11994,0.01,0
10266,0.12,0
19107,1.0,1
18049,0.98,1
10291,1.0,1
12913,0.99,1
16543,0.91,1
19845,1.0,1
14142,0.0,0
14258,1.0,1
16872,0.97,1
10289,1.0,1
17758,1.0,1
13108,1.0,1
18070,0.02,0
16045,1.0,1
10576,0.18,0
10851,1.0,1
17484,0.99,1
15351,0.05,0
16230,1.0,1
13950,0.0,0
19293,0.96,1
17802,0.0,0
19400,1.0,1
11844,0.05,0
11849,0.96,1
13948,0.09,0
11695,0.95,1
14182,0.99,1
16370,0.93,1
10234,1.0,1
12648,1.0,1
11712,0.93,1
18375,1.0,1
15097,1.0,1
15738,0.98,1
15453,1.0,1
11463,0.01,0
10050,0.88,1
16674,0.94,1
15355,0.0,0
16005,0.99,1
17791,1.0,1
18299,0.97,1
10444,1.0,1
17657,0.02,0
14743,0.06,0
17181,0.07,0
10727,1.0,1
12239,1.0,1
17933,0.15,0
12331,0.03,0
14126,0.87,1
10170,0.95,1
11002,0.99,1
13253,1.0,1
12149,0.08,0
10198,0.14,0
16123,0.98,1
13794,0.17,0
10648,1.0,1
14141,1.0,1
12759,1.0,1
18566,0.98,1
18759,0.94,1
13486,0.0,0
11156,0.98,1
14136,1.0,1
10974,0.97,1
13288,0.97,1
17152,0.83,1
13639,0.97,1
15883,0.99,1
15595,1.0,1
16601,0.08,0
12309,0.97,1
16032,0.18,0
12045,0.0,0
14373,0.05,0
14733,1.0,1
14719,0.05,0
15956,1.0,1
10845,0.99,1
14490,1.0,1
17914,0.01,0
10350,0.99,1
16669,1.0,1
10785,0.97,1
18240,0.0,0
15752,0.9,1
14019,0.94,1
11440,0.07,0
16098,0.96,1
15086,0.98,1
16886,1.0,1
17866,0.97,1
15407,0.04,0
18226,0.09,0
10788,0.07,0
17685,0.01,0
15140,1.0,1
14578,1.0,1
15340,0.97,1
18060,0.99,1
12628,0.99,1
16626,0.93,1
10932,0.97,1
12405,0.99,1
19878,0.97,1
11249,0.1,0
14856,0.04,0
10093,1.0,1
15512,1.0,1
15438,0.07,0
12852,0.89,1
16424,0.0,0
10765,0.0,0
16749,1.0,1
15470,0.97,1
16048,0.0,0
19921,0.98,1
10258,0.99,1
17241,1.0,1
19412,0.08,0
17652,1.0,1
19354,0.99,1
18965,0.04,0
15583,0.07,0
18505,0.97,1
14860,0.97,1
12998,0.02,0
11177,1.0,1
13897,0.85,1
19542,0.83,1
13517,0.89,1
17956,0.99,1
17681,0.96,1
17085,0.06,0
18584,0.14,0
16016,0.01,0
11457,0.04,0
11093,0.91,1
16119,0.04,0
13240,0.13,0
14442,0.96,1
12584,0.04,0
17567,1.0,1
11373,1.0,1
10920,0.19,0
14308,0.9,1
15700,0.99,1
10538,0.99,1
19413,0.98,1
